session,rel_path,bytes,sha256,in_register
2026-07-23_0022_smoke,2026-07-23_0022_smoke/audio/mock/rate/0fdcc49f16.wav,417604,f396e331f05633d1205754adf3cea57180b4198729dea9378ba7b472c0f1ced9,no
2026-07-23_0022_smoke,2026-07-23_0022_smoke/audio/mock/rate/1a2f279af5.wav,390286,b36d38fb75e6e3f6cecffa0dc736948d38c751b3bdfa850fa842d13b7ca84c78,no
2026-07-23_0022_smoke,2026-07-23_0022_smoke/audio/mock/rate/29fdd15a0c.wav,405896,4a48c228298b3cccbf90adc042017235eac6a697082afbd41eb8ce740eb7e082,no
2026-07-23_0022_smoke,2026-07-23_0022_smoke/audio/mock/rate/2af79fef35.wav,290212,d2a04e2bbfcdf764bc7aa7a4bd99314f1803c1e7570100a75bee3cab1327e8c0,no
2026-07-23_0022_smoke,2026-07-23_0022_smoke/audio/mock/rate/402c37a36d.wav,317332,d3f58a694cdba5705160375415574a6f87b5d3bf49d43adc2fda5d770bc0f45e,no
2026-07-23_0022_smoke,2026-07-23_0022_smoke/audio/mock/rate/48b4b9b8db.wav,282076,a7f91ccb59a19a538303b5049774831f71d6bc5b7b44900d98edb8355219f420,no
2026-07-23_0022_smoke,2026-07-23_0022_smoke/audio/mock/rate/5e98280420.wav,417604,f396e331f05633d1205754adf3cea57180b4198729dea9378ba7b472c0f1ced9,no
2026-07-23_0022_smoke,2026-07-23_0022_smoke/audio/mock/rate/5f5cc74ad9.wav,401994,37d52ecd1015f7f845f427705906b259971ac79e4077da94a6df405995bc00c3,no
2026-07-23_0022_smoke,2026-07-23_0022_smoke/audio/mock/rate/5fe95f5ca0.wav,456628,ebb1204f5d16c5829b791c2b497d9eacf2bbba3e7d1216adeb6d3ff74ed022fd,no
2026-07-23_0022_smoke,2026-07-23_0022_smoke/audio/mock/rate/6f7b440cda.wav,279366,169775cd619cbe17889ea72f6ca3916764296bfe90370d83a69041fa65052f4a,no
2026-07-23_0022_smoke,2026-07-23_0022_smoke/audio/mock/rate/7a7cb43580.wav,456628,ebb1204f5d16c5829b791c2b497d9eacf2bbba3e7d1216adeb6d3ff74ed022fd,no
2026-07-23_0022_smoke,2026-07-23_0022_smoke/audio/mock/rate/81c68d6542.wav,317332,d3f58a694cdba5705160375415574a6f87b5d3bf49d43adc2fda5d770bc0f45e,no
2026-07-23_0022_smoke,2026-07-23_0022_smoke/audio/mock/rate/8e626fc89a.wav,290212,d2a04e2bbfcdf764bc7aa7a4bd99314f1803c1e7570100a75bee3cab1327e8c0,no
2026-07-23_0022_smoke,2026-07-23_0022_smoke/audio/mock/rate/9326ffdc1b.wav,271230,b4d15be7131e1b2ea15d370d5b1cf05e753c99d5e38323126d64166ef64ca0be,no
2026-07-23_0022_smoke,2026-07-23_0022_smoke/audio/mock/rate/b1e5906f0f.wav,282076,a7f91ccb59a19a538303b5049774831f71d6bc5b7b44900d98edb8355219f420,no
2026-07-23_0022_smoke,2026-07-23_0022_smoke/audio/mock/rate/b6d2b146cf.wav,405896,4a48c228298b3cccbf90adc042017235eac6a697082afbd41eb8ce740eb7e082,no
2026-07-23_0022_smoke,2026-07-23_0022_smoke/audio/mock/rate/b7ac806adf.wav,271230,b4d15be7131e1b2ea15d370d5b1cf05e753c99d5e38323126d64166ef64ca0be,no
2026-07-23_0022_smoke,2026-07-23_0022_smoke/audio/mock/rate/b8b7e152c3.wav,401994,37d52ecd1015f7f845f427705906b259971ac79e4077da94a6df405995bc00c3,no
2026-07-23_0022_smoke,2026-07-23_0022_smoke/audio/mock/rate/cd5faf243e.wav,390286,b36d38fb75e6e3f6cecffa0dc736948d38c751b3bdfa850fa842d13b7ca84c78,no
2026-07-23_0022_smoke,2026-07-23_0022_smoke/audio/mock/rate/e5f9dff79b.wav,279366,169775cd619cbe17889ea72f6ca3916764296bfe90370d83a69041fa65052f4a,no
2026-07-23_0022_smoke,2026-07-23_0022_smoke/audio/mock/rate_volume/1ddd3e21ae.wav,271230,b4d15be7131e1b2ea15d370d5b1cf05e753c99d5e38323126d64166ef64ca0be,no
2026-07-23_0022_smoke,2026-07-23_0022_smoke/audio/mock/rate_volume/1f6cd15d67.wav,456628,ebb1204f5d16c5829b791c2b497d9eacf2bbba3e7d1216adeb6d3ff74ed022fd,no
2026-07-23_0022_smoke,2026-07-23_0022_smoke/audio/mock/rate_volume/20e34203da.wav,279366,169775cd619cbe17889ea72f6ca3916764296bfe90370d83a69041fa65052f4a,no
2026-07-23_0022_smoke,2026-07-23_0022_smoke/audio/mock/rate_volume/2483031c48.wav,282076,a7f91ccb59a19a538303b5049774831f71d6bc5b7b44900d98edb8355219f420,no
2026-07-23_0022_smoke,2026-07-23_0022_smoke/audio/mock/rate_volume/2595a52ac5.wav,279366,169775cd619cbe17889ea72f6ca3916764296bfe90370d83a69041fa65052f4a,no
2026-07-23_0022_smoke,2026-07-23_0022_smoke/audio/mock/rate_volume/30806a2908.wav,405896,4a48c228298b3cccbf90adc042017235eac6a697082afbd41eb8ce740eb7e082,no
2026-07-23_0022_smoke,2026-07-23_0022_smoke/audio/mock/rate_volume/5cc8d2cf4f.wav,317332,d3f58a694cdba5705160375415574a6f87b5d3bf49d43adc2fda5d770bc0f45e,no
2026-07-23_0022_smoke,2026-07-23_0022_smoke/audio/mock/rate_volume/68da07f37c.wav,456628,ebb1204f5d16c5829b791c2b497d9eacf2bbba3e7d1216adeb6d3ff74ed022fd,no
2026-07-23_0022_smoke,2026-07-23_0022_smoke/audio/mock/rate_volume/69315880d7.wav,290212,d2a04e2bbfcdf764bc7aa7a4bd99314f1803c1e7570100a75bee3cab1327e8c0,no
2026-07-23_0022_smoke,2026-07-23_0022_smoke/audio/mock/rate_volume/72592325a8.wav,401994,37d52ecd1015f7f845f427705906b259971ac79e4077da94a6df405995bc00c3,no
2026-07-23_0022_smoke,2026-07-23_0022_smoke/audio/mock/rate_volume/7e4c13822d.wav,390286,b36d38fb75e6e3f6cecffa0dc736948d38c751b3bdfa850fa842d13b7ca84c78,no
2026-07-23_0022_smoke,2026-07-23_0022_smoke/audio/mock/rate_volume/7f59dd2699.wav,317332,d3f58a694cdba5705160375415574a6f87b5d3bf49d43adc2fda5d770bc0f45e,no
2026-07-23_0022_smoke,2026-07-23_0022_smoke/audio/mock/rate_volume/94bd89a757.wav,390286,b36d38fb75e6e3f6cecffa0dc736948d38c751b3bdfa850fa842d13b7ca84c78,no
2026-07-23_0022_smoke,2026-07-23_0022_smoke/audio/mock/rate_volume/9d32aff5a9.wav,417604,f396e331f05633d1205754adf3cea57180b4198729dea9378ba7b472c0f1ced9,no
2026-07-23_0022_smoke,2026-07-23_0022_smoke/audio/mock/rate_volume/afd5e9aa3f.wav,290212,d2a04e2bbfcdf764bc7aa7a4bd99314f1803c1e7570100a75bee3cab1327e8c0,no
2026-07-23_0022_smoke,2026-07-23_0022_smoke/audio/mock/rate_volume/d84bf71bf1.wav,282076,a7f91ccb59a19a538303b5049774831f71d6bc5b7b44900d98edb8355219f420,no
2026-07-23_0022_smoke,2026-07-23_0022_smoke/audio/mock/rate_volume/e0942fc527.wav,271230,b4d15be7131e1b2ea15d370d5b1cf05e753c99d5e38323126d64166ef64ca0be,no
2026-07-23_0022_smoke,2026-07-23_0022_smoke/audio/mock/rate_volume/e3df9e2694.wav,417604,f396e331f05633d1205754adf3cea57180b4198729dea9378ba7b472c0f1ced9,no
2026-07-23_0022_smoke,2026-07-23_0022_smoke/audio/mock/rate_volume/e5a1149337.wav,405896,4a48c228298b3cccbf90adc042017235eac6a697082afbd41eb8ce740eb7e082,no
2026-07-23_0022_smoke,2026-07-23_0022_smoke/audio/mock/rate_volume/ff2ea89875.wav,401994,37d52ecd1015f7f845f427705906b259971ac79e4077da94a6df405995bc00c3,no
2026-07-23_0022_smoke,2026-07-23_0022_smoke/audio/mock/rate_volume_pitch/08b30f7d8c.wav,401994,37d52ecd1015f7f845f427705906b259971ac79e4077da94a6df405995bc00c3,no
2026-07-23_0022_smoke,2026-07-23_0022_smoke/audio/mock/rate_volume_pitch/0dd00660cb.wav,290212,d2a04e2bbfcdf764bc7aa7a4bd99314f1803c1e7570100a75bee3cab1327e8c0,no
2026-07-23_0022_smoke,2026-07-23_0022_smoke/audio/mock/rate_volume_pitch/22ed42a2d5.wav,456628,ebb1204f5d16c5829b791c2b497d9eacf2bbba3e7d1216adeb6d3ff74ed022fd,no
2026-07-23_0022_smoke,2026-07-23_0022_smoke/audio/mock/rate_volume_pitch/2663118a63.wav,405896,4a48c228298b3cccbf90adc042017235eac6a697082afbd41eb8ce740eb7e082,no
2026-07-23_0022_smoke,2026-07-23_0022_smoke/audio/mock/rate_volume_pitch/4e7e2ae698.wav,390286,b36d38fb75e6e3f6cecffa0dc736948d38c751b3bdfa850fa842d13b7ca84c78,no
2026-07-23_0022_smoke,2026-07-23_0022_smoke/audio/mock/rate_volume_pitch/6c5267bfd3.wav,279366,169775cd619cbe17889ea72f6ca3916764296bfe90370d83a69041fa65052f4a,no
2026-07-23_0022_smoke,2026-07-23_0022_smoke/audio/mock/rate_volume_pitch/741d87b62d.wav,417604,f396e331f05633d1205754adf3cea57180b4198729dea9378ba7b472c0f1ced9,no
2026-07-23_0022_smoke,2026-07-23_0022_smoke/audio/mock/rate_volume_pitch/7dee960c4b.wav,390286,b36d38fb75e6e3f6cecffa0dc736948d38c751b3bdfa850fa842d13b7ca84c78,no
2026-07-23_0022_smoke,2026-07-23_0022_smoke/audio/mock/rate_volume_pitch/ac76d78aff.wav,456628,ebb1204f5d16c5829b791c2b497d9eacf2bbba3e7d1216adeb6d3ff74ed022fd,no
2026-07-23_0022_smoke,2026-07-23_0022_smoke/audio/mock/rate_volume_pitch/b18c732468.wav,317332,d3f58a694cdba5705160375415574a6f87b5d3bf49d43adc2fda5d770bc0f45e,no
2026-07-23_0022_smoke,2026-07-23_0022_smoke/audio/mock/rate_volume_pitch/b418e25053.wav,279366,169775cd619cbe17889ea72f6ca3916764296bfe90370d83a69041fa65052f4a,no
2026-07-23_0022_smoke,2026-07-23_0022_smoke/audio/mock/rate_volume_pitch/b863cddbaa.wav,271230,b4d15be7131e1b2ea15d370d5b1cf05e753c99d5e38323126d64166ef64ca0be,no
2026-07-23_0022_smoke,2026-07-23_0022_smoke/audio/mock/rate_volume_pitch/b9b134d43f.wav,405896,4a48c228298b3cccbf90adc042017235eac6a697082afbd41eb8ce740eb7e082,no
2026-07-23_0022_smoke,2026-07-23_0022_smoke/audio/mock/rate_volume_pitch/bafb95cd6f.wav,317332,d3f58a694cdba5705160375415574a6f87b5d3bf49d43adc2fda5d770bc0f45e,no
2026-07-23_0022_smoke,2026-07-23_0022_smoke/audio/mock/rate_volume_pitch/c1b779038f.wav,282076,a7f91ccb59a19a538303b5049774831f71d6bc5b7b44900d98edb8355219f420,no
2026-07-23_0022_smoke,2026-07-23_0022_smoke/audio/mock/rate_volume_pitch/c3d3706ea7.wav,271230,b4d15be7131e1b2ea15d370d5b1cf05e753c99d5e38323126d64166ef64ca0be,no
2026-07-23_0022_smoke,2026-07-23_0022_smoke/audio/mock/rate_volume_pitch/c68c39a2dd.wav,290212,d2a04e2bbfcdf764bc7aa7a4bd99314f1803c1e7570100a75bee3cab1327e8c0,no
2026-07-23_0022_smoke,2026-07-23_0022_smoke/audio/mock/rate_volume_pitch/dc7f2d8e60.wav,417604,f396e331f05633d1205754adf3cea57180b4198729dea9378ba7b472c0f1ced9,no
2026-07-23_0022_smoke,2026-07-23_0022_smoke/audio/mock/rate_volume_pitch/dd09035102.wav,401994,37d52ecd1015f7f845f427705906b259971ac79e4077da94a6df405995bc00c3,no
2026-07-23_0022_smoke,2026-07-23_0022_smoke/audio/mock/rate_volume_pitch/e67a135867.wav,282076,a7f91ccb59a19a538303b5049774831f71d6bc5b7b44900d98edb8355219f420,no
2026-07-23_0041_sapi_ab,2026-07-23_0041_sapi_ab/audio/sapi5xml/rate/S01_Q1.wav,157950,c646691dcf587bdbacc80459b169fa5cd740187f125cc3c20abfc2f03eaba59d,no
2026-07-23_0041_sapi_ab,2026-07-23_0041_sapi_ab/audio/sapi5xml/rate/S01_Q2.wav,157950,c646691dcf587bdbacc80459b169fa5cd740187f125cc3c20abfc2f03eaba59d,no
2026-07-23_0041_sapi_ab,2026-07-23_0041_sapi_ab/audio/sapi5xml/rate/S01_Q3.wav,606332,33e90b56201fdb5eae7b549fc59233c2065daa2b3790c1032743e45ce8b383be,no
2026-07-23_0041_sapi_ab,2026-07-23_0041_sapi_ab/audio/sapi5xml/rate/S01_Q4.wav,606332,33e90b56201fdb5eae7b549fc59233c2065daa2b3790c1032743e45ce8b383be,no
2026-07-23_0041_sapi_ab,2026-07-23_0041_sapi_ab/audio/sapi5xml/rate/S02_Q1.wav,150392,f7faa55f628d4a9cc37234132d8185ce3047b844aa461e0a8e816421acc0cd57,no
2026-07-23_0041_sapi_ab,2026-07-23_0041_sapi_ab/audio/sapi5xml/rate/S02_Q2.wav,150392,f7faa55f628d4a9cc37234132d8185ce3047b844aa461e0a8e816421acc0cd57,no
2026-07-23_0041_sapi_ab,2026-07-23_0041_sapi_ab/audio/sapi5xml/rate/S02_Q3.wav,573500,632a9685c4e6392f57c9e94be5b246d906d4b4d899dddf4446d924dab6b3a297,no
2026-07-23_0041_sapi_ab,2026-07-23_0041_sapi_ab/audio/sapi5xml/rate/S02_Q4.wav,573500,632a9685c4e6392f57c9e94be5b246d906d4b4d899dddf4446d924dab6b3a297,no
2026-07-23_0041_sapi_ab,2026-07-23_0041_sapi_ab/audio/sapi5xml/rate/S03_Q1.wav,144566,465a7b4d7f5c29cea7759f43c4ea7dca7356202793bed37cf87d08e05ad7d6ab,no
2026-07-23_0041_sapi_ab,2026-07-23_0041_sapi_ab/audio/sapi5xml/rate/S03_Q2.wav,144566,465a7b4d7f5c29cea7759f43c4ea7dca7356202793bed37cf87d08e05ad7d6ab,no
2026-07-23_0041_sapi_ab,2026-07-23_0041_sapi_ab/audio/sapi5xml/rate/S03_Q3.wav,552760,5ebbdd243d06af9cba28de62f14ddf5751b0197c19e1649f1915d179e064ef54,no
2026-07-23_0041_sapi_ab,2026-07-23_0041_sapi_ab/audio/sapi5xml/rate/S03_Q4.wav,552760,5ebbdd243d06af9cba28de62f14ddf5751b0197c19e1649f1915d179e064ef54,no
2026-07-23_0041_sapi_ab,2026-07-23_0041_sapi_ab/audio/sapi5xml/rate/S04_Q1.wav,127796,e8503194a67fa26b13bbc5f11a9b2b462e73504290f71f06adce2a088a770df9,no
2026-07-23_0041_sapi_ab,2026-07-23_0041_sapi_ab/audio/sapi5xml/rate/S04_Q2.wav,127796,e8503194a67fa26b13bbc5f11a9b2b462e73504290f71f06adce2a088a770df9,no
2026-07-23_0041_sapi_ab,2026-07-23_0041_sapi_ab/audio/sapi5xml/rate/S04_Q3.wav,489480,93399987a627fac12ffca473174c6ab345f37e8bb381ee9dad0e532553b600e3,no
2026-07-23_0041_sapi_ab,2026-07-23_0041_sapi_ab/audio/sapi5xml/rate/S04_Q4.wav,489480,93399987a627fac12ffca473174c6ab345f37e8bb381ee9dad0e532553b600e3,no
2026-07-23_0041_sapi_ab,2026-07-23_0041_sapi_ab/audio/sapi5xml/rate/S05_Q1.wav,148164,a954e3c48f8ba43107fbb5c1dac402d64a1760d77116363e51cc05db4b2ea2ad,no
2026-07-23_0041_sapi_ab,2026-07-23_0041_sapi_ab/audio/sapi5xml/rate/S05_Q2.wav,148164,a954e3c48f8ba43107fbb5c1dac402d64a1760d77116363e51cc05db4b2ea2ad,no
2026-07-23_0041_sapi_ab,2026-07-23_0041_sapi_ab/audio/sapi5xml/rate/S05_Q3.wav,569302,44965209cb83988d5cd70bf9b4ab6d12f952caed26aaca791f9c931e1727ad51,no
2026-07-23_0041_sapi_ab,2026-07-23_0041_sapi_ab/audio/sapi5xml/rate/S05_Q4.wav,569302,44965209cb83988d5cd70bf9b4ab6d12f952caed26aaca791f9c931e1727ad51,no
2026-07-23_0041_sapi_ab,2026-07-23_0041_sapi_ab/audio/sapi5xml/rate_volume/S01_Q1.wav,157950,4b6a8aaf8a828d1341e21c4833a123a70795747f359a3f9ecab3312077955e40,no
2026-07-23_0041_sapi_ab,2026-07-23_0041_sapi_ab/audio/sapi5xml/rate_volume/S01_Q2.wav,157950,4b6a8aaf8a828d1341e21c4833a123a70795747f359a3f9ecab3312077955e40,no
2026-07-23_0041_sapi_ab,2026-07-23_0041_sapi_ab/audio/sapi5xml/rate_volume/S01_Q3.wav,606332,a94e8277bd2d6adcb35476ad2e3b5c507ca65bc84d8e5ab9f437e1fa33daef6f,no
2026-07-23_0041_sapi_ab,2026-07-23_0041_sapi_ab/audio/sapi5xml/rate_volume/S01_Q4.wav,606332,a94e8277bd2d6adcb35476ad2e3b5c507ca65bc84d8e5ab9f437e1fa33daef6f,no
2026-07-23_0041_sapi_ab,2026-07-23_0041_sapi_ab/audio/sapi5xml/rate_volume/S02_Q1.wav,150392,b14e853234f9bf6a7de1940a14fe6ae8e455b2631cb21b4afdc5b741a6d90fe5,no
2026-07-23_0041_sapi_ab,2026-07-23_0041_sapi_ab/audio/sapi5xml/rate_volume/S02_Q2.wav,150392,b14e853234f9bf6a7de1940a14fe6ae8e455b2631cb21b4afdc5b741a6d90fe5,no
2026-07-23_0041_sapi_ab,2026-07-23_0041_sapi_ab/audio/sapi5xml/rate_volume/S02_Q3.wav,573500,5b0dbb2930c2a5223761c075591fde1e65bd3b2a1f268be06ccd1a7e2d67116f,no
2026-07-23_0041_sapi_ab,2026-07-23_0041_sapi_ab/audio/sapi5xml/rate_volume/S02_Q4.wav,573500,5b0dbb2930c2a5223761c075591fde1e65bd3b2a1f268be06ccd1a7e2d67116f,no
2026-07-23_0041_sapi_ab,2026-07-23_0041_sapi_ab/audio/sapi5xml/rate_volume/S03_Q1.wav,144566,7ed2070b40c2a9ef5c2bc293a679722bf3b2cefe09bc812526d340b782afe2dc,no
2026-07-23_0041_sapi_ab,2026-07-23_0041_sapi_ab/audio/sapi5xml/rate_volume/S03_Q2.wav,144566,7ed2070b40c2a9ef5c2bc293a679722bf3b2cefe09bc812526d340b782afe2dc,no
2026-07-23_0041_sapi_ab,2026-07-23_0041_sapi_ab/audio/sapi5xml/rate_volume/S03_Q3.wav,552760,9e8dba44cef0c75c87b871384ce46f9ded4d0c8c51448ffda4d669bb224751e9,no
2026-07-23_0041_sapi_ab,2026-07-23_0041_sapi_ab/audio/sapi5xml/rate_volume/S03_Q4.wav,552760,9e8dba44cef0c75c87b871384ce46f9ded4d0c8c51448ffda4d669bb224751e9,no
2026-07-23_0041_sapi_ab,2026-07-23_0041_sapi_ab/audio/sapi5xml/rate_volume/S04_Q1.wav,127796,f3f062fa3554303a4bef9317414a6d5ae7a8dc3506b56c8ea811fe18d80ab114,no
2026-07-23_0041_sapi_ab,2026-07-23_0041_sapi_ab/audio/sapi5xml/rate_volume/S04_Q2.wav,127796,f3f062fa3554303a4bef9317414a6d5ae7a8dc3506b56c8ea811fe18d80ab114,no
2026-07-23_0041_sapi_ab,2026-07-23_0041_sapi_ab/audio/sapi5xml/rate_volume/S04_Q3.wav,489480,c3cd83f3cd56c520427a7e76ed8ad8cc47cec63c7b03786226f8e5473d5c0a57,no
2026-07-23_0041_sapi_ab,2026-07-23_0041_sapi_ab/audio/sapi5xml/rate_volume/S04_Q4.wav,489480,c3cd83f3cd56c520427a7e76ed8ad8cc47cec63c7b03786226f8e5473d5c0a57,no
2026-07-23_0041_sapi_ab,2026-07-23_0041_sapi_ab/audio/sapi5xml/rate_volume/S05_Q1.wav,148164,95b327c004a81109817ae566e6083b821b24879a9c30b5f55cb5653df41a9075,no
2026-07-23_0041_sapi_ab,2026-07-23_0041_sapi_ab/audio/sapi5xml/rate_volume/S05_Q2.wav,148164,95b327c004a81109817ae566e6083b821b24879a9c30b5f55cb5653df41a9075,no
2026-07-23_0041_sapi_ab,2026-07-23_0041_sapi_ab/audio/sapi5xml/rate_volume/S05_Q3.wav,569302,246abe4426677fbef9d93b965b7558f4abc31671597dc602bcf8c078c1ce172e,no
2026-07-23_0041_sapi_ab,2026-07-23_0041_sapi_ab/audio/sapi5xml/rate_volume/S05_Q4.wav,569302,246abe4426677fbef9d93b965b7558f4abc31671597dc602bcf8c078c1ce172e,no
2026-07-23_0041_sapi_ab,2026-07-23_0041_sapi_ab/audio/sapi5xml/rate_volume_pitch/S01_Q1.wav,157958,5188a29d5c52a8bc44b5edfa920a537ed9e5fa88207a74325fa80e40d8bc40e1,no
2026-07-23_0041_sapi_ab,2026-07-23_0041_sapi_ab/audio/sapi5xml/rate_volume_pitch/S01_Q2.wav,157938,c3a0ea9be3f32344d314c8c8da1b6fadea0e58fb5197df71e02589e028a88d27,no
2026-07-23_0041_sapi_ab,2026-07-23_0041_sapi_ab/audio/sapi5xml/rate_volume_pitch/S01_Q3.wav,606332,785eee2ba3d8e7351c713bfc8eb4c96774f29db89077c6e53b1069b5633a0833,no
2026-07-23_0041_sapi_ab,2026-07-23_0041_sapi_ab/audio/sapi5xml/rate_volume_pitch/S01_Q4.wav,606332,664ad6344ff39afdae4f80a53bfe4c7d1ff9c054102805c2db3550127906e3fa,no
2026-07-23_0041_sapi_ab,2026-07-23_0041_sapi_ab/audio/sapi5xml/rate_volume_pitch/S02_Q1.wav,150420,2b860b5a5adabc2fdbc3b1c68bf13dd1778debe5392aa19c71d520875ae39fea,no
2026-07-23_0041_sapi_ab,2026-07-23_0041_sapi_ab/audio/sapi5xml/rate_volume_pitch/S02_Q2.wav,150410,71b2d2b1a143944c739842f57227e97ac0123c8f77e016633b253d198faf50c4,no
2026-07-23_0041_sapi_ab,2026-07-23_0041_sapi_ab/audio/sapi5xml/rate_volume_pitch/S02_Q3.wav,573500,780ed4e4721b361d30c67a0a2f27b2b2988240f53b05e2ec38281c535f8f373f,no
2026-07-23_0041_sapi_ab,2026-07-23_0041_sapi_ab/audio/sapi5xml/rate_volume_pitch/S02_Q4.wav,573500,46ec20f7c56b82e4bd58e21c4c777c3082469b02300cc13665aa78467d29d410,no
2026-07-23_0041_sapi_ab,2026-07-23_0041_sapi_ab/audio/sapi5xml/rate_volume_pitch/S03_Q1.wav,144602,58a720505c00378b60f7e7ae0d3aec49969715e9b3b82d31adc04a4418470acb,no
2026-07-23_0041_sapi_ab,2026-07-23_0041_sapi_ab/audio/sapi5xml/rate_volume_pitch/S03_Q2.wav,144560,123c7f3c00414caf86dac561ec3bc0cf82800d2b7dc8039e3de066b68974ffab,no
2026-07-23_0041_sapi_ab,2026-07-23_0041_sapi_ab/audio/sapi5xml/rate_volume_pitch/S03_Q3.wav,552760,72dba3c7f2f1b240b88ecd3105bac2c8a16fdc46bffb9d9f0b8c53dc2eee57fa,no
2026-07-23_0041_sapi_ab,2026-07-23_0041_sapi_ab/audio/sapi5xml/rate_volume_pitch/S03_Q4.wav,552760,e64336d38acc1d476c9e41f6d412ea6b2a219ce9187082df65eb0f5eef561339,no
2026-07-23_0041_sapi_ab,2026-07-23_0041_sapi_ab/audio/sapi5xml/rate_volume_pitch/S04_Q1.wav,127840,55c37f108dd0a5eb2a3000875f51afbe0c7c8e860ae7cae2602ee58b6d0ffc0c,no
2026-07-23_0041_sapi_ab,2026-07-23_0041_sapi_ab/audio/sapi5xml/rate_volume_pitch/S04_Q2.wav,127822,f972ee72658762cb50d8440fdcfe3e72db6478e2ad43dd29d1de840f9f47068a,no
2026-07-23_0041_sapi_ab,2026-07-23_0041_sapi_ab/audio/sapi5xml/rate_volume_pitch/S04_Q3.wav,489480,f887cd7cf9ca7ea44209b27d1b144fe263725375a99f611023bd91ea6de9d52f,no
2026-07-23_0041_sapi_ab,2026-07-23_0041_sapi_ab/audio/sapi5xml/rate_volume_pitch/S04_Q4.wav,489480,6b02610a26f8c5751cea1c02265d4067a218728edaae76f2930188f03656fcf5,no
2026-07-23_0041_sapi_ab,2026-07-23_0041_sapi_ab/audio/sapi5xml/rate_volume_pitch/S05_Q1.wav,148168,fe434055bb2431f5c3ac76c59c63edf3dc0b9b9cea9292c3c1458c4c09de59b5,no
2026-07-23_0041_sapi_ab,2026-07-23_0041_sapi_ab/audio/sapi5xml/rate_volume_pitch/S05_Q2.wav,148180,d00c9dc762a33ead75788989143e7a8d4d05da9e267368a3071fbd9606a03c2f,no
2026-07-23_0041_sapi_ab,2026-07-23_0041_sapi_ab/audio/sapi5xml/rate_volume_pitch/S05_Q3.wav,569302,604bc9b04669b0e4adec71bb65b9b5b7a66e075b2808f8725683824f9136d22b,no
2026-07-23_0041_sapi_ab,2026-07-23_0041_sapi_ab/audio/sapi5xml/rate_volume_pitch/S05_Q4.wav,569302,b773c66bf3f0bb00186d032da8282e7d26533b12f28ff08db603a238cd16ec94,no
2026-07-23_0920_sapi_v0.2_neutral,2026-07-23_0920_sapi_v0.2_neutral/audio/sapi5xml/neutral/S01_Q1.wav,318150,3740bc1248a74957ce62af5de35b7ed01605a2efc88d1dec08335bf7befa6807,no
2026-07-23_0920_sapi_v0.2_neutral,2026-07-23_0920_sapi_v0.2_neutral/audio/sapi5xml/neutral/S01_Q2.wav,318150,3740bc1248a74957ce62af5de35b7ed01605a2efc88d1dec08335bf7befa6807,no
2026-07-23_0920_sapi_v0.2_neutral,2026-07-23_0920_sapi_v0.2_neutral/audio/sapi5xml/neutral/S01_Q3.wav,318150,3740bc1248a74957ce62af5de35b7ed01605a2efc88d1dec08335bf7befa6807,no
2026-07-23_0920_sapi_v0.2_neutral,2026-07-23_0920_sapi_v0.2_neutral/audio/sapi5xml/neutral/S01_Q4.wav,318150,3740bc1248a74957ce62af5de35b7ed01605a2efc88d1dec08335bf7befa6807,no
2026-07-23_0920_sapi_v0.2_neutral,2026-07-23_0920_sapi_v0.2_neutral/audio/sapi5xml/neutral/S02_Q1.wav,300952,e12324ec2dc936ddc4df87c513279dabf96bf5a23d908057b7bdd01f832f1aca,no
2026-07-23_0920_sapi_v0.2_neutral,2026-07-23_0920_sapi_v0.2_neutral/audio/sapi5xml/neutral/S02_Q2.wav,300952,e12324ec2dc936ddc4df87c513279dabf96bf5a23d908057b7bdd01f832f1aca,no
2026-07-23_0920_sapi_v0.2_neutral,2026-07-23_0920_sapi_v0.2_neutral/audio/sapi5xml/neutral/S02_Q3.wav,300952,e12324ec2dc936ddc4df87c513279dabf96bf5a23d908057b7bdd01f832f1aca,no
2026-07-23_0920_sapi_v0.2_neutral,2026-07-23_0920_sapi_v0.2_neutral/audio/sapi5xml/neutral/S02_Q4.wav,300952,e12324ec2dc936ddc4df87c513279dabf96bf5a23d908057b7bdd01f832f1aca,no
2026-07-23_0920_sapi_v0.2_neutral,2026-07-23_0920_sapi_v0.2_neutral/audio/sapi5xml/neutral/S03_Q1.wav,290150,47dbf1eac42dcfeb06e86d9964edcecbfa46d489f0d4c513857dcb4bf2b1291a,no
2026-07-23_0920_sapi_v0.2_neutral,2026-07-23_0920_sapi_v0.2_neutral/audio/sapi5xml/neutral/S03_Q2.wav,290150,47dbf1eac42dcfeb06e86d9964edcecbfa46d489f0d4c513857dcb4bf2b1291a,no
2026-07-23_0920_sapi_v0.2_neutral,2026-07-23_0920_sapi_v0.2_neutral/audio/sapi5xml/neutral/S03_Q3.wav,290150,47dbf1eac42dcfeb06e86d9964edcecbfa46d489f0d4c513857dcb4bf2b1291a,no
2026-07-23_0920_sapi_v0.2_neutral,2026-07-23_0920_sapi_v0.2_neutral/audio/sapi5xml/neutral/S03_Q4.wav,290150,47dbf1eac42dcfeb06e86d9964edcecbfa46d489f0d4c513857dcb4bf2b1291a,no
2026-07-23_0920_sapi_v0.2_neutral,2026-07-23_0920_sapi_v0.2_neutral/audio/sapi5xml/neutral/S04_Q1.wav,257294,4de2fe6171921f638f498083f3a3a5e531731aa011041625f1b0d1cc415bb269,no
2026-07-23_0920_sapi_v0.2_neutral,2026-07-23_0920_sapi_v0.2_neutral/audio/sapi5xml/neutral/S04_Q2.wav,257294,4de2fe6171921f638f498083f3a3a5e531731aa011041625f1b0d1cc415bb269,no
2026-07-23_0920_sapi_v0.2_neutral,2026-07-23_0920_sapi_v0.2_neutral/audio/sapi5xml/neutral/S04_Q3.wav,257294,4de2fe6171921f638f498083f3a3a5e531731aa011041625f1b0d1cc415bb269,no
2026-07-23_0920_sapi_v0.2_neutral,2026-07-23_0920_sapi_v0.2_neutral/audio/sapi5xml/neutral/S04_Q4.wav,257294,4de2fe6171921f638f498083f3a3a5e531731aa011041625f1b0d1cc415bb269,no
2026-07-23_0920_sapi_v0.2_neutral,2026-07-23_0920_sapi_v0.2_neutral/audio/sapi5xml/neutral/S05_Q1.wav,297878,91b5fd11bbc8430f905633124340a65eddf3ae0409fb49392e6d0d5357d81576,no
2026-07-23_0920_sapi_v0.2_neutral,2026-07-23_0920_sapi_v0.2_neutral/audio/sapi5xml/neutral/S05_Q2.wav,297878,91b5fd11bbc8430f905633124340a65eddf3ae0409fb49392e6d0d5357d81576,no
2026-07-23_0920_sapi_v0.2_neutral,2026-07-23_0920_sapi_v0.2_neutral/audio/sapi5xml/neutral/S05_Q3.wav,297878,91b5fd11bbc8430f905633124340a65eddf3ae0409fb49392e6d0d5357d81576,no
2026-07-23_0920_sapi_v0.2_neutral,2026-07-23_0920_sapi_v0.2_neutral/audio/sapi5xml/neutral/S05_Q4.wav,297878,91b5fd11bbc8430f905633124340a65eddf3ae0409fb49392e6d0d5357d81576,no
2026-07-23_0920_sapi_v0.2_neutral,2026-07-23_0920_sapi_v0.2_neutral/audio/sapi5xml/rate/S01_Q1.wav,248060,ede77abfc4c3d3c3a650381d979ad1646a27b889b67190467bdc94396649dc93,no
2026-07-23_0920_sapi_v0.2_neutral,2026-07-23_0920_sapi_v0.2_neutral/audio/sapi5xml/rate/S01_Q2.wav,248060,ede77abfc4c3d3c3a650381d979ad1646a27b889b67190467bdc94396649dc93,no
2026-07-23_0920_sapi_v0.2_neutral,2026-07-23_0920_sapi_v0.2_neutral/audio/sapi5xml/rate/S01_Q3.wav,386058,90c0e0831c941aa234c1edfa219ad1111d28939651da3edad4671aa0b979a53d,no
2026-07-23_0920_sapi_v0.2_neutral,2026-07-23_0920_sapi_v0.2_neutral/audio/sapi5xml/rate/S01_Q4.wav,386058,90c0e0831c941aa234c1edfa219ad1111d28939651da3edad4671aa0b979a53d,no
2026-07-23_0920_sapi_v0.2_neutral,2026-07-23_0920_sapi_v0.2_neutral/audio/sapi5xml/rate/S02_Q1.wav,234646,96c282b231d821dafa925be70fb52aea3d1f77246a69c71fdc3ef4300aaddc6e,no
2026-07-23_0920_sapi_v0.2_neutral,2026-07-23_0920_sapi_v0.2_neutral/audio/sapi5xml/rate/S02_Q2.wav,234646,96c282b231d821dafa925be70fb52aea3d1f77246a69c71fdc3ef4300aaddc6e,no
2026-07-23_0920_sapi_v0.2_neutral,2026-07-23_0920_sapi_v0.2_neutral/audio/sapi5xml/rate/S02_Q3.wav,367320,eb9b5d24d2b376f1d93362b2c28087715b2723ae89cb846de6138f92149abc85,no
2026-07-23_0920_sapi_v0.2_neutral,2026-07-23_0920_sapi_v0.2_neutral/audio/sapi5xml/rate/S02_Q4.wav,367320,eb9b5d24d2b376f1d93362b2c28087715b2723ae89cb846de6138f92149abc85,no
2026-07-23_0920_sapi_v0.2_neutral,2026-07-23_0920_sapi_v0.2_neutral/audio/sapi5xml/rate/S03_Q1.wav,226644,48f38f269bcdf65e88f3971721118b104ceff377618610e2ad9b8501531a98ed,no
2026-07-23_0920_sapi_v0.2_neutral,2026-07-23_0920_sapi_v0.2_neutral/audio/sapi5xml/rate/S03_Q2.wav,226644,48f38f269bcdf65e88f3971721118b104ceff377618610e2ad9b8501531a98ed,no
2026-07-23_0920_sapi_v0.2_neutral,2026-07-23_0920_sapi_v0.2_neutral/audio/sapi5xml/rate/S03_Q3.wav,352106,3ff48d1fc2620fc4afcf9ab70b98a26ab13559ae83d190105486d42d157458ba,no
2026-07-23_0920_sapi_v0.2_neutral,2026-07-23_0920_sapi_v0.2_neutral/audio/sapi5xml/rate/S03_Q4.wav,352106,3ff48d1fc2620fc4afcf9ab70b98a26ab13559ae83d190105486d42d157458ba,no
2026-07-23_0920_sapi_v0.2_neutral,2026-07-23_0920_sapi_v0.2_neutral/audio/sapi5xml/rate/S04_Q1.wav,200376,1e0532f1e185c710db639534c2e70002156978107a8d6d786ad07d6adc0aa87f,no
2026-07-23_0920_sapi_v0.2_neutral,2026-07-23_0920_sapi_v0.2_neutral/audio/sapi5xml/rate/S04_Q2.wav,200376,1e0532f1e185c710db639534c2e70002156978107a8d6d786ad07d6adc0aa87f,no
2026-07-23_0920_sapi_v0.2_neutral,2026-07-23_0920_sapi_v0.2_neutral/audio/sapi5xml/rate/S04_Q3.wav,312418,eb71b0b100b6af4e336acb585d5c9f636738e02bc2a8048af3a36fc38593ad76,no
2026-07-23_0920_sapi_v0.2_neutral,2026-07-23_0920_sapi_v0.2_neutral/audio/sapi5xml/rate/S04_Q4.wav,312418,eb71b0b100b6af4e336acb585d5c9f636738e02bc2a8048af3a36fc38593ad76,no
2026-07-23_0920_sapi_v0.2_neutral,2026-07-23_0920_sapi_v0.2_neutral/audio/sapi5xml/rate/S05_Q1.wav,232172,fade973ceb4a84e42886f334ea3c0a80fa39580eb37f017c7ca6bfb765139501,no
2026-07-23_0920_sapi_v0.2_neutral,2026-07-23_0920_sapi_v0.2_neutral/audio/sapi5xml/rate/S05_Q2.wav,232172,fade973ceb4a84e42886f334ea3c0a80fa39580eb37f017c7ca6bfb765139501,no
2026-07-23_0920_sapi_v0.2_neutral,2026-07-23_0920_sapi_v0.2_neutral/audio/sapi5xml/rate/S05_Q3.wav,362474,884ec346c3b0a31261d6a7f0d8f3463e385b051dd9ddbdf0ff61bce46bdbaa13,no
2026-07-23_0920_sapi_v0.2_neutral,2026-07-23_0920_sapi_v0.2_neutral/audio/sapi5xml/rate/S05_Q4.wav,362474,884ec346c3b0a31261d6a7f0d8f3463e385b051dd9ddbdf0ff61bce46bdbaa13,no
2026-07-23_0920_sapi_v0.2_neutral,2026-07-23_0920_sapi_v0.2_neutral/audio/sapi5xml/rate_volume/S01_Q1.wav,248060,915de849a0a199fbeed46e4e99f335363fb3fa8e2ca7bc1a032c95c9e817b68a,no
2026-07-23_0920_sapi_v0.2_neutral,2026-07-23_0920_sapi_v0.2_neutral/audio/sapi5xml/rate_volume/S01_Q2.wav,248060,915de849a0a199fbeed46e4e99f335363fb3fa8e2ca7bc1a032c95c9e817b68a,no
2026-07-23_0920_sapi_v0.2_neutral,2026-07-23_0920_sapi_v0.2_neutral/audio/sapi5xml/rate_volume/S01_Q3.wav,386058,f1a231f31313a93268df7776376cf46ffc7f92fd1d06cbacc036c99ce0020f8c,no
2026-07-23_0920_sapi_v0.2_neutral,2026-07-23_0920_sapi_v0.2_neutral/audio/sapi5xml/rate_volume/S01_Q4.wav,386058,f1a231f31313a93268df7776376cf46ffc7f92fd1d06cbacc036c99ce0020f8c,no
2026-07-23_0920_sapi_v0.2_neutral,2026-07-23_0920_sapi_v0.2_neutral/audio/sapi5xml/rate_volume/S02_Q1.wav,234646,73e1013b98c7fe878a33ef84ddf851d33f54b52f2d72a31bbca8ff3e6c2f32d0,no
2026-07-23_0920_sapi_v0.2_neutral,2026-07-23_0920_sapi_v0.2_neutral/audio/sapi5xml/rate_volume/S02_Q2.wav,234646,73e1013b98c7fe878a33ef84ddf851d33f54b52f2d72a31bbca8ff3e6c2f32d0,no
2026-07-23_0920_sapi_v0.2_neutral,2026-07-23_0920_sapi_v0.2_neutral/audio/sapi5xml/rate_volume/S02_Q3.wav,367320,b99bd97c166ddc8f3cce0f062dcde676ee3afe9c09d0bc2b9e935a4c6840a616,no
2026-07-23_0920_sapi_v0.2_neutral,2026-07-23_0920_sapi_v0.2_neutral/audio/sapi5xml/rate_volume/S02_Q4.wav,367320,b99bd97c166ddc8f3cce0f062dcde676ee3afe9c09d0bc2b9e935a4c6840a616,no
2026-07-23_0920_sapi_v0.2_neutral,2026-07-23_0920_sapi_v0.2_neutral/audio/sapi5xml/rate_volume/S03_Q1.wav,226644,6fdd7bc41d4e1ba7ff658b499024542aeaad9fdaebd587ce0613720959a3da58,no
2026-07-23_0920_sapi_v0.2_neutral,2026-07-23_0920_sapi_v0.2_neutral/audio/sapi5xml/rate_volume/S03_Q2.wav,226644,6fdd7bc41d4e1ba7ff658b499024542aeaad9fdaebd587ce0613720959a3da58,no
2026-07-23_0920_sapi_v0.2_neutral,2026-07-23_0920_sapi_v0.2_neutral/audio/sapi5xml/rate_volume/S03_Q3.wav,352106,2d69ffc9f7ab36034d6e355a12930504217ccd238b0153482fc651fec18da3d9,no
2026-07-23_0920_sapi_v0.2_neutral,2026-07-23_0920_sapi_v0.2_neutral/audio/sapi5xml/rate_volume/S03_Q4.wav,352106,2d69ffc9f7ab36034d6e355a12930504217ccd238b0153482fc651fec18da3d9,no
2026-07-23_0920_sapi_v0.2_neutral,2026-07-23_0920_sapi_v0.2_neutral/audio/sapi5xml/rate_volume/S04_Q1.wav,200376,03d4c00b49079e336d25b729bf6142d468f031534f66d18d181289878590b4b0,no
2026-07-23_0920_sapi_v0.2_neutral,2026-07-23_0920_sapi_v0.2_neutral/audio/sapi5xml/rate_volume/S04_Q2.wav,200376,03d4c00b49079e336d25b729bf6142d468f031534f66d18d181289878590b4b0,no
2026-07-23_0920_sapi_v0.2_neutral,2026-07-23_0920_sapi_v0.2_neutral/audio/sapi5xml/rate_volume/S04_Q3.wav,312418,f5a870b2033aed041f9739ee5b9368d07c826eeb63829c704a1cc3e75364e117,no
2026-07-23_0920_sapi_v0.2_neutral,2026-07-23_0920_sapi_v0.2_neutral/audio/sapi5xml/rate_volume/S04_Q4.wav,312418,f5a870b2033aed041f9739ee5b9368d07c826eeb63829c704a1cc3e75364e117,no
2026-07-23_0920_sapi_v0.2_neutral,2026-07-23_0920_sapi_v0.2_neutral/audio/sapi5xml/rate_volume/S05_Q1.wav,232172,2524bf0912144a24fc94e84db295790f13d0b8f7bf1d744966334a3dbaf35e02,no
2026-07-23_0920_sapi_v0.2_neutral,2026-07-23_0920_sapi_v0.2_neutral/audio/sapi5xml/rate_volume/S05_Q2.wav,232172,2524bf0912144a24fc94e84db295790f13d0b8f7bf1d744966334a3dbaf35e02,no
2026-07-23_0920_sapi_v0.2_neutral,2026-07-23_0920_sapi_v0.2_neutral/audio/sapi5xml/rate_volume/S05_Q3.wav,362474,e9db3da110719611de7587b61e59bc6d5b9e204f52230bd9aa491776fc9e8dd1,no
2026-07-23_0920_sapi_v0.2_neutral,2026-07-23_0920_sapi_v0.2_neutral/audio/sapi5xml/rate_volume/S05_Q4.wav,362474,e9db3da110719611de7587b61e59bc6d5b9e204f52230bd9aa491776fc9e8dd1,no
2026-07-23_0920_sapi_v0.2_neutral,2026-07-23_0920_sapi_v0.2_neutral/audio/sapi5xml/rate_volume_pitch/S01_Q1.wav,248060,d844765c8963f0b5730d388563fb5c7bc3cfbf7fadd74d1d8117b29e705c4aa3,no
2026-07-23_0920_sapi_v0.2_neutral,2026-07-23_0920_sapi_v0.2_neutral/audio/sapi5xml/rate_volume_pitch/S01_Q2.wav,248060,c15d99017945b1489d59c0b33fd1d92c638d33609c7142db6d22961e0ad2ce13,no
2026-07-23_0920_sapi_v0.2_neutral,2026-07-23_0920_sapi_v0.2_neutral/audio/sapi5xml/rate_volume_pitch/S01_Q3.wav,386058,411b2c5c1ecc57620019c91750f0639bf5520a20c32007ab4f6b174e7332b4f9,no
2026-07-23_0920_sapi_v0.2_neutral,2026-07-23_0920_sapi_v0.2_neutral/audio/sapi5xml/rate_volume_pitch/S01_Q4.wav,386058,84d932eba959af2b3b4187ffcc697096f8bc0ab7537f09af89ae39e9413c6965,no
2026-07-23_0920_sapi_v0.2_neutral,2026-07-23_0920_sapi_v0.2_neutral/audio/sapi5xml/rate_volume_pitch/S02_Q1.wav,234698,80288b7ddb01668bc7b4020766c322a01ac76bb95ed912a001f038e3b25fafd3,no
2026-07-23_0920_sapi_v0.2_neutral,2026-07-23_0920_sapi_v0.2_neutral/audio/sapi5xml/rate_volume_pitch/S02_Q2.wav,234698,a222f040159323b7c83b5c6090638ecdae23db79b7b304db61ae2244f71cf24b,no
2026-07-23_0920_sapi_v0.2_neutral,2026-07-23_0920_sapi_v0.2_neutral/audio/sapi5xml/rate_volume_pitch/S02_Q3.wav,367320,5a4b22c43942033eaf13515c30b2ffd3ba9546bd2a5ab55604f926f8ca3a1dd1,no
2026-07-23_0920_sapi_v0.2_neutral,2026-07-23_0920_sapi_v0.2_neutral/audio/sapi5xml/rate_volume_pitch/S02_Q4.wav,367320,2b7ec8ce8cb8e78fb84e1ccdf663c4d3fa411730e8d91e6c7e0973eb2fc1c2a9,no
2026-07-23_0920_sapi_v0.2_neutral,2026-07-23_0920_sapi_v0.2_neutral/audio/sapi5xml/rate_volume_pitch/S03_Q1.wav,226660,f32b65fd8780e256b4857b18cd86daf7ac10950b0a32964001c9223a9a2e08c5,no
2026-07-23_0920_sapi_v0.2_neutral,2026-07-23_0920_sapi_v0.2_neutral/audio/sapi5xml/rate_volume_pitch/S03_Q2.wav,226650,c46e62467429f2442ad644825c72979a969db611d8a37060ae8faba8b0d7197c,no
2026-07-23_0920_sapi_v0.2_neutral,2026-07-23_0920_sapi_v0.2_neutral/audio/sapi5xml/rate_volume_pitch/S03_Q3.wav,352106,f448cf2b952c65b74bda53ff461873f5aea56a7e2057ea9559ea872e10f1651c,no
2026-07-23_0920_sapi_v0.2_neutral,2026-07-23_0920_sapi_v0.2_neutral/audio/sapi5xml/rate_volume_pitch/S03_Q4.wav,352106,fd3ab711a01e07726ec18a196425479b6c82920abbe1ec31e6a0d09b5edf0098,no
2026-07-23_0920_sapi_v0.2_neutral,2026-07-23_0920_sapi_v0.2_neutral/audio/sapi5xml/rate_volume_pitch/S04_Q1.wav,200376,8892f5a9ca9b9df8889a6c2261e55ad22f329469c725c72d00a477b0e34ac180,no
2026-07-23_0920_sapi_v0.2_neutral,2026-07-23_0920_sapi_v0.2_neutral/audio/sapi5xml/rate_volume_pitch/S04_Q2.wav,200376,04b5ac0d822e821d7e6a703f46b5374628e038e857772245a49d79d5d5729ab5,no
2026-07-23_0920_sapi_v0.2_neutral,2026-07-23_0920_sapi_v0.2_neutral/audio/sapi5xml/rate_volume_pitch/S04_Q3.wav,312418,83d783076c6a300886c31f3f37bd57b22ab88d103ea81b9292e05f9fe6ae509e,no
2026-07-23_0920_sapi_v0.2_neutral,2026-07-23_0920_sapi_v0.2_neutral/audio/sapi5xml/rate_volume_pitch/S04_Q4.wav,312418,e29ed111e090bdfc81a9b517c5513b8c09ff5d9bdc950143104e64bc54a69840,no
2026-07-23_0920_sapi_v0.2_neutral,2026-07-23_0920_sapi_v0.2_neutral/audio/sapi5xml/rate_volume_pitch/S05_Q1.wav,232172,839af52b41451043153a696913533d9bb686eda87a65fa3a6132e2df2bb59674,no
2026-07-23_0920_sapi_v0.2_neutral,2026-07-23_0920_sapi_v0.2_neutral/audio/sapi5xml/rate_volume_pitch/S05_Q2.wav,232172,e22b9cb24cdd8602a00367390a6140109f18c6a30333a43b724ee3a4e5335f7a,no
2026-07-23_0920_sapi_v0.2_neutral,2026-07-23_0920_sapi_v0.2_neutral/audio/sapi5xml/rate_volume_pitch/S05_Q3.wav,362474,9fabe8be2a67359ff51f09aa6206fcd4fb8303c3a8ba9083f4fd5b4a1bb3b5f9,no
2026-07-23_0920_sapi_v0.2_neutral,2026-07-23_0920_sapi_v0.2_neutral/audio/sapi5xml/rate_volume_pitch/S05_Q4.wav,362474,b0d60f42cbb3516dd62c1fa25d9723c6c8715bb197126fbe6e815d439a092c15,no
2026-07-23_0937_sapi_v0.2_distinct,2026-07-23_0937_sapi_v0.2_distinct/audio/sapi5xml/neutral/S01_Q1.wav,318150,a5ec1bb6db1bcc3f205df601dea73279762fd0503d804e39489277fed6ff772d,yes
2026-07-23_0937_sapi_v0.2_distinct,2026-07-23_0937_sapi_v0.2_distinct/audio/sapi5xml/neutral/S01_Q2.wav,318150,a5ec1bb6db1bcc3f205df601dea73279762fd0503d804e39489277fed6ff772d,yes
2026-07-23_0937_sapi_v0.2_distinct,2026-07-23_0937_sapi_v0.2_distinct/audio/sapi5xml/neutral/S01_Q3.wav,318150,a5ec1bb6db1bcc3f205df601dea73279762fd0503d804e39489277fed6ff772d,yes
2026-07-23_0937_sapi_v0.2_distinct,2026-07-23_0937_sapi_v0.2_distinct/audio/sapi5xml/neutral/S01_Q4.wav,318150,a5ec1bb6db1bcc3f205df601dea73279762fd0503d804e39489277fed6ff772d,yes
2026-07-23_0937_sapi_v0.2_distinct,2026-07-23_0937_sapi_v0.2_distinct/audio/sapi5xml/neutral/S02_Q1.wav,300952,019fbc47306192f661425aa6a278de3da8cc2c4bffcf8107fd690ab41667dc0b,yes
2026-07-23_0937_sapi_v0.2_distinct,2026-07-23_0937_sapi_v0.2_distinct/audio/sapi5xml/neutral/S02_Q2.wav,300952,019fbc47306192f661425aa6a278de3da8cc2c4bffcf8107fd690ab41667dc0b,yes
2026-07-23_0937_sapi_v0.2_distinct,2026-07-23_0937_sapi_v0.2_distinct/audio/sapi5xml/neutral/S02_Q3.wav,300952,019fbc47306192f661425aa6a278de3da8cc2c4bffcf8107fd690ab41667dc0b,yes
2026-07-23_0937_sapi_v0.2_distinct,2026-07-23_0937_sapi_v0.2_distinct/audio/sapi5xml/neutral/S02_Q4.wav,300952,019fbc47306192f661425aa6a278de3da8cc2c4bffcf8107fd690ab41667dc0b,yes
2026-07-23_0937_sapi_v0.2_distinct,2026-07-23_0937_sapi_v0.2_distinct/audio/sapi5xml/neutral/S03_Q1.wav,290150,addd7d545f53a2d059274183fc612136c373c653e23f8edb1954ffddcd7d7872,yes
2026-07-23_0937_sapi_v0.2_distinct,2026-07-23_0937_sapi_v0.2_distinct/audio/sapi5xml/neutral/S03_Q2.wav,290150,addd7d545f53a2d059274183fc612136c373c653e23f8edb1954ffddcd7d7872,yes
2026-07-23_0937_sapi_v0.2_distinct,2026-07-23_0937_sapi_v0.2_distinct/audio/sapi5xml/neutral/S03_Q3.wav,290150,addd7d545f53a2d059274183fc612136c373c653e23f8edb1954ffddcd7d7872,yes
2026-07-23_0937_sapi_v0.2_distinct,2026-07-23_0937_sapi_v0.2_distinct/audio/sapi5xml/neutral/S03_Q4.wav,290150,addd7d545f53a2d059274183fc612136c373c653e23f8edb1954ffddcd7d7872,yes
2026-07-23_0937_sapi_v0.2_distinct,2026-07-23_0937_sapi_v0.2_distinct/audio/sapi5xml/neutral/S04_Q1.wav,257294,243df97ebed357a0b328852e7be39dc34e7ea3d7279d00c6581d12aa108756b3,yes
2026-07-23_0937_sapi_v0.2_distinct,2026-07-23_0937_sapi_v0.2_distinct/audio/sapi5xml/neutral/S04_Q2.wav,257294,243df97ebed357a0b328852e7be39dc34e7ea3d7279d00c6581d12aa108756b3,yes
2026-07-23_0937_sapi_v0.2_distinct,2026-07-23_0937_sapi_v0.2_distinct/audio/sapi5xml/neutral/S04_Q3.wav,257294,243df97ebed357a0b328852e7be39dc34e7ea3d7279d00c6581d12aa108756b3,yes
2026-07-23_0937_sapi_v0.2_distinct,2026-07-23_0937_sapi_v0.2_distinct/audio/sapi5xml/neutral/S04_Q4.wav,257294,243df97ebed357a0b328852e7be39dc34e7ea3d7279d00c6581d12aa108756b3,yes
2026-07-23_0937_sapi_v0.2_distinct,2026-07-23_0937_sapi_v0.2_distinct/audio/sapi5xml/neutral/S05_Q1.wav,297878,60e09d23f0e7750fe1fcbdf34e110d5ff360be97080b6f7a982e4401a86c02a3,yes
2026-07-23_0937_sapi_v0.2_distinct,2026-07-23_0937_sapi_v0.2_distinct/audio/sapi5xml/neutral/S05_Q2.wav,297878,60e09d23f0e7750fe1fcbdf34e110d5ff360be97080b6f7a982e4401a86c02a3,yes
2026-07-23_0937_sapi_v0.2_distinct,2026-07-23_0937_sapi_v0.2_distinct/audio/sapi5xml/neutral/S05_Q3.wav,297878,60e09d23f0e7750fe1fcbdf34e110d5ff360be97080b6f7a982e4401a86c02a3,yes
2026-07-23_0937_sapi_v0.2_distinct,2026-07-23_0937_sapi_v0.2_distinct/audio/sapi5xml/neutral/S05_Q4.wav,297878,60e09d23f0e7750fe1fcbdf34e110d5ff360be97080b6f7a982e4401a86c02a3,yes
2026-07-23_0937_sapi_v0.2_distinct,2026-07-23_0937_sapi_v0.2_distinct/audio/sapi5xml/rate/S01_Q1.wav,220312,1b30abc6149651597b9b901febb1a35999122331919a060954bfaa93595e5e8c,yes
2026-07-23_0937_sapi_v0.2_distinct,2026-07-23_0937_sapi_v0.2_distinct/audio/sapi5xml/rate/S01_Q2.wav,220312,1b30abc6149651597b9b901febb1a35999122331919a060954bfaa93595e5e8c,yes
2026-07-23_0937_sapi_v0.2_distinct,2026-07-23_0937_sapi_v0.2_distinct/audio/sapi5xml/rate/S01_Q3.wav,434126,c3f845bb59d2eae83663c72e89bdfa4cae6e3614b2e712403c061a7863c52cba,yes
2026-07-23_0937_sapi_v0.2_distinct,2026-07-23_0937_sapi_v0.2_distinct/audio/sapi5xml/rate/S01_Q4.wav,434126,c3f845bb59d2eae83663c72e89bdfa4cae6e3614b2e712403c061a7863c52cba,yes
2026-07-23_0937_sapi_v0.2_distinct,2026-07-23_0937_sapi_v0.2_distinct/audio/sapi5xml/rate/S02_Q1.wav,208028,3a340392ab2450bdd790697434c70282431f9ee9eb1cd34571c2c2f6a2b183e0,yes
2026-07-23_0937_sapi_v0.2_distinct,2026-07-23_0937_sapi_v0.2_distinct/audio/sapi5xml/rate/S02_Q2.wav,208028,3a340392ab2450bdd790697434c70282431f9ee9eb1cd34571c2c2f6a2b183e0,yes
2026-07-23_0937_sapi_v0.2_distinct,2026-07-23_0937_sapi_v0.2_distinct/audio/sapi5xml/rate/S02_Q3.wav,411422,b3429dfbf2aa669f5fbbde33cdd71b1180ada0e929beb855f782516e9c20cb20,yes
2026-07-23_0937_sapi_v0.2_distinct,2026-07-23_0937_sapi_v0.2_distinct/audio/sapi5xml/rate/S02_Q4.wav,411422,b3429dfbf2aa669f5fbbde33cdd71b1180ada0e929beb855f782516e9c20cb20,yes
2026-07-23_0937_sapi_v0.2_distinct,2026-07-23_0937_sapi_v0.2_distinct/audio/sapi5xml/rate/S03_Q1.wav,200624,c4d1d1a6ef56d543eff016e5da8b5e36a1053af943d0eca7ebe9aad8391f0c50,yes
2026-07-23_0937_sapi_v0.2_distinct,2026-07-23_0937_sapi_v0.2_distinct/audio/sapi5xml/rate/S03_Q2.wav,200624,c4d1d1a6ef56d543eff016e5da8b5e36a1053af943d0eca7ebe9aad8391f0c50,yes
2026-07-23_0937_sapi_v0.2_distinct,2026-07-23_0937_sapi_v0.2_distinct/audio/sapi5xml/rate/S03_Q3.wav,395106,7fa3f6496604ee1de9a94b3e563a649a9144e4d370195244e87aae0994fcd82d,yes
2026-07-23_0937_sapi_v0.2_distinct,2026-07-23_0937_sapi_v0.2_distinct/audio/sapi5xml/rate/S03_Q4.wav,395106,7fa3f6496604ee1de9a94b3e563a649a9144e4d370195244e87aae0994fcd82d,yes
2026-07-23_0937_sapi_v0.2_distinct,2026-07-23_0937_sapi_v0.2_distinct/audio/sapi5xml/rate/S04_Q1.wav,177566,11fd885db30f3357a42508a39e38c10b7878e6f520a73af16281d5df8eb16a3b,yes
2026-07-23_0937_sapi_v0.2_distinct,2026-07-23_0937_sapi_v0.2_distinct/audio/sapi5xml/rate/S04_Q2.wav,177566,11fd885db30f3357a42508a39e38c10b7878e6f520a73af16281d5df8eb16a3b,yes
2026-07-23_0937_sapi_v0.2_distinct,2026-07-23_0937_sapi_v0.2_distinct/audio/sapi5xml/rate/S04_Q3.wav,349244,90a91c0d16dda9e5bc5804a65ad4b7fea35fb9764db093719bdb7ce5f44ebafd,yes
2026-07-23_0937_sapi_v0.2_distinct,2026-07-23_0937_sapi_v0.2_distinct/audio/sapi5xml/rate/S04_Q4.wav,349244,90a91c0d16dda9e5bc5804a65ad4b7fea35fb9764db093719bdb7ce5f44ebafd,yes
2026-07-23_0937_sapi_v0.2_distinct,2026-07-23_0937_sapi_v0.2_distinct/audio/sapi5xml/rate/S05_Q1.wav,206980,c1238924993b97e79ab057a537a2d499138501976e401faa3ab6fb3378567ffa,yes
2026-07-23_0937_sapi_v0.2_distinct,2026-07-23_0937_sapi_v0.2_distinct/audio/sapi5xml/rate/S05_Q2.wav,206980,c1238924993b97e79ab057a537a2d499138501976e401faa3ab6fb3378567ffa,yes
2026-07-23_0937_sapi_v0.2_distinct,2026-07-23_0937_sapi_v0.2_distinct/audio/sapi5xml/rate/S05_Q3.wav,407674,6cddac943ad75e755cb50821471bda8cf878438abdb23ac1800ec7ded3448a97,yes
2026-07-23_0937_sapi_v0.2_distinct,2026-07-23_0937_sapi_v0.2_distinct/audio/sapi5xml/rate/S05_Q4.wav,407674,6cddac943ad75e755cb50821471bda8cf878438abdb23ac1800ec7ded3448a97,yes
2026-07-23_0937_sapi_v0.2_distinct,2026-07-23_0937_sapi_v0.2_distinct/audio/sapi5xml/rate_volume/S01_Q1.wav,220312,13f9bdc06f627fcef2150030fdf67ccff5339cc24be32698265ecbb81562bf27,no
2026-07-23_0937_sapi_v0.2_distinct,2026-07-23_0937_sapi_v0.2_distinct/audio/sapi5xml/rate_volume/S01_Q2.wav,220312,13f9bdc06f627fcef2150030fdf67ccff5339cc24be32698265ecbb81562bf27,no
2026-07-23_0937_sapi_v0.2_distinct,2026-07-23_0937_sapi_v0.2_distinct/audio/sapi5xml/rate_volume/S01_Q3.wav,434126,38aedc13507aba31efbced93c4b9fccca2a5fe75bdeb500642568cc32804a5a9,no
2026-07-23_0937_sapi_v0.2_distinct,2026-07-23_0937_sapi_v0.2_distinct/audio/sapi5xml/rate_volume/S01_Q4.wav,434126,38aedc13507aba31efbced93c4b9fccca2a5fe75bdeb500642568cc32804a5a9,no
2026-07-23_0937_sapi_v0.2_distinct,2026-07-23_0937_sapi_v0.2_distinct/audio/sapi5xml/rate_volume/S02_Q1.wav,208028,cd73b2f7d5d853c0c2d14dc245b4cd7f36d552cfb092a4244b0677139840ca41,no
2026-07-23_0937_sapi_v0.2_distinct,2026-07-23_0937_sapi_v0.2_distinct/audio/sapi5xml/rate_volume/S02_Q2.wav,208028,cd73b2f7d5d853c0c2d14dc245b4cd7f36d552cfb092a4244b0677139840ca41,no
2026-07-23_0937_sapi_v0.2_distinct,2026-07-23_0937_sapi_v0.2_distinct/audio/sapi5xml/rate_volume/S02_Q3.wav,411422,6f43984aaa705047f621c157e83a662f0c083b1395c74f8655c28c9dd012fcf2,no
2026-07-23_0937_sapi_v0.2_distinct,2026-07-23_0937_sapi_v0.2_distinct/audio/sapi5xml/rate_volume/S02_Q4.wav,411422,6f43984aaa705047f621c157e83a662f0c083b1395c74f8655c28c9dd012fcf2,no
2026-07-23_0937_sapi_v0.2_distinct,2026-07-23_0937_sapi_v0.2_distinct/audio/sapi5xml/rate_volume/S03_Q1.wav,200624,6efb23a0f0a32c16a47700273711ce07d7047b23af5f19b87d10a87b6927cdbf,no
2026-07-23_0937_sapi_v0.2_distinct,2026-07-23_0937_sapi_v0.2_distinct/audio/sapi5xml/rate_volume/S03_Q2.wav,200624,6efb23a0f0a32c16a47700273711ce07d7047b23af5f19b87d10a87b6927cdbf,no
2026-07-23_0937_sapi_v0.2_distinct,2026-07-23_0937_sapi_v0.2_distinct/audio/sapi5xml/rate_volume/S03_Q3.wav,395106,eb8d9218e6a4e43fc898f6ea6dd17bc00a59be30f947063e34a07d42f075a8ff,no
2026-07-23_0937_sapi_v0.2_distinct,2026-07-23_0937_sapi_v0.2_distinct/audio/sapi5xml/rate_volume/S03_Q4.wav,395106,eb8d9218e6a4e43fc898f6ea6dd17bc00a59be30f947063e34a07d42f075a8ff,no
2026-07-23_0937_sapi_v0.2_distinct,2026-07-23_0937_sapi_v0.2_distinct/audio/sapi5xml/rate_volume/S04_Q1.wav,177566,2942d85ef1a4dd347824edaee040bbefaa413c29652ae27ac93b8d286e31f32f,no
2026-07-23_0937_sapi_v0.2_distinct,2026-07-23_0937_sapi_v0.2_distinct/audio/sapi5xml/rate_volume/S04_Q2.wav,177566,2942d85ef1a4dd347824edaee040bbefaa413c29652ae27ac93b8d286e31f32f,no
2026-07-23_0937_sapi_v0.2_distinct,2026-07-23_0937_sapi_v0.2_distinct/audio/sapi5xml/rate_volume/S04_Q3.wav,349244,7157eea0f27859f107872e94a7de7f0592889bfccb71e3d92fe5b1fc4fe9e6d2,no
2026-07-23_0937_sapi_v0.2_distinct,2026-07-23_0937_sapi_v0.2_distinct/audio/sapi5xml/rate_volume/S04_Q4.wav,349244,7157eea0f27859f107872e94a7de7f0592889bfccb71e3d92fe5b1fc4fe9e6d2,no
2026-07-23_0937_sapi_v0.2_distinct,2026-07-23_0937_sapi_v0.2_distinct/audio/sapi5xml/rate_volume/S05_Q1.wav,206980,3fc90ecbe215b0fe4ad57b56d7b54c7e13f0444ec5bfb53baf9b42d4e67c6972,no
2026-07-23_0937_sapi_v0.2_distinct,2026-07-23_0937_sapi_v0.2_distinct/audio/sapi5xml/rate_volume/S05_Q2.wav,206980,3fc90ecbe215b0fe4ad57b56d7b54c7e13f0444ec5bfb53baf9b42d4e67c6972,no
2026-07-23_0937_sapi_v0.2_distinct,2026-07-23_0937_sapi_v0.2_distinct/audio/sapi5xml/rate_volume/S05_Q3.wav,407674,e948a8d5f633de28efdf12c8ecbf1ba898bfb55289e21be50d8cd1febe1d88c0,no
2026-07-23_0937_sapi_v0.2_distinct,2026-07-23_0937_sapi_v0.2_distinct/audio/sapi5xml/rate_volume/S05_Q4.wav,407674,e948a8d5f633de28efdf12c8ecbf1ba898bfb55289e21be50d8cd1febe1d88c0,no
2026-07-23_0937_sapi_v0.2_distinct,2026-07-23_0937_sapi_v0.2_distinct/audio/sapi5xml/rate_volume_pitch/S01_Q1.wav,220440,40087b5c3d238a6b339bd4cb1a2049156b2851e3907c65d150262d0d3067d244,no
2026-07-23_0937_sapi_v0.2_distinct,2026-07-23_0937_sapi_v0.2_distinct/audio/sapi5xml/rate_volume_pitch/S01_Q2.wav,220304,921c65f6f88c3d879621afee77a1470a4c852c8381b6a950faf8e41cbd033cfe,no
2026-07-23_0937_sapi_v0.2_distinct,2026-07-23_0937_sapi_v0.2_distinct/audio/sapi5xml/rate_volume_pitch/S01_Q3.wav,434126,8a4e6c776b67637b99ed1787e1383b6065b32e517bca4ecb5f74e3d47d789a5a,no
2026-07-23_0937_sapi_v0.2_distinct,2026-07-23_0937_sapi_v0.2_distinct/audio/sapi5xml/rate_volume_pitch/S01_Q4.wav,434126,2e34a37fc171462c3021da1a91950b2e7a2bd8cc8b137089dc1a5d46cd115df3,no
2026-07-23_0937_sapi_v0.2_distinct,2026-07-23_0937_sapi_v0.2_distinct/audio/sapi5xml/rate_volume_pitch/S02_Q1.wav,208090,2b6a402d89bfdb7c0d99adbfcab0b963938f683cb0307ea2b4468fb6563f5951,no
2026-07-23_0937_sapi_v0.2_distinct,2026-07-23_0937_sapi_v0.2_distinct/audio/sapi5xml/rate_volume_pitch/S02_Q2.wav,208182,632782c3797ae26181c1fc052d717c6b3a5aae10f6a5843c0482f4cc2cf1d079,no
2026-07-23_0937_sapi_v0.2_distinct,2026-07-23_0937_sapi_v0.2_distinct/audio/sapi5xml/rate_volume_pitch/S02_Q3.wav,411422,f6c76cb0637d53e9171564a0f16ef6e7bb769bf09b5d44cb3cbca1a373f58bfe,no
2026-07-23_0937_sapi_v0.2_distinct,2026-07-23_0937_sapi_v0.2_distinct/audio/sapi5xml/rate_volume_pitch/S02_Q4.wav,411422,b98d0ca77b69663287e841003741baf0d67dfa45d61c30e4a9701c71d05a1c6b,no
2026-07-23_0937_sapi_v0.2_distinct,2026-07-23_0937_sapi_v0.2_distinct/audio/sapi5xml/rate_volume_pitch/S03_Q1.wav,200676,2c2137f06903a76fb64ff74e551ebffc870c27a9e787f1ded61c336d600a54ad,no
2026-07-23_0937_sapi_v0.2_distinct,2026-07-23_0937_sapi_v0.2_distinct/audio/sapi5xml/rate_volume_pitch/S03_Q2.wav,200678,9be1f754d802e91a7b6beadefe48be8dc70b8ec87517b997fbfeae40aae123f5,no
2026-07-23_0937_sapi_v0.2_distinct,2026-07-23_0937_sapi_v0.2_distinct/audio/sapi5xml/rate_volume_pitch/S03_Q3.wav,395106,4bf43b975d01235608d6bcb58f24c1376b907ec73684ab8b335eb08267f59a96,no
2026-07-23_0937_sapi_v0.2_distinct,2026-07-23_0937_sapi_v0.2_distinct/audio/sapi5xml/rate_volume_pitch/S03_Q4.wav,395106,226b4feedf84169cbf3dab32eb201b5d3950474fe07a9bb2f2ba4bdfc83f80ea,no
2026-07-23_0937_sapi_v0.2_distinct,2026-07-23_0937_sapi_v0.2_distinct/audio/sapi5xml/rate_volume_pitch/S04_Q1.wav,177368,72ffb5eadeb22f523cd5f5ab1852ddebdfbd8364662a03a75f58067ce0fa0d05,no
2026-07-23_0937_sapi_v0.2_distinct,2026-07-23_0937_sapi_v0.2_distinct/audio/sapi5xml/rate_volume_pitch/S04_Q2.wav,177484,36fa0652520d2fad4e64711e717793f6d14ef62fc10e7a03db66c6bb9e5d50f8,no
2026-07-23_0937_sapi_v0.2_distinct,2026-07-23_0937_sapi_v0.2_distinct/audio/sapi5xml/rate_volume_pitch/S04_Q3.wav,349244,302339a389f2dd4636d461c7ae310d3d6f3f10010a93e15b75cef625f332cf54,no
2026-07-23_0937_sapi_v0.2_distinct,2026-07-23_0937_sapi_v0.2_distinct/audio/sapi5xml/rate_volume_pitch/S04_Q4.wav,349244,726133240efd0c20c2f173f61c4955ac2e2bc05c29e2dd775b37c89d15e00ab7,no
2026-07-23_0937_sapi_v0.2_distinct,2026-07-23_0937_sapi_v0.2_distinct/audio/sapi5xml/rate_volume_pitch/S05_Q1.wav,207002,c16487b33b0d678633bac6f44500f0c4ae6ccbd478a123bdfcab914a5303ebdc,no
2026-07-23_0937_sapi_v0.2_distinct,2026-07-23_0937_sapi_v0.2_distinct/audio/sapi5xml/rate_volume_pitch/S05_Q2.wav,206978,8969c4619d6abe383be7d73c89c2bc915bba5e808f40e4b7b08efcbb13038928,no
2026-07-23_0937_sapi_v0.2_distinct,2026-07-23_0937_sapi_v0.2_distinct/audio/sapi5xml/rate_volume_pitch/S05_Q3.wav,407674,d852dd4ca0d08fd255c77773c2939c1b0c41e440c2c91fc1216a8d2b7f75ae56,no
2026-07-23_0937_sapi_v0.2_distinct,2026-07-23_0937_sapi_v0.2_distinct/audio/sapi5xml/rate_volume_pitch/S05_Q4.wav,407674,049c086c279299a2c3651ce0d6a4c187b9575917916f9a065042b64aff47234b,no
2026-07-23_1030_sapi_v0.2_lit,2026-07-23_1030_sapi_v0.2_lit/audio/sapi5xml/neutral/S01_Q1.wav,318150,a5ec1bb6db1bcc3f205df601dea73279762fd0503d804e39489277fed6ff772d,yes
2026-07-23_1030_sapi_v0.2_lit,2026-07-23_1030_sapi_v0.2_lit/audio/sapi5xml/neutral/S01_Q2.wav,318150,a5ec1bb6db1bcc3f205df601dea73279762fd0503d804e39489277fed6ff772d,yes
2026-07-23_1030_sapi_v0.2_lit,2026-07-23_1030_sapi_v0.2_lit/audio/sapi5xml/neutral/S01_Q3.wav,318150,a5ec1bb6db1bcc3f205df601dea73279762fd0503d804e39489277fed6ff772d,yes
2026-07-23_1030_sapi_v0.2_lit,2026-07-23_1030_sapi_v0.2_lit/audio/sapi5xml/neutral/S01_Q4.wav,318150,a5ec1bb6db1bcc3f205df601dea73279762fd0503d804e39489277fed6ff772d,yes
2026-07-23_1030_sapi_v0.2_lit,2026-07-23_1030_sapi_v0.2_lit/audio/sapi5xml/neutral/S02_Q1.wav,300952,019fbc47306192f661425aa6a278de3da8cc2c4bffcf8107fd690ab41667dc0b,yes
2026-07-23_1030_sapi_v0.2_lit,2026-07-23_1030_sapi_v0.2_lit/audio/sapi5xml/neutral/S02_Q2.wav,300952,019fbc47306192f661425aa6a278de3da8cc2c4bffcf8107fd690ab41667dc0b,yes
2026-07-23_1030_sapi_v0.2_lit,2026-07-23_1030_sapi_v0.2_lit/audio/sapi5xml/neutral/S02_Q3.wav,300952,019fbc47306192f661425aa6a278de3da8cc2c4bffcf8107fd690ab41667dc0b,yes
2026-07-23_1030_sapi_v0.2_lit,2026-07-23_1030_sapi_v0.2_lit/audio/sapi5xml/neutral/S02_Q4.wav,300952,019fbc47306192f661425aa6a278de3da8cc2c4bffcf8107fd690ab41667dc0b,yes
2026-07-23_1030_sapi_v0.2_lit,2026-07-23_1030_sapi_v0.2_lit/audio/sapi5xml/neutral/S03_Q1.wav,290150,addd7d545f53a2d059274183fc612136c373c653e23f8edb1954ffddcd7d7872,yes
2026-07-23_1030_sapi_v0.2_lit,2026-07-23_1030_sapi_v0.2_lit/audio/sapi5xml/neutral/S03_Q2.wav,290150,addd7d545f53a2d059274183fc612136c373c653e23f8edb1954ffddcd7d7872,yes
2026-07-23_1030_sapi_v0.2_lit,2026-07-23_1030_sapi_v0.2_lit/audio/sapi5xml/neutral/S03_Q3.wav,290150,addd7d545f53a2d059274183fc612136c373c653e23f8edb1954ffddcd7d7872,yes
2026-07-23_1030_sapi_v0.2_lit,2026-07-23_1030_sapi_v0.2_lit/audio/sapi5xml/neutral/S03_Q4.wav,290150,addd7d545f53a2d059274183fc612136c373c653e23f8edb1954ffddcd7d7872,yes
2026-07-23_1030_sapi_v0.2_lit,2026-07-23_1030_sapi_v0.2_lit/audio/sapi5xml/neutral/S04_Q1.wav,257294,243df97ebed357a0b328852e7be39dc34e7ea3d7279d00c6581d12aa108756b3,yes
2026-07-23_1030_sapi_v0.2_lit,2026-07-23_1030_sapi_v0.2_lit/audio/sapi5xml/neutral/S04_Q2.wav,257294,243df97ebed357a0b328852e7be39dc34e7ea3d7279d00c6581d12aa108756b3,yes
2026-07-23_1030_sapi_v0.2_lit,2026-07-23_1030_sapi_v0.2_lit/audio/sapi5xml/neutral/S04_Q3.wav,257294,243df97ebed357a0b328852e7be39dc34e7ea3d7279d00c6581d12aa108756b3,yes
2026-07-23_1030_sapi_v0.2_lit,2026-07-23_1030_sapi_v0.2_lit/audio/sapi5xml/neutral/S04_Q4.wav,257294,243df97ebed357a0b328852e7be39dc34e7ea3d7279d00c6581d12aa108756b3,yes
2026-07-23_1030_sapi_v0.2_lit,2026-07-23_1030_sapi_v0.2_lit/audio/sapi5xml/neutral/S05_Q1.wav,297878,60e09d23f0e7750fe1fcbdf34e110d5ff360be97080b6f7a982e4401a86c02a3,yes
2026-07-23_1030_sapi_v0.2_lit,2026-07-23_1030_sapi_v0.2_lit/audio/sapi5xml/neutral/S05_Q2.wav,297878,60e09d23f0e7750fe1fcbdf34e110d5ff360be97080b6f7a982e4401a86c02a3,yes
2026-07-23_1030_sapi_v0.2_lit,2026-07-23_1030_sapi_v0.2_lit/audio/sapi5xml/neutral/S05_Q3.wav,297878,60e09d23f0e7750fe1fcbdf34e110d5ff360be97080b6f7a982e4401a86c02a3,yes
2026-07-23_1030_sapi_v0.2_lit,2026-07-23_1030_sapi_v0.2_lit/audio/sapi5xml/neutral/S05_Q4.wav,297878,60e09d23f0e7750fe1fcbdf34e110d5ff360be97080b6f7a982e4401a86c02a3,yes
2026-07-23_1030_sapi_v0.2_lit,2026-07-23_1030_sapi_v0.2_lit/audio/sapi5xml/rate/S01_Q1.wav,220312,1b30abc6149651597b9b901febb1a35999122331919a060954bfaa93595e5e8c,yes
2026-07-23_1030_sapi_v0.2_lit,2026-07-23_1030_sapi_v0.2_lit/audio/sapi5xml/rate/S01_Q2.wav,276328,7c73949a6629543475ac02f4f549a4f028964a62997d4dfd07230aa3eef6dace,yes
2026-07-23_1030_sapi_v0.2_lit,2026-07-23_1030_sapi_v0.2_lit/audio/sapi5xml/rate/S01_Q3.wav,434126,c3f845bb59d2eae83663c72e89bdfa4cae6e3614b2e712403c061a7863c52cba,yes
2026-07-23_1030_sapi_v0.2_lit,2026-07-23_1030_sapi_v0.2_lit/audio/sapi5xml/rate/S01_Q4.wav,346150,b4ae03cae6212357878492e5dee9c05396ae899f6a356f420deb8274577fe71f,yes
2026-07-23_1030_sapi_v0.2_lit,2026-07-23_1030_sapi_v0.2_lit/audio/sapi5xml/rate/S02_Q1.wav,208028,3a340392ab2450bdd790697434c70282431f9ee9eb1cd34571c2c2f6a2b183e0,yes
2026-07-23_1030_sapi_v0.2_lit,2026-07-23_1030_sapi_v0.2_lit/audio/sapi5xml/rate/S02_Q2.wav,262364,aa6c3c1c99186074d9f648052b1620819d7a22924a3b5fafb5563921824f4fdc,yes
2026-07-23_1030_sapi_v0.2_lit,2026-07-23_1030_sapi_v0.2_lit/audio/sapi5xml/rate/S02_Q3.wav,411422,b3429dfbf2aa669f5fbbde33cdd71b1180ada0e929beb855f782516e9c20cb20,yes
2026-07-23_1030_sapi_v0.2_lit,2026-07-23_1030_sapi_v0.2_lit/audio/sapi5xml/rate/S02_Q4.wav,328080,9875f410a2904e7135b1de4df305fe65d6b420b367f94612ca3d8c1cc172b393,yes
2026-07-23_1030_sapi_v0.2_lit,2026-07-23_1030_sapi_v0.2_lit/audio/sapi5xml/rate/S03_Q1.wav,200624,c4d1d1a6ef56d543eff016e5da8b5e36a1053af943d0eca7ebe9aad8391f0c50,yes
2026-07-23_1030_sapi_v0.2_lit,2026-07-23_1030_sapi_v0.2_lit/audio/sapi5xml/rate/S03_Q2.wav,251940,02c323aef2b0e57035fbfb98bbc7c3eab98d76cbca687f8c40dd58f6fa63c813,yes
2026-07-23_1030_sapi_v0.2_lit,2026-07-23_1030_sapi_v0.2_lit/audio/sapi5xml/rate/S03_Q3.wav,395106,7fa3f6496604ee1de9a94b3e563a649a9144e4d370195244e87aae0994fcd82d,yes
2026-07-23_1030_sapi_v0.2_lit,2026-07-23_1030_sapi_v0.2_lit/audio/sapi5xml/rate/S03_Q4.wav,315946,0c5fe9f1021c17291306e9739195586faee2316284d53ec8cd94f11cada4499b,yes
2026-07-23_1030_sapi_v0.2_lit,2026-07-23_1030_sapi_v0.2_lit/audio/sapi5xml/rate/S04_Q1.wav,177566,11fd885db30f3357a42508a39e38c10b7878e6f520a73af16281d5df8eb16a3b,yes
2026-07-23_1030_sapi_v0.2_lit,2026-07-23_1030_sapi_v0.2_lit/audio/sapi5xml/rate/S04_Q2.wav,222320,e366bd42d3a5d8e6358d5a7acf9c7783e0646eb6e408711588acffd607f65609,yes
2026-07-23_1030_sapi_v0.2_lit,2026-07-23_1030_sapi_v0.2_lit/audio/sapi5xml/rate/S04_Q3.wav,349244,90a91c0d16dda9e5bc5804a65ad4b7fea35fb9764db093719bdb7ce5f44ebafd,yes
2026-07-23_1030_sapi_v0.2_lit,2026-07-23_1030_sapi_v0.2_lit/audio/sapi5xml/rate/S04_Q4.wav,280882,25d290ffa4a2f10193864f824cd4bf0a5a2635627f2db40038f362d242fd820d,yes
2026-07-23_1030_sapi_v0.2_lit,2026-07-23_1030_sapi_v0.2_lit/audio/sapi5xml/rate/S05_Q1.wav,206980,c1238924993b97e79ab057a537a2d499138501976e401faa3ab6fb3378567ffa,yes
2026-07-23_1030_sapi_v0.2_lit,2026-07-23_1030_sapi_v0.2_lit/audio/sapi5xml/rate/S05_Q2.wav,258618,0106db37a475f198a3c932f684c9fa1115421d59b6f0efe3570fd5149f8af6a1,yes
2026-07-23_1030_sapi_v0.2_lit,2026-07-23_1030_sapi_v0.2_lit/audio/sapi5xml/rate/S05_Q3.wav,407674,6cddac943ad75e755cb50821471bda8cf878438abdb23ac1800ec7ded3448a97,yes
2026-07-23_1030_sapi_v0.2_lit,2026-07-23_1030_sapi_v0.2_lit/audio/sapi5xml/rate/S05_Q4.wav,325870,3be51699b89f913147474b37c7c4dec96999f8e791f60d698c1f37ec02b0e8d9,yes
2026-07-23_1030_sapi_v0.2_lit,2026-07-23_1030_sapi_v0.2_lit/audio/sapi5xml/rate_volume/S01_Q1.wav,220312,9d8a2ce2748518988b86b0543536cd62f1e1f8659ed931884b2063a0438a1221,yes
2026-07-23_1030_sapi_v0.2_lit,2026-07-23_1030_sapi_v0.2_lit/audio/sapi5xml/rate_volume/S01_Q2.wav,276328,98df2457832780d87846b39609589acc600a4c8c54dba6355156a4a1914f2b90,yes
2026-07-23_1030_sapi_v0.2_lit,2026-07-23_1030_sapi_v0.2_lit/audio/sapi5xml/rate_volume/S01_Q3.wav,434126,30dbcb13b3945cad90bc9ee80b86f512777e30a898e89a07037d8b2262394b02,yes
2026-07-23_1030_sapi_v0.2_lit,2026-07-23_1030_sapi_v0.2_lit/audio/sapi5xml/rate_volume/S01_Q4.wav,346150,247fb82b1afbb72da7f5a12725f731ed2ef3a6a15d260dcd77445bac172c7784,yes
2026-07-23_1030_sapi_v0.2_lit,2026-07-23_1030_sapi_v0.2_lit/audio/sapi5xml/rate_volume/S02_Q1.wav,208028,ba20b42dae5d72d28e794b6e01718ad4e67c8a914e6fb433bd824cb4d8e67ecc,yes
2026-07-23_1030_sapi_v0.2_lit,2026-07-23_1030_sapi_v0.2_lit/audio/sapi5xml/rate_volume/S02_Q2.wav,262364,fe1bd1182c68cf2c12a41492e521bb093d153b54921f8a6b7266449b1e920142,yes
2026-07-23_1030_sapi_v0.2_lit,2026-07-23_1030_sapi_v0.2_lit/audio/sapi5xml/rate_volume/S02_Q3.wav,411422,6dec974eb6e4b00bd81319eeae36c3f7f1ecfb40bcb151554598adc3b1ee5cd3,yes
2026-07-23_1030_sapi_v0.2_lit,2026-07-23_1030_sapi_v0.2_lit/audio/sapi5xml/rate_volume/S02_Q4.wav,328080,e8e60552e67d5ced0c7ce7eba5a221ff8d9356e453f25838374e1d84f791a5d7,yes
2026-07-23_1030_sapi_v0.2_lit,2026-07-23_1030_sapi_v0.2_lit/audio/sapi5xml/rate_volume/S03_Q1.wav,200624,705e358069fa8e9b5888e1864f2fbcff9075ac7206b6f6f91a5dde8abad87ee5,yes
2026-07-23_1030_sapi_v0.2_lit,2026-07-23_1030_sapi_v0.2_lit/audio/sapi5xml/rate_volume/S03_Q2.wav,251940,b6cab511502e1ed6ea31b837dabbd52f598acc53ed909229a521101fb62da59c,yes
2026-07-23_1030_sapi_v0.2_lit,2026-07-23_1030_sapi_v0.2_lit/audio/sapi5xml/rate_volume/S03_Q3.wav,395106,5cdb3196a37240e82b6358a3ca74b85af7b39f744118b75bee918720a702f56a,yes
2026-07-23_1030_sapi_v0.2_lit,2026-07-23_1030_sapi_v0.2_lit/audio/sapi5xml/rate_volume/S03_Q4.wav,315946,a99dc4eb5547940d6937882feca98e88047f8624f62a79b50e48c700b5b0f45f,yes
2026-07-23_1030_sapi_v0.2_lit,2026-07-23_1030_sapi_v0.2_lit/audio/sapi5xml/rate_volume/S04_Q1.wav,177566,7ebe9a22e15ed2c28a4d53f03f93293b3f5c3d7c7ee626f14431aa272d668b29,yes
2026-07-23_1030_sapi_v0.2_lit,2026-07-23_1030_sapi_v0.2_lit/audio/sapi5xml/rate_volume/S04_Q2.wav,222320,8cf5b2f904c2db0c771668cdf1c6fd086cf1393bde8385c6485b0175628de1aa,yes
2026-07-23_1030_sapi_v0.2_lit,2026-07-23_1030_sapi_v0.2_lit/audio/sapi5xml/rate_volume/S04_Q3.wav,349244,aa30ca5fecfd518aa701a98a658dec2b5acd7e575597cb2208985c1adcb5e6f6,yes
2026-07-23_1030_sapi_v0.2_lit,2026-07-23_1030_sapi_v0.2_lit/audio/sapi5xml/rate_volume/S04_Q4.wav,280882,f3025810b7e79175ffee9689372ccdfc62d4df5237235058be0f82f648c20263,yes
2026-07-23_1030_sapi_v0.2_lit,2026-07-23_1030_sapi_v0.2_lit/audio/sapi5xml/rate_volume/S05_Q1.wav,206980,2fec289a8eb60dde6fc84d1f13b14a3d732bafec62f630d37e0786d246038a6c,yes
2026-07-23_1030_sapi_v0.2_lit,2026-07-23_1030_sapi_v0.2_lit/audio/sapi5xml/rate_volume/S05_Q2.wav,258618,a0064f57bf2653d908ae32a03819618a80f6f7c63484b2a2af066954f3ee8d41,yes
2026-07-23_1030_sapi_v0.2_lit,2026-07-23_1030_sapi_v0.2_lit/audio/sapi5xml/rate_volume/S05_Q3.wav,407674,1425952a0f409b98fb34b96c5f05a81b574d710f2b4d31a30e14a37d8bdf5dcf,yes
2026-07-23_1030_sapi_v0.2_lit,2026-07-23_1030_sapi_v0.2_lit/audio/sapi5xml/rate_volume/S05_Q4.wav,325870,0052e762b82be1a55266f6a03661508914c97e8430eeaad707f546f584f1a450,yes
2026-07-23_1030_sapi_v0.2_lit,2026-07-23_1030_sapi_v0.2_lit/audio/sapi5xml/rate_volume_pitch/S01_Q1.wav,220440,1addda84f4f649b6ed3e160a64d0fd2c9e1b12bc3f06979b0547495de179919f,yes
2026-07-23_1030_sapi_v0.2_lit,2026-07-23_1030_sapi_v0.2_lit/audio/sapi5xml/rate_volume_pitch/S01_Q2.wav,276328,3d7aaf7155778ee0db2c334fe4149f7c5887dc4e451a634c44a67e9f48bea60d,yes
2026-07-23_1030_sapi_v0.2_lit,2026-07-23_1030_sapi_v0.2_lit/audio/sapi5xml/rate_volume_pitch/S01_Q3.wav,434126,3d9833f5fc5b903ff7826d370b4375820518a7e9efde8bf155b53b5a103d1304,yes
2026-07-23_1030_sapi_v0.2_lit,2026-07-23_1030_sapi_v0.2_lit/audio/sapi5xml/rate_volume_pitch/S01_Q4.wav,346150,ecfc3c430b8b72ab1dc32ca0a462f0501fa12cb6194e1dba1552d89481bd9d80,yes
2026-07-23_1030_sapi_v0.2_lit,2026-07-23_1030_sapi_v0.2_lit/audio/sapi5xml/rate_volume_pitch/S02_Q1.wav,208090,2169a645013d0116d054700c78a0fb2366465aaf68630b5ade90d960181bd217,yes
2026-07-23_1030_sapi_v0.2_lit,2026-07-23_1030_sapi_v0.2_lit/audio/sapi5xml/rate_volume_pitch/S02_Q2.wav,262364,f25fa298fedfdb10be84a322e8920bafa0d6214bd0e2767382ffa83f5a520e99,yes
2026-07-23_1030_sapi_v0.2_lit,2026-07-23_1030_sapi_v0.2_lit/audio/sapi5xml/rate_volume_pitch/S02_Q3.wav,411422,d218eed0b8210a79a89ea1751c155d57bd036025295a94077affeb6a0da5005f,yes
2026-07-23_1030_sapi_v0.2_lit,2026-07-23_1030_sapi_v0.2_lit/audio/sapi5xml/rate_volume_pitch/S02_Q4.wav,328080,4be4f129402fbea5d9b651243e875d6d6fb9d1e172a23a504040e1e7f505bcad,yes
2026-07-23_1030_sapi_v0.2_lit,2026-07-23_1030_sapi_v0.2_lit/audio/sapi5xml/rate_volume_pitch/S03_Q1.wav,200676,48aa7d1543427915f5b5aa3a54f3c9f818121709c4b9c1e9ff24f283437eaac0,yes
2026-07-23_1030_sapi_v0.2_lit,2026-07-23_1030_sapi_v0.2_lit/audio/sapi5xml/rate_volume_pitch/S03_Q2.wav,251940,249d0258afbbd8f7c0138e3865128682ae340df4af84ca5d65d93eca6f418964,yes
2026-07-23_1030_sapi_v0.2_lit,2026-07-23_1030_sapi_v0.2_lit/audio/sapi5xml/rate_volume_pitch/S03_Q3.wav,395106,8dbfd200d23a0104de13a5e0012360ec5a12e910564c1d7f7b1ac0bbc0559e60,yes
2026-07-23_1030_sapi_v0.2_lit,2026-07-23_1030_sapi_v0.2_lit/audio/sapi5xml/rate_volume_pitch/S03_Q4.wav,315946,c378493002b02e759734e790c6906a3660b19b9538f9dd23a55a2058be3f779f,yes
2026-07-23_1030_sapi_v0.2_lit,2026-07-23_1030_sapi_v0.2_lit/audio/sapi5xml/rate_volume_pitch/S04_Q1.wav,177368,3af4d20efcb6f4f9647cb0a38d1a366800c6ed44bc7544ae011a5e0693bd19aa,yes
2026-07-23_1030_sapi_v0.2_lit,2026-07-23_1030_sapi_v0.2_lit/audio/sapi5xml/rate_volume_pitch/S04_Q2.wav,222320,3803d8bc0453ee13adf224302164e47d1f22e3aff0506d2e5313f0e5cfee169f,yes
2026-07-23_1030_sapi_v0.2_lit,2026-07-23_1030_sapi_v0.2_lit/audio/sapi5xml/rate_volume_pitch/S04_Q3.wav,349244,51e6b1c01c122eca51f02900f0c8ed0a35256e8c9992e22e3a92fc67406d856d,yes
2026-07-23_1030_sapi_v0.2_lit,2026-07-23_1030_sapi_v0.2_lit/audio/sapi5xml/rate_volume_pitch/S04_Q4.wav,280882,198adfb8467b3c6765339846c828e71aa6cac10f63dffac9f193a6e6f8f8f613,yes
2026-07-23_1030_sapi_v0.2_lit,2026-07-23_1030_sapi_v0.2_lit/audio/sapi5xml/rate_volume_pitch/S05_Q1.wav,207002,6e4d978422b54ead7b75444a9222e6aedfe5c9728c1d246f5a2aaf5eb399d830,yes
2026-07-23_1030_sapi_v0.2_lit,2026-07-23_1030_sapi_v0.2_lit/audio/sapi5xml/rate_volume_pitch/S05_Q2.wav,258618,e36589a1e7c710f829fbbe88b470dd2d8b46cc8bdf0ba88500df84ba5f7df46f,yes
2026-07-23_1030_sapi_v0.2_lit,2026-07-23_1030_sapi_v0.2_lit/audio/sapi5xml/rate_volume_pitch/S05_Q3.wav,407674,bc86c030886cc4edf52e6365e60fcf9b0079a54d61bb2b427889308229e23095,yes
2026-07-23_1030_sapi_v0.2_lit,2026-07-23_1030_sapi_v0.2_lit/audio/sapi5xml/rate_volume_pitch/S05_Q4.wav,325870,9d8ff19f3e644728e325a728423b9be2f07ca29bdecadd6affd26226b4ef1216,yes
2026-07-26_1733_sapi_e6_realtest,2026-07-26_1733_sapi_e6_realtest/audio/sapi5xml/neutral/S01_Q1.wav,318150,a5ec1bb6db1bcc3f205df601dea73279762fd0503d804e39489277fed6ff772d,yes
2026-07-26_1733_sapi_e6_realtest,2026-07-26_1733_sapi_e6_realtest/audio/sapi5xml/neutral/S01_Q2.wav,318150,a5ec1bb6db1bcc3f205df601dea73279762fd0503d804e39489277fed6ff772d,yes
2026-07-26_1733_sapi_e6_realtest,2026-07-26_1733_sapi_e6_realtest/audio/sapi5xml/neutral/S01_Q3.wav,318150,a5ec1bb6db1bcc3f205df601dea73279762fd0503d804e39489277fed6ff772d,yes
2026-07-26_1733_sapi_e6_realtest,2026-07-26_1733_sapi_e6_realtest/audio/sapi5xml/neutral/S01_Q4.wav,318150,a5ec1bb6db1bcc3f205df601dea73279762fd0503d804e39489277fed6ff772d,yes
2026-07-26_1733_sapi_e6_realtest,2026-07-26_1733_sapi_e6_realtest/audio/sapi5xml/neutral/S02_Q1.wav,300952,019fbc47306192f661425aa6a278de3da8cc2c4bffcf8107fd690ab41667dc0b,yes
2026-07-26_1733_sapi_e6_realtest,2026-07-26_1733_sapi_e6_realtest/audio/sapi5xml/neutral/S02_Q2.wav,300952,019fbc47306192f661425aa6a278de3da8cc2c4bffcf8107fd690ab41667dc0b,yes
2026-07-26_1733_sapi_e6_realtest,2026-07-26_1733_sapi_e6_realtest/audio/sapi5xml/neutral/S02_Q3.wav,300952,019fbc47306192f661425aa6a278de3da8cc2c4bffcf8107fd690ab41667dc0b,yes
2026-07-26_1733_sapi_e6_realtest,2026-07-26_1733_sapi_e6_realtest/audio/sapi5xml/neutral/S02_Q4.wav,300952,019fbc47306192f661425aa6a278de3da8cc2c4bffcf8107fd690ab41667dc0b,yes
2026-07-26_1733_sapi_e6_realtest,2026-07-26_1733_sapi_e6_realtest/audio/sapi5xml/neutral/S03_Q1.wav,290150,addd7d545f53a2d059274183fc612136c373c653e23f8edb1954ffddcd7d7872,yes
2026-07-26_1733_sapi_e6_realtest,2026-07-26_1733_sapi_e6_realtest/audio/sapi5xml/neutral/S03_Q2.wav,290150,addd7d545f53a2d059274183fc612136c373c653e23f8edb1954ffddcd7d7872,yes
2026-07-26_1733_sapi_e6_realtest,2026-07-26_1733_sapi_e6_realtest/audio/sapi5xml/neutral/S03_Q3.wav,290150,addd7d545f53a2d059274183fc612136c373c653e23f8edb1954ffddcd7d7872,yes
2026-07-26_1733_sapi_e6_realtest,2026-07-26_1733_sapi_e6_realtest/audio/sapi5xml/neutral/S03_Q4.wav,290150,addd7d545f53a2d059274183fc612136c373c653e23f8edb1954ffddcd7d7872,yes
2026-07-26_1733_sapi_e6_realtest,2026-07-26_1733_sapi_e6_realtest/audio/sapi5xml/neutral/S04_Q1.wav,257294,243df97ebed357a0b328852e7be39dc34e7ea3d7279d00c6581d12aa108756b3,yes
2026-07-26_1733_sapi_e6_realtest,2026-07-26_1733_sapi_e6_realtest/audio/sapi5xml/neutral/S04_Q2.wav,257294,243df97ebed357a0b328852e7be39dc34e7ea3d7279d00c6581d12aa108756b3,yes
2026-07-26_1733_sapi_e6_realtest,2026-07-26_1733_sapi_e6_realtest/audio/sapi5xml/neutral/S04_Q3.wav,257294,243df97ebed357a0b328852e7be39dc34e7ea3d7279d00c6581d12aa108756b3,yes
2026-07-26_1733_sapi_e6_realtest,2026-07-26_1733_sapi_e6_realtest/audio/sapi5xml/neutral/S04_Q4.wav,257294,243df97ebed357a0b328852e7be39dc34e7ea3d7279d00c6581d12aa108756b3,yes
2026-07-26_1733_sapi_e6_realtest,2026-07-26_1733_sapi_e6_realtest/audio/sapi5xml/neutral/S05_Q1.wav,297878,60e09d23f0e7750fe1fcbdf34e110d5ff360be97080b6f7a982e4401a86c02a3,yes
2026-07-26_1733_sapi_e6_realtest,2026-07-26_1733_sapi_e6_realtest/audio/sapi5xml/neutral/S05_Q2.wav,297878,60e09d23f0e7750fe1fcbdf34e110d5ff360be97080b6f7a982e4401a86c02a3,yes
2026-07-26_1733_sapi_e6_realtest,2026-07-26_1733_sapi_e6_realtest/audio/sapi5xml/neutral/S05_Q3.wav,297878,60e09d23f0e7750fe1fcbdf34e110d5ff360be97080b6f7a982e4401a86c02a3,yes
2026-07-26_1733_sapi_e6_realtest,2026-07-26_1733_sapi_e6_realtest/audio/sapi5xml/neutral/S05_Q4.wav,297878,60e09d23f0e7750fe1fcbdf34e110d5ff360be97080b6f7a982e4401a86c02a3,yes
2026-07-26_1733_sapi_e6_realtest,2026-07-26_1733_sapi_e6_realtest/audio/sapi5xml/rate/S01_Q1.wav,220312,1b30abc6149651597b9b901febb1a35999122331919a060954bfaa93595e5e8c,yes
2026-07-26_1733_sapi_e6_realtest,2026-07-26_1733_sapi_e6_realtest/audio/sapi5xml/rate/S01_Q2.wav,276328,7c73949a6629543475ac02f4f549a4f028964a62997d4dfd07230aa3eef6dace,yes
2026-07-26_1733_sapi_e6_realtest,2026-07-26_1733_sapi_e6_realtest/audio/sapi5xml/rate/S01_Q3.wav,434126,c3f845bb59d2eae83663c72e89bdfa4cae6e3614b2e712403c061a7863c52cba,yes
2026-07-26_1733_sapi_e6_realtest,2026-07-26_1733_sapi_e6_realtest/audio/sapi5xml/rate/S01_Q4.wav,346150,b4ae03cae6212357878492e5dee9c05396ae899f6a356f420deb8274577fe71f,yes
2026-07-26_1733_sapi_e6_realtest,2026-07-26_1733_sapi_e6_realtest/audio/sapi5xml/rate/S02_Q1.wav,208028,3a340392ab2450bdd790697434c70282431f9ee9eb1cd34571c2c2f6a2b183e0,yes
2026-07-26_1733_sapi_e6_realtest,2026-07-26_1733_sapi_e6_realtest/audio/sapi5xml/rate/S02_Q2.wav,262364,aa6c3c1c99186074d9f648052b1620819d7a22924a3b5fafb5563921824f4fdc,yes
2026-07-26_1733_sapi_e6_realtest,2026-07-26_1733_sapi_e6_realtest/audio/sapi5xml/rate/S02_Q3.wav,411422,b3429dfbf2aa669f5fbbde33cdd71b1180ada0e929beb855f782516e9c20cb20,yes
2026-07-26_1733_sapi_e6_realtest,2026-07-26_1733_sapi_e6_realtest/audio/sapi5xml/rate/S02_Q4.wav,328080,9875f410a2904e7135b1de4df305fe65d6b420b367f94612ca3d8c1cc172b393,yes
2026-07-26_1733_sapi_e6_realtest,2026-07-26_1733_sapi_e6_realtest/audio/sapi5xml/rate/S03_Q1.wav,200624,c4d1d1a6ef56d543eff016e5da8b5e36a1053af943d0eca7ebe9aad8391f0c50,yes
2026-07-26_1733_sapi_e6_realtest,2026-07-26_1733_sapi_e6_realtest/audio/sapi5xml/rate/S03_Q2.wav,251940,02c323aef2b0e57035fbfb98bbc7c3eab98d76cbca687f8c40dd58f6fa63c813,yes
2026-07-26_1733_sapi_e6_realtest,2026-07-26_1733_sapi_e6_realtest/audio/sapi5xml/rate/S03_Q3.wav,395106,7fa3f6496604ee1de9a94b3e563a649a9144e4d370195244e87aae0994fcd82d,yes
2026-07-26_1733_sapi_e6_realtest,2026-07-26_1733_sapi_e6_realtest/audio/sapi5xml/rate/S03_Q4.wav,315946,0c5fe9f1021c17291306e9739195586faee2316284d53ec8cd94f11cada4499b,yes
2026-07-26_1733_sapi_e6_realtest,2026-07-26_1733_sapi_e6_realtest/audio/sapi5xml/rate/S04_Q1.wav,177566,11fd885db30f3357a42508a39e38c10b7878e6f520a73af16281d5df8eb16a3b,yes
2026-07-26_1733_sapi_e6_realtest,2026-07-26_1733_sapi_e6_realtest/audio/sapi5xml/rate/S04_Q2.wav,222320,e366bd42d3a5d8e6358d5a7acf9c7783e0646eb6e408711588acffd607f65609,yes
2026-07-26_1733_sapi_e6_realtest,2026-07-26_1733_sapi_e6_realtest/audio/sapi5xml/rate/S04_Q3.wav,349244,90a91c0d16dda9e5bc5804a65ad4b7fea35fb9764db093719bdb7ce5f44ebafd,yes
2026-07-26_1733_sapi_e6_realtest,2026-07-26_1733_sapi_e6_realtest/audio/sapi5xml/rate/S04_Q4.wav,280882,25d290ffa4a2f10193864f824cd4bf0a5a2635627f2db40038f362d242fd820d,yes
2026-07-26_1733_sapi_e6_realtest,2026-07-26_1733_sapi_e6_realtest/audio/sapi5xml/rate/S05_Q1.wav,206980,c1238924993b97e79ab057a537a2d499138501976e401faa3ab6fb3378567ffa,yes
2026-07-26_1733_sapi_e6_realtest,2026-07-26_1733_sapi_e6_realtest/audio/sapi5xml/rate/S05_Q2.wav,258618,0106db37a475f198a3c932f684c9fa1115421d59b6f0efe3570fd5149f8af6a1,yes
2026-07-26_1733_sapi_e6_realtest,2026-07-26_1733_sapi_e6_realtest/audio/sapi5xml/rate/S05_Q3.wav,407674,6cddac943ad75e755cb50821471bda8cf878438abdb23ac1800ec7ded3448a97,yes
2026-07-26_1733_sapi_e6_realtest,2026-07-26_1733_sapi_e6_realtest/audio/sapi5xml/rate/S05_Q4.wav,325870,3be51699b89f913147474b37c7c4dec96999f8e791f60d698c1f37ec02b0e8d9,yes
2026-07-26_1733_sapi_e6_realtest,2026-07-26_1733_sapi_e6_realtest/audio/sapi5xml/rate_volume/S01_Q1.wav,220312,9d8a2ce2748518988b86b0543536cd62f1e1f8659ed931884b2063a0438a1221,yes
2026-07-26_1733_sapi_e6_realtest,2026-07-26_1733_sapi_e6_realtest/audio/sapi5xml/rate_volume/S01_Q2.wav,276328,98df2457832780d87846b39609589acc600a4c8c54dba6355156a4a1914f2b90,yes
2026-07-26_1733_sapi_e6_realtest,2026-07-26_1733_sapi_e6_realtest/audio/sapi5xml/rate_volume/S01_Q3.wav,434126,30dbcb13b3945cad90bc9ee80b86f512777e30a898e89a07037d8b2262394b02,yes
2026-07-26_1733_sapi_e6_realtest,2026-07-26_1733_sapi_e6_realtest/audio/sapi5xml/rate_volume/S01_Q4.wav,346150,247fb82b1afbb72da7f5a12725f731ed2ef3a6a15d260dcd77445bac172c7784,yes
2026-07-26_1733_sapi_e6_realtest,2026-07-26_1733_sapi_e6_realtest/audio/sapi5xml/rate_volume/S02_Q1.wav,208028,ba20b42dae5d72d28e794b6e01718ad4e67c8a914e6fb433bd824cb4d8e67ecc,yes
2026-07-26_1733_sapi_e6_realtest,2026-07-26_1733_sapi_e6_realtest/audio/sapi5xml/rate_volume/S02_Q2.wav,262364,fe1bd1182c68cf2c12a41492e521bb093d153b54921f8a6b7266449b1e920142,yes
2026-07-26_1733_sapi_e6_realtest,2026-07-26_1733_sapi_e6_realtest/audio/sapi5xml/rate_volume/S02_Q3.wav,411422,6dec974eb6e4b00bd81319eeae36c3f7f1ecfb40bcb151554598adc3b1ee5cd3,yes
2026-07-26_1733_sapi_e6_realtest,2026-07-26_1733_sapi_e6_realtest/audio/sapi5xml/rate_volume/S02_Q4.wav,328080,e8e60552e67d5ced0c7ce7eba5a221ff8d9356e453f25838374e1d84f791a5d7,yes
2026-07-26_1733_sapi_e6_realtest,2026-07-26_1733_sapi_e6_realtest/audio/sapi5xml/rate_volume/S03_Q1.wav,200624,705e358069fa8e9b5888e1864f2fbcff9075ac7206b6f6f91a5dde8abad87ee5,yes
2026-07-26_1733_sapi_e6_realtest,2026-07-26_1733_sapi_e6_realtest/audio/sapi5xml/rate_volume/S03_Q2.wav,251940,b6cab511502e1ed6ea31b837dabbd52f598acc53ed909229a521101fb62da59c,yes
2026-07-26_1733_sapi_e6_realtest,2026-07-26_1733_sapi_e6_realtest/audio/sapi5xml/rate_volume/S03_Q3.wav,395106,5cdb3196a37240e82b6358a3ca74b85af7b39f744118b75bee918720a702f56a,yes
2026-07-26_1733_sapi_e6_realtest,2026-07-26_1733_sapi_e6_realtest/audio/sapi5xml/rate_volume/S03_Q4.wav,315946,a99dc4eb5547940d6937882feca98e88047f8624f62a79b50e48c700b5b0f45f,yes
2026-07-26_1733_sapi_e6_realtest,2026-07-26_1733_sapi_e6_realtest/audio/sapi5xml/rate_volume/S04_Q1.wav,177566,7ebe9a22e15ed2c28a4d53f03f93293b3f5c3d7c7ee626f14431aa272d668b29,yes
2026-07-26_1733_sapi_e6_realtest,2026-07-26_1733_sapi_e6_realtest/audio/sapi5xml/rate_volume/S04_Q2.wav,222320,8cf5b2f904c2db0c771668cdf1c6fd086cf1393bde8385c6485b0175628de1aa,yes
2026-07-26_1733_sapi_e6_realtest,2026-07-26_1733_sapi_e6_realtest/audio/sapi5xml/rate_volume/S04_Q3.wav,349244,aa30ca5fecfd518aa701a98a658dec2b5acd7e575597cb2208985c1adcb5e6f6,yes
2026-07-26_1733_sapi_e6_realtest,2026-07-26_1733_sapi_e6_realtest/audio/sapi5xml/rate_volume/S04_Q4.wav,280882,f3025810b7e79175ffee9689372ccdfc62d4df5237235058be0f82f648c20263,yes
2026-07-26_1733_sapi_e6_realtest,2026-07-26_1733_sapi_e6_realtest/audio/sapi5xml/rate_volume/S05_Q1.wav,206980,2fec289a8eb60dde6fc84d1f13b14a3d732bafec62f630d37e0786d246038a6c,yes
2026-07-26_1733_sapi_e6_realtest,2026-07-26_1733_sapi_e6_realtest/audio/sapi5xml/rate_volume/S05_Q2.wav,258618,a0064f57bf2653d908ae32a03819618a80f6f7c63484b2a2af066954f3ee8d41,yes
2026-07-26_1733_sapi_e6_realtest,2026-07-26_1733_sapi_e6_realtest/audio/sapi5xml/rate_volume/S05_Q3.wav,407674,1425952a0f409b98fb34b96c5f05a81b574d710f2b4d31a30e14a37d8bdf5dcf,yes
2026-07-26_1733_sapi_e6_realtest,2026-07-26_1733_sapi_e6_realtest/audio/sapi5xml/rate_volume/S05_Q4.wav,325870,0052e762b82be1a55266f6a03661508914c97e8430eeaad707f546f584f1a450,yes
2026-07-26_1733_sapi_e6_realtest,2026-07-26_1733_sapi_e6_realtest/audio/sapi5xml/rate_volume_pitch/S01_Q1.wav,220440,1addda84f4f649b6ed3e160a64d0fd2c9e1b12bc3f06979b0547495de179919f,yes
2026-07-26_1733_sapi_e6_realtest,2026-07-26_1733_sapi_e6_realtest/audio/sapi5xml/rate_volume_pitch/S01_Q2.wav,276328,3d7aaf7155778ee0db2c334fe4149f7c5887dc4e451a634c44a67e9f48bea60d,yes
2026-07-26_1733_sapi_e6_realtest,2026-07-26_1733_sapi_e6_realtest/audio/sapi5xml/rate_volume_pitch/S01_Q3.wav,434126,3d9833f5fc5b903ff7826d370b4375820518a7e9efde8bf155b53b5a103d1304,yes
2026-07-26_1733_sapi_e6_realtest,2026-07-26_1733_sapi_e6_realtest/audio/sapi5xml/rate_volume_pitch/S01_Q4.wav,346150,ecfc3c430b8b72ab1dc32ca0a462f0501fa12cb6194e1dba1552d89481bd9d80,yes
2026-07-26_1733_sapi_e6_realtest,2026-07-26_1733_sapi_e6_realtest/audio/sapi5xml/rate_volume_pitch/S02_Q1.wav,208090,2169a645013d0116d054700c78a0fb2366465aaf68630b5ade90d960181bd217,yes
2026-07-26_1733_sapi_e6_realtest,2026-07-26_1733_sapi_e6_realtest/audio/sapi5xml/rate_volume_pitch/S02_Q2.wav,262364,f25fa298fedfdb10be84a322e8920bafa0d6214bd0e2767382ffa83f5a520e99,yes
2026-07-26_1733_sapi_e6_realtest,2026-07-26_1733_sapi_e6_realtest/audio/sapi5xml/rate_volume_pitch/S02_Q3.wav,411422,d218eed0b8210a79a89ea1751c155d57bd036025295a94077affeb6a0da5005f,yes
2026-07-26_1733_sapi_e6_realtest,2026-07-26_1733_sapi_e6_realtest/audio/sapi5xml/rate_volume_pitch/S02_Q4.wav,328080,4be4f129402fbea5d9b651243e875d6d6fb9d1e172a23a504040e1e7f505bcad,yes
2026-07-26_1733_sapi_e6_realtest,2026-07-26_1733_sapi_e6_realtest/audio/sapi5xml/rate_volume_pitch/S03_Q1.wav,200676,48aa7d1543427915f5b5aa3a54f3c9f818121709c4b9c1e9ff24f283437eaac0,yes
2026-07-26_1733_sapi_e6_realtest,2026-07-26_1733_sapi_e6_realtest/audio/sapi5xml/rate_volume_pitch/S03_Q2.wav,251940,249d0258afbbd8f7c0138e3865128682ae340df4af84ca5d65d93eca6f418964,yes
2026-07-26_1733_sapi_e6_realtest,2026-07-26_1733_sapi_e6_realtest/audio/sapi5xml/rate_volume_pitch/S03_Q3.wav,395106,8dbfd200d23a0104de13a5e0012360ec5a12e910564c1d7f7b1ac0bbc0559e60,yes
2026-07-26_1733_sapi_e6_realtest,2026-07-26_1733_sapi_e6_realtest/audio/sapi5xml/rate_volume_pitch/S03_Q4.wav,315946,c378493002b02e759734e790c6906a3660b19b9538f9dd23a55a2058be3f779f,yes
2026-07-26_1733_sapi_e6_realtest,2026-07-26_1733_sapi_e6_realtest/audio/sapi5xml/rate_volume_pitch/S04_Q1.wav,177368,3af4d20efcb6f4f9647cb0a38d1a366800c6ed44bc7544ae011a5e0693bd19aa,yes
2026-07-26_1733_sapi_e6_realtest,2026-07-26_1733_sapi_e6_realtest/audio/sapi5xml/rate_volume_pitch/S04_Q2.wav,222320,3803d8bc0453ee13adf224302164e47d1f22e3aff0506d2e5313f0e5cfee169f,yes
2026-07-26_1733_sapi_e6_realtest,2026-07-26_1733_sapi_e6_realtest/audio/sapi5xml/rate_volume_pitch/S04_Q3.wav,349244,51e6b1c01c122eca51f02900f0c8ed0a35256e8c9992e22e3a92fc67406d856d,yes
2026-07-26_1733_sapi_e6_realtest,2026-07-26_1733_sapi_e6_realtest/audio/sapi5xml/rate_volume_pitch/S04_Q4.wav,280882,198adfb8467b3c6765339846c828e71aa6cac10f63dffac9f193a6e6f8f8f613,yes
2026-07-26_1733_sapi_e6_realtest,2026-07-26_1733_sapi_e6_realtest/audio/sapi5xml/rate_volume_pitch/S05_Q1.wav,207002,6e4d978422b54ead7b75444a9222e6aedfe5c9728c1d246f5a2aaf5eb399d830,yes
2026-07-26_1733_sapi_e6_realtest,2026-07-26_1733_sapi_e6_realtest/audio/sapi5xml/rate_volume_pitch/S05_Q2.wav,258618,e36589a1e7c710f829fbbe88b470dd2d8b46cc8bdf0ba88500df84ba5f7df46f,yes
2026-07-26_1733_sapi_e6_realtest,2026-07-26_1733_sapi_e6_realtest/audio/sapi5xml/rate_volume_pitch/S05_Q3.wav,407674,bc86c030886cc4edf52e6365e60fcf9b0079a54d61bb2b427889308229e23095,yes
2026-07-26_1733_sapi_e6_realtest,2026-07-26_1733_sapi_e6_realtest/audio/sapi5xml/rate_volume_pitch/S05_Q4.wav,325870,9d8ff19f3e644728e325a728423b9be2f07ca29bdecadd6affd26226b4ef1216,yes
2026-07-26_2340_espeak_check,2026-07-26_2340_espeak_check/audio/espeak/neutral/S01_Q1.wav,279294,88db42484203fdc319df3381cd05cacb838fbcd25ab8545fe7177fdc1dd63c5a,yes
2026-07-26_2340_espeak_check,2026-07-26_2340_espeak_check/audio/espeak/neutral/S01_Q2.wav,279294,88db42484203fdc319df3381cd05cacb838fbcd25ab8545fe7177fdc1dd63c5a,yes
2026-07-26_2340_espeak_check,2026-07-26_2340_espeak_check/audio/espeak/neutral/S01_Q3.wav,279294,88db42484203fdc319df3381cd05cacb838fbcd25ab8545fe7177fdc1dd63c5a,yes
2026-07-26_2340_espeak_check,2026-07-26_2340_espeak_check/audio/espeak/neutral/S01_Q4.wav,279294,88db42484203fdc319df3381cd05cacb838fbcd25ab8545fe7177fdc1dd63c5a,yes
2026-07-26_2340_espeak_check,2026-07-26_2340_espeak_check/audio/espeak/neutral/S02_Q1.wav,253406,d2b2e60ee024b20ccfe4abcb181ebe4695f654b3ae95e5ac5bbff99422778abd,yes
2026-07-26_2340_espeak_check,2026-07-26_2340_espeak_check/audio/espeak/neutral/S02_Q2.wav,253406,d2b2e60ee024b20ccfe4abcb181ebe4695f654b3ae95e5ac5bbff99422778abd,yes
2026-07-26_2340_espeak_check,2026-07-26_2340_espeak_check/audio/espeak/neutral/S02_Q3.wav,253406,d2b2e60ee024b20ccfe4abcb181ebe4695f654b3ae95e5ac5bbff99422778abd,yes
2026-07-26_2340_espeak_check,2026-07-26_2340_espeak_check/audio/espeak/neutral/S02_Q4.wav,253406,d2b2e60ee024b20ccfe4abcb181ebe4695f654b3ae95e5ac5bbff99422778abd,yes
2026-07-26_2340_espeak_check,2026-07-26_2340_espeak_check/audio/espeak/neutral/S03_Q1.wav,262552,0bb61bcc9b0d93f431a36aa20871f3d8c8a947e26c60c5f03f89a2695d5603b4,yes
2026-07-26_2340_espeak_check,2026-07-26_2340_espeak_check/audio/espeak/neutral/S03_Q2.wav,262552,0bb61bcc9b0d93f431a36aa20871f3d8c8a947e26c60c5f03f89a2695d5603b4,yes
2026-07-26_2340_espeak_check,2026-07-26_2340_espeak_check/audio/espeak/neutral/S03_Q3.wav,262552,0bb61bcc9b0d93f431a36aa20871f3d8c8a947e26c60c5f03f89a2695d5603b4,yes
2026-07-26_2340_espeak_check,2026-07-26_2340_espeak_check/audio/espeak/neutral/S03_Q4.wav,262552,0bb61bcc9b0d93f431a36aa20871f3d8c8a947e26c60c5f03f89a2695d5603b4,yes
2026-07-26_2340_espeak_check,2026-07-26_2340_espeak_check/audio/espeak/neutral/S04_Q1.wav,233788,99c51e891a6133fa7060fe07ac2c4cd13c9ab1c5dc2824dc09a6fab259063452,yes
2026-07-26_2340_espeak_check,2026-07-26_2340_espeak_check/audio/espeak/neutral/S04_Q2.wav,233788,99c51e891a6133fa7060fe07ac2c4cd13c9ab1c5dc2824dc09a6fab259063452,yes
2026-07-26_2340_espeak_check,2026-07-26_2340_espeak_check/audio/espeak/neutral/S04_Q3.wav,233788,99c51e891a6133fa7060fe07ac2c4cd13c9ab1c5dc2824dc09a6fab259063452,yes
2026-07-26_2340_espeak_check,2026-07-26_2340_espeak_check/audio/espeak/neutral/S04_Q4.wav,233788,99c51e891a6133fa7060fe07ac2c4cd13c9ab1c5dc2824dc09a6fab259063452,yes
2026-07-26_2340_espeak_check,2026-07-26_2340_espeak_check/audio/espeak/neutral/S05_Q1.wav,247496,d8b78c9137a60bf1f8b229085648c191dac8aea1b2a6580003507ee1ae3bbde6,yes
2026-07-26_2340_espeak_check,2026-07-26_2340_espeak_check/audio/espeak/neutral/S05_Q2.wav,247496,d8b78c9137a60bf1f8b229085648c191dac8aea1b2a6580003507ee1ae3bbde6,yes
2026-07-26_2340_espeak_check,2026-07-26_2340_espeak_check/audio/espeak/neutral/S05_Q3.wav,247496,d8b78c9137a60bf1f8b229085648c191dac8aea1b2a6580003507ee1ae3bbde6,yes
2026-07-26_2340_espeak_check,2026-07-26_2340_espeak_check/audio/espeak/neutral/S05_Q4.wav,247496,d8b78c9137a60bf1f8b229085648c191dac8aea1b2a6580003507ee1ae3bbde6,yes
2026-07-26_2340_espeak_check,2026-07-26_2340_espeak_check/audio/espeak/rate/S01_Q1.wav,239694,d98bb861a824d3c2ccd471acab7856c76b397aa8d099a7f350a3c69a739c8706,yes
2026-07-26_2340_espeak_check,2026-07-26_2340_espeak_check/audio/espeak/rate/S01_Q2.wav,259378,5be9b53aeb13555f62b85bfbfb3f92799b6460cccc4224996d56bc9fc34b57ca,yes
2026-07-26_2340_espeak_check,2026-07-26_2340_espeak_check/audio/espeak/rate/S01_Q3.wav,333270,807aac8d0c84f16120a15f18fe060670f2d26a96967cb6ffa5200015fae0eb1b,yes
2026-07-26_2340_espeak_check,2026-07-26_2340_espeak_check/audio/espeak/rate/S01_Q4.wav,302086,062f90d69f2873afc1bba5384e8ecaee95e7e6341837a2a8e16e758d3d329f3f,yes
2026-07-26_2340_espeak_check,2026-07-26_2340_espeak_check/audio/espeak/rate/S02_Q1.wav,217464,4c899dcd2e9401bd6930480fb23226a588302e3bd299025d2afd5a9d380b4c5c,yes
2026-07-26_2340_espeak_check,2026-07-26_2340_espeak_check/audio/espeak/rate/S02_Q2.wav,234902,050b614b9ffc88c4b87cc34b44751071a45346cf904edfe3dc949589d99e81bb,yes
2026-07-26_2340_espeak_check,2026-07-26_2340_espeak_check/audio/espeak/rate/S02_Q3.wav,305516,fa576c30f30d828c4322da931686520c0fb28d2710dd2f331204e68e3cb7399e,yes
2026-07-26_2340_espeak_check,2026-07-26_2340_espeak_check/audio/espeak/rate/S02_Q4.wav,275662,07168088c32a98f186cffcc12a1cf07a98b790f33c575be0f1e6c95b67a82032,yes
2026-07-26_2340_espeak_check,2026-07-26_2340_espeak_check/audio/espeak/rate/S03_Q1.wav,224094,9ea74263118ef38cda19557064578db01f6902c6a1b3a652a3e679ae3c4b7efd,yes
2026-07-26_2340_espeak_check,2026-07-26_2340_espeak_check/audio/espeak/rate/S03_Q2.wav,242690,9f173bfde8a9f6e7e55a9ba97799f984737990a33deec32666e842075a224fe6,yes
2026-07-26_2340_espeak_check,2026-07-26_2340_espeak_check/audio/espeak/rate/S03_Q3.wav,314336,9eb8d1ee2b2bc74990065957b3b10a95a3d5a4a656fdef11d5beed68576ecd75,yes
2026-07-26_2340_espeak_check,2026-07-26_2340_espeak_check/audio/espeak/rate/S03_Q4.wav,283880,393618f038499aaf7c596f0129ad0f338db40ed6a7cdbe5cfbbbb83c3382f9cf,yes
2026-07-26_2340_espeak_check,2026-07-26_2340_espeak_check/audio/espeak/rate/S04_Q1.wav,202052,78b848f9e3514a88d7fb2036ba904cb4c0010ec79247e408733b1c366a326024,yes
2026-07-26_2340_espeak_check,2026-07-26_2340_espeak_check/audio/espeak/rate/S04_Q2.wav,217234,bf8eb0aa38b675da057bd9fefa08177417f7105fd08eaef8f360d567b66d12ce,yes
2026-07-26_2340_espeak_check,2026-07-26_2340_espeak_check/audio/espeak/rate/S04_Q3.wav,280600,dde24a994eb236b526749be5fd7d4bf876f26016b3effcbc4ce1d961ba3ae5a8,yes
2026-07-26_2340_espeak_check,2026-07-26_2340_espeak_check/audio/espeak/rate/S04_Q4.wav,253610,fb167f02b0c3f52c42ab213bb845fbcffdb6067615ab14d3d7f7d4e847489bd9,yes
2026-07-26_2340_espeak_check,2026-07-26_2340_espeak_check/audio/espeak/rate/S05_Q1.wav,209074,680845ba17a3d93ca4a56e57a417638b6f0a9630433c074c8c95998a2b93088d,yes
2026-07-26_2340_espeak_check,2026-07-26_2340_espeak_check/audio/espeak/rate/S05_Q2.wav,226962,a8b7cb717b39ae9ff1c2be9d7f87b4563416d552d6e4e6182dec32ac6b5f1129,yes
2026-07-26_2340_espeak_check,2026-07-26_2340_espeak_check/audio/espeak/rate/S05_Q3.wav,298402,facde7de47cf0d5d4f4d0b65238f03b7c4ef412f744301f6010b74cdc2177c00,yes
2026-07-26_2340_espeak_check,2026-07-26_2340_espeak_check/audio/espeak/rate/S05_Q4.wav,267566,2fa88b860681ac387f2c0073e1b5a2925f12697f0e177bbbdf3d34d5361c7cfc,yes
2026-07-26_2340_espeak_check,2026-07-26_2340_espeak_check/audio/espeak/rate_volume/S01_Q1.wav,239694,8ccebf36af238d9466720f41569d93fdc8f8b37ab53c79a7c2ff07495d627c4c,yes
2026-07-26_2340_espeak_check,2026-07-26_2340_espeak_check/audio/espeak/rate_volume/S01_Q2.wav,259378,67888faab377cf7c742bdcfdb00d1f4a11800fe14ee2fd72e1a6f338bd5efdeb,yes
2026-07-26_2340_espeak_check,2026-07-26_2340_espeak_check/audio/espeak/rate_volume/S01_Q3.wav,333270,913a46f5525b7307e132784f71f6da72b97f56349e729c31cf0b0fa299589905,yes
2026-07-26_2340_espeak_check,2026-07-26_2340_espeak_check/audio/espeak/rate_volume/S01_Q4.wav,302086,e00beea5334a4899c028f5968abc70bfb07e37a1b6026d68dead63a04e7a33d7,yes
2026-07-26_2340_espeak_check,2026-07-26_2340_espeak_check/audio/espeak/rate_volume/S02_Q1.wav,217464,eaf04f4c1f392afe0ab39e98f494eef14798f4f17ec39b20cb5c26f36e81037d,yes
2026-07-26_2340_espeak_check,2026-07-26_2340_espeak_check/audio/espeak/rate_volume/S02_Q2.wav,234902,f8510d5675f3a2a9e05cf1575103cbd14924e4aafbb4790365dc80ad4c75854e,yes
2026-07-26_2340_espeak_check,2026-07-26_2340_espeak_check/audio/espeak/rate_volume/S02_Q3.wav,305516,681d369476383ce021d505e0712ed30fba7acc24300561c6f5e9f88900974e18,yes
2026-07-26_2340_espeak_check,2026-07-26_2340_espeak_check/audio/espeak/rate_volume/S02_Q4.wav,275662,fe6040599ae62ebb3ddb60d8a9cff7ec09e238bad152f53b74fda53264afc952,yes
2026-07-26_2340_espeak_check,2026-07-26_2340_espeak_check/audio/espeak/rate_volume/S03_Q1.wav,224094,22f982ec164e06869a75818e8b7293264ca78b7f45291bd3b5e38dc149b77326,yes
2026-07-26_2340_espeak_check,2026-07-26_2340_espeak_check/audio/espeak/rate_volume/S03_Q2.wav,242690,39fe751e0a9db797611cc9d59db82b4c1c4e04df348ecea5e4df6496b3d0d662,yes
2026-07-26_2340_espeak_check,2026-07-26_2340_espeak_check/audio/espeak/rate_volume/S03_Q3.wav,314336,581b5ac74b67c6aaa9dc75d907e80388affb94d81a88bd341bbdacaeafbaf6e9,yes
2026-07-26_2340_espeak_check,2026-07-26_2340_espeak_check/audio/espeak/rate_volume/S03_Q4.wav,283880,4abef56e27a5d6802c89243b229e8689b3c8fed9a65ec051c95e5903ea836707,yes
2026-07-26_2340_espeak_check,2026-07-26_2340_espeak_check/audio/espeak/rate_volume/S04_Q1.wav,202052,a0fbbb0391929525d02d5a9d814142f3b13620c2b73128c05b48dae6664d0086,yes
2026-07-26_2340_espeak_check,2026-07-26_2340_espeak_check/audio/espeak/rate_volume/S04_Q2.wav,217234,fa198964c2ce1631d654a1b3d9e0345f31c80e465aa50e690789261692c84e04,yes
2026-07-26_2340_espeak_check,2026-07-26_2340_espeak_check/audio/espeak/rate_volume/S04_Q3.wav,280600,8a62debb12be031ef4e7a8ff62e57f751b48ce1787b213fc6a794f1bf570ec54,yes
2026-07-26_2340_espeak_check,2026-07-26_2340_espeak_check/audio/espeak/rate_volume/S04_Q4.wav,253610,e71ce1249bb3b48aa813e03db630429131211185fd7cfee9bb647678318b3c61,yes
2026-07-26_2340_espeak_check,2026-07-26_2340_espeak_check/audio/espeak/rate_volume/S05_Q1.wav,209074,67c83b438f7222a0ca5a6a5bad311e20b281b3efed273999056ac50353fc93f3,yes
2026-07-26_2340_espeak_check,2026-07-26_2340_espeak_check/audio/espeak/rate_volume/S05_Q2.wav,226962,1a3921a069ae7c10dd912eea2c3054098f673d84e68c704972c282e56d59c677,yes
2026-07-26_2340_espeak_check,2026-07-26_2340_espeak_check/audio/espeak/rate_volume/S05_Q3.wav,298402,da9064b21c1d64677ce107fdf205442e623856f0e794a3a4ea74d0d9681323d6,yes
2026-07-26_2340_espeak_check,2026-07-26_2340_espeak_check/audio/espeak/rate_volume/S05_Q4.wav,267566,d9675259797bec887b3c4cb0d661aec5600ab6ab25f39b692a00615f1133107d,yes
2026-07-26_2340_espeak_check,2026-07-26_2340_espeak_check/audio/espeak/rate_volume_pitch/S01_Q1.wav,238334,809fddf0f920dbf36c8f7b0ecba0a88620beb74eb0ac3a48d66d70717d430472,yes
2026-07-26_2340_espeak_check,2026-07-26_2340_espeak_check/audio/espeak/rate_volume_pitch/S01_Q2.wav,259212,69736af3f6b635de1118161e2bb90d967f1fbae0293ee8d44341111c5e411f5b,yes
2026-07-26_2340_espeak_check,2026-07-26_2340_espeak_check/audio/espeak/rate_volume_pitch/S01_Q3.wav,333528,38f3b70bc47a9552619749819aa50fdc77a3f7bb632d2c980dece3aa6c6033d6,yes
2026-07-26_2340_espeak_check,2026-07-26_2340_espeak_check/audio/espeak/rate_volume_pitch/S01_Q4.wav,300522,ada9826add2763f56eca3e5de8fa07cf711e7713d3612ef97335758cc1b7fe20,yes
2026-07-26_2340_espeak_check,2026-07-26_2340_espeak_check/audio/espeak/rate_volume_pitch/S02_Q1.wav,216464,0c28b0579f879dced04458435c938e2e3fe317484866cc004d5777b7983a8a1b,yes
2026-07-26_2340_espeak_check,2026-07-26_2340_espeak_check/audio/espeak/rate_volume_pitch/S02_Q2.wav,235228,9c4a30db0455b225b7a5dbd0d9d58ac7ab5f365c2e363a9cb976533e72978282,yes
2026-07-26_2340_espeak_check,2026-07-26_2340_espeak_check/audio/espeak/rate_volume_pitch/S02_Q3.wav,304094,5bcb47eb87d3d2e6e965b73342b276a860a934ec2e0b422fbc99f95e6b9d7cf7,yes
2026-07-26_2340_espeak_check,2026-07-26_2340_espeak_check/audio/espeak/rate_volume_pitch/S02_Q4.wav,275234,88eae5daccaaf82574fd7e09e0bb2bd53c81cb43310583ac6e3615ff6ee049d5,yes
2026-07-26_2340_espeak_check,2026-07-26_2340_espeak_check/audio/espeak/rate_volume_pitch/S03_Q1.wav,222736,8d6dc74d22de44e880f6714628df201e7f940ba05ac7bdb45b4f666d78d5a663,yes
2026-07-26_2340_espeak_check,2026-07-26_2340_espeak_check/audio/espeak/rate_volume_pitch/S03_Q2.wav,243738,d7c282846553a102be3d3b0645b09304f365ae86962f410dd833eba2eedaf638,yes
2026-07-26_2340_espeak_check,2026-07-26_2340_espeak_check/audio/espeak/rate_volume_pitch/S03_Q3.wav,316816,3e00edfbeeabda3f382e25cbca8000413f47af2f812fe9ccb7eff7beb524006d,yes
2026-07-26_2340_espeak_check,2026-07-26_2340_espeak_check/audio/espeak/rate_volume_pitch/S03_Q4.wav,283698,8572eb63d148efe786d78a4a5242f1b13dbb5cb795d4393494a653c05311e020,yes
2026-07-26_2340_espeak_check,2026-07-26_2340_espeak_check/audio/espeak/rate_volume_pitch/S04_Q1.wav,202162,b2fa772d80c4250feef1e71aa04f05d909c2ac8e4eb9807a761e43ac294ab319,yes
2026-07-26_2340_espeak_check,2026-07-26_2340_espeak_check/audio/espeak/rate_volume_pitch/S04_Q2.wav,219160,af82a08bf55eb6a07c693271bef329bf0e5b75f25f8138890906852987b960d9,yes
2026-07-26_2340_espeak_check,2026-07-26_2340_espeak_check/audio/espeak/rate_volume_pitch/S04_Q3.wav,282618,deea7f9d2c830e7b280d01a6dcc3e7461ad77189e98c0c11bbca645549fc35e9,yes
2026-07-26_2340_espeak_check,2026-07-26_2340_espeak_check/audio/espeak/rate_volume_pitch/S04_Q4.wav,254026,8994742eab1e276efabab9c90c6b4eefd8e66559a91674a1e87375c3bf3ed03c,yes
2026-07-26_2340_espeak_check,2026-07-26_2340_espeak_check/audio/espeak/rate_volume_pitch/S05_Q1.wav,208006,2857fb63d2db584e4bad548ce6135efdc630323cc6c7d8319bfaf4ef1e43d95a,yes
2026-07-26_2340_espeak_check,2026-07-26_2340_espeak_check/audio/espeak/rate_volume_pitch/S05_Q2.wav,226634,8ee12b158553f354e892395f1bf6a173f0474599975a93262dfa8c4a31b9eaa0,yes
2026-07-26_2340_espeak_check,2026-07-26_2340_espeak_check/audio/espeak/rate_volume_pitch/S05_Q3.wav,301270,43902c81dc182381d534f162a0e548d93ac3a39fa8bb6ad95d449aaeafeeeba6,yes
2026-07-26_2340_espeak_check,2026-07-26_2340_espeak_check/audio/espeak/rate_volume_pitch/S05_Q4.wav,267500,0b004f9b26de9c2aa03f99c98ce4042026366c7ad071f11ac27f1694e5984c65,yes
2026-07-27_0011_kokoro_check,2026-07-27_0011_kokoro_check/audio/kokoro/neutral/S01_Q1.wav,314412,f664a80189d0c39912b38f1baf0224700725e09f8c59b66df865726d04c6ebab,yes
2026-07-27_0011_kokoro_check,2026-07-27_0011_kokoro_check/audio/kokoro/neutral/S01_Q2.wav,314412,f664a80189d0c39912b38f1baf0224700725e09f8c59b66df865726d04c6ebab,yes
2026-07-27_0011_kokoro_check,2026-07-27_0011_kokoro_check/audio/kokoro/neutral/S01_Q3.wav,314412,f664a80189d0c39912b38f1baf0224700725e09f8c59b66df865726d04c6ebab,yes
2026-07-27_0011_kokoro_check,2026-07-27_0011_kokoro_check/audio/kokoro/neutral/S01_Q4.wav,314412,f664a80189d0c39912b38f1baf0224700725e09f8c59b66df865726d04c6ebab,yes
2026-07-27_0011_kokoro_check,2026-07-27_0011_kokoro_check/audio/kokoro/neutral/S02_Q1.wav,272428,47fa3c370a39ea86f7cc7c928160e74c1262eba9e363eee9688ff6abfba782dc,yes
2026-07-27_0011_kokoro_check,2026-07-27_0011_kokoro_check/audio/kokoro/neutral/S02_Q2.wav,272428,47fa3c370a39ea86f7cc7c928160e74c1262eba9e363eee9688ff6abfba782dc,yes
2026-07-27_0011_kokoro_check,2026-07-27_0011_kokoro_check/audio/kokoro/neutral/S02_Q3.wav,272428,47fa3c370a39ea86f7cc7c928160e74c1262eba9e363eee9688ff6abfba782dc,yes
2026-07-27_0011_kokoro_check,2026-07-27_0011_kokoro_check/audio/kokoro/neutral/S02_Q4.wav,272428,47fa3c370a39ea86f7cc7c928160e74c1262eba9e363eee9688ff6abfba782dc,yes
2026-07-27_0011_kokoro_check,2026-07-27_0011_kokoro_check/audio/kokoro/neutral/S03_Q1.wav,272428,d29a059f0f4b7f9b9bac7c08ad2c22d272b7c4eab678bc330411c4c6e083f685,yes
2026-07-27_0011_kokoro_check,2026-07-27_0011_kokoro_check/audio/kokoro/neutral/S03_Q2.wav,272428,d29a059f0f4b7f9b9bac7c08ad2c22d272b7c4eab678bc330411c4c6e083f685,yes
2026-07-27_0011_kokoro_check,2026-07-27_0011_kokoro_check/audio/kokoro/neutral/S03_Q3.wav,272428,d29a059f0f4b7f9b9bac7c08ad2c22d272b7c4eab678bc330411c4c6e083f685,yes
2026-07-27_0011_kokoro_check,2026-07-27_0011_kokoro_check/audio/kokoro/neutral/S03_Q4.wav,272428,d29a059f0f4b7f9b9bac7c08ad2c22d272b7c4eab678bc330411c4c6e083f685,yes
2026-07-27_0011_kokoro_check,2026-07-27_0011_kokoro_check/audio/kokoro/neutral/S04_Q1.wav,263212,648de602ad99f6cdb8b4cda41d7734e5c00a17958b6593f79c505757745f515e,yes
2026-07-27_0011_kokoro_check,2026-07-27_0011_kokoro_check/audio/kokoro/neutral/S04_Q2.wav,263212,648de602ad99f6cdb8b4cda41d7734e5c00a17958b6593f79c505757745f515e,yes
2026-07-27_0011_kokoro_check,2026-07-27_0011_kokoro_check/audio/kokoro/neutral/S04_Q3.wav,263212,648de602ad99f6cdb8b4cda41d7734e5c00a17958b6593f79c505757745f515e,yes
2026-07-27_0011_kokoro_check,2026-07-27_0011_kokoro_check/audio/kokoro/neutral/S04_Q4.wav,263212,648de602ad99f6cdb8b4cda41d7734e5c00a17958b6593f79c505757745f515e,yes
2026-07-27_0011_kokoro_check,2026-07-27_0011_kokoro_check/audio/kokoro/neutral/S05_Q1.wav,262188,c8c6ba0e00a9d8197b83dfbd385ba2c7f90e628afbd5850b29e6b87b69b30734,yes
2026-07-27_0011_kokoro_check,2026-07-27_0011_kokoro_check/audio/kokoro/neutral/S05_Q2.wav,262188,c8c6ba0e00a9d8197b83dfbd385ba2c7f90e628afbd5850b29e6b87b69b30734,yes
2026-07-27_0011_kokoro_check,2026-07-27_0011_kokoro_check/audio/kokoro/neutral/S05_Q3.wav,262188,c8c6ba0e00a9d8197b83dfbd385ba2c7f90e628afbd5850b29e6b87b69b30734,yes
2026-07-27_0011_kokoro_check,2026-07-27_0011_kokoro_check/audio/kokoro/neutral/S05_Q4.wav,262188,c8c6ba0e00a9d8197b83dfbd385ba2c7f90e628afbd5850b29e6b87b69b30734,yes
2026-07-27_0011_kokoro_check,2026-07-27_0011_kokoro_check/audio/kokoro/rate/S01_Q1.wav,284716,6996114de192e34650dc47f1b3131fa65615f10b523c71df30b6aaedede234ae,yes
2026-07-27_0011_kokoro_check,2026-07-27_0011_kokoro_check/audio/kokoro/rate/S01_Q2.wav,304172,6c53495bbc7d09d2167a59fefc2a507ae2de1e2286239df24dcf637e0c7d97f5,yes
2026-07-27_0011_kokoro_check,2026-07-27_0011_kokoro_check/audio/kokoro/rate/S01_Q3.wav,356396,20b6256bc3ff3c6e237a28831c880d77b561c7e1f51f0a7f88636b1404c225b3,yes
2026-07-27_0011_kokoro_check,2026-07-27_0011_kokoro_check/audio/kokoro/rate/S01_Q4.wav,327724,bb2b256927e176eac3ff418da8d6dc59f40699bb2c89d98b6e10c0398ec746c6,yes
2026-07-27_0011_kokoro_check,2026-07-27_0011_kokoro_check/audio/kokoro/rate/S02_Q1.wav,248876,ca57ed09567fc3b889657f0b4dcff7e1a696b6f359a7c31605f1856a778e8a0b,yes
2026-07-27_0011_kokoro_check,2026-07-27_0011_kokoro_check/audio/kokoro/rate/S02_Q2.wav,259116,9606e0ca0e98219b98a0f35797a599b98c74650a906430453bb6c2bd83f35b14,yes
2026-07-27_0011_kokoro_check,2026-07-27_0011_kokoro_check/audio/kokoro/rate/S02_Q3.wav,308268,b2e5d7671cd15d209eac2e36f1fa3206b5bf3da5ccd29f2e3db83366394408ce,yes
2026-07-27_0011_kokoro_check,2026-07-27_0011_kokoro_check/audio/kokoro/rate/S02_Q4.wav,276524,7903a550800185f9535405d0f1c23f4398c41b8b68103bfc380853ca4ef25f4e,yes
2026-07-27_0011_kokoro_check,2026-07-27_0011_kokoro_check/audio/kokoro/rate/S03_Q1.wav,252972,333c1d77a5c80e6a8dfdbaa707c8105db6091574182456d79e1d3b467f1620c0,yes
2026-07-27_0011_kokoro_check,2026-07-27_0011_kokoro_check/audio/kokoro/rate/S03_Q2.wav,265260,d7e76181d3c325df09172648fb01046aad2d4f1cedbf04a477d819d60d652299,yes
2026-07-27_0011_kokoro_check,2026-07-27_0011_kokoro_check/audio/kokoro/rate/S03_Q3.wav,317484,f01677767b398b5f5a241fbb36979c2f1cc4b64c575533633727e2854ffc6512,yes
2026-07-27_0011_kokoro_check,2026-07-27_0011_kokoro_check/audio/kokoro/rate/S03_Q4.wav,281644,b1f934856cf4f2954c02fecc8f1730667f2073e48243255dbf2083d100c1e3e8,yes
2026-07-27_0011_kokoro_check,2026-07-27_0011_kokoro_check/audio/kokoro/rate/S04_Q1.wav,243756,a93ca0c6fc8ab946ec4660a77d6972e18314e87038963db236e12b0f3a63d4ef,yes
2026-07-27_0011_kokoro_check,2026-07-27_0011_kokoro_check/audio/kokoro/rate/S04_Q2.wav,253996,984854483ab008dae11ae281f0bc4dfb89293dafdff5ff09fa66a643b2f6a440,yes
2026-07-27_0011_kokoro_check,2026-07-27_0011_kokoro_check/audio/kokoro/rate/S04_Q3.wav,308268,4e250ce90df8d39db240e1bb7e023004edf09ae28c60b3d6149276f80a26a232,yes
2026-07-27_0011_kokoro_check,2026-07-27_0011_kokoro_check/audio/kokoro/rate/S04_Q4.wav,277548,b5c59ec88d4cb8ec047cac2838fd4bcb9cb12c1183d2f2f0ce7016cefc9c3162,yes
2026-07-27_0011_kokoro_check,2026-07-27_0011_kokoro_check/audio/kokoro/rate/S05_Q1.wav,239660,d51a89cc8c27a6fa3fdb7adae35b9bd7bdd9e6ad00238f57175f2338580a69df,yes
2026-07-27_0011_kokoro_check,2026-07-27_0011_kokoro_check/audio/kokoro/rate/S05_Q2.wav,250924,fc4a05e5770e02e5ece8d720c712d9646e3937100d562816154d807aea85dc26,yes
2026-07-27_0011_kokoro_check,2026-07-27_0011_kokoro_check/audio/kokoro/rate/S05_Q3.wav,297004,f511662e61f2c0c2e1ff7037e320aa7817ee65b12610c67baad5789bb20b4733,yes
2026-07-27_0011_kokoro_check,2026-07-27_0011_kokoro_check/audio/kokoro/rate/S05_Q4.wav,270380,fe1f09b17e3d959eb7acf09c3e44c941453734565c503e7b2bf37ad507ee8608,yes
2026-07-27_0011_kokoro_check,2026-07-27_0011_kokoro_check/audio/kokoro/rate_volume/S01_Q1.wav,284716,e89503cab7ba32d5722889bf90e8e27bcfebaeeed05d98f30ba37bf551caf588,yes
2026-07-27_0011_kokoro_check,2026-07-27_0011_kokoro_check/audio/kokoro/rate_volume/S01_Q2.wav,304172,605010793ab7503635c29fc6654122d1090099334f2f22167597e720ff79a422,yes
2026-07-27_0011_kokoro_check,2026-07-27_0011_kokoro_check/audio/kokoro/rate_volume/S01_Q3.wav,356396,9ce40259bf3c35fbd4b4e81c4557acea4d6b6ebe6026261178188b2c1b1adc05,yes
2026-07-27_0011_kokoro_check,2026-07-27_0011_kokoro_check/audio/kokoro/rate_volume/S01_Q4.wav,327724,9c6c489dd87090703f7e860c9c7b32acc4636c8458914a9997d78ac4aaed3e96,yes
2026-07-27_0011_kokoro_check,2026-07-27_0011_kokoro_check/audio/kokoro/rate_volume/S02_Q1.wav,248876,84831a01ec76bba4ffdffa8493b5b61b562ae3e12ac70335e57e799fda84ac98,yes
2026-07-27_0011_kokoro_check,2026-07-27_0011_kokoro_check/audio/kokoro/rate_volume/S02_Q2.wav,259116,51ed89330912264dc439107b6e2aa9a2c26f0e66509b859fe37f951ef109c76e,yes
2026-07-27_0011_kokoro_check,2026-07-27_0011_kokoro_check/audio/kokoro/rate_volume/S02_Q3.wav,308268,9d0296dcf21457b8a8975ee49ba53180b8b5fed077fa4e3144c4318f6296436d,yes
2026-07-27_0015_kokoro_check,2026-07-27_0015_kokoro_check/audio/kokoro/neutral/S01_Q1.wav,314412,f664a80189d0c39912b38f1baf0224700725e09f8c59b66df865726d04c6ebab,yes
2026-07-27_0015_kokoro_check,2026-07-27_0015_kokoro_check/audio/kokoro/neutral/S01_Q2.wav,314412,f664a80189d0c39912b38f1baf0224700725e09f8c59b66df865726d04c6ebab,yes
2026-07-27_0015_kokoro_check,2026-07-27_0015_kokoro_check/audio/kokoro/neutral/S01_Q3.wav,314412,f664a80189d0c39912b38f1baf0224700725e09f8c59b66df865726d04c6ebab,yes
2026-07-27_0015_kokoro_check,2026-07-27_0015_kokoro_check/audio/kokoro/neutral/S01_Q4.wav,314412,f664a80189d0c39912b38f1baf0224700725e09f8c59b66df865726d04c6ebab,yes
2026-07-27_0015_kokoro_check,2026-07-27_0015_kokoro_check/audio/kokoro/neutral/S02_Q1.wav,272428,47fa3c370a39ea86f7cc7c928160e74c1262eba9e363eee9688ff6abfba782dc,yes
2026-07-27_0015_kokoro_check,2026-07-27_0015_kokoro_check/audio/kokoro/neutral/S02_Q2.wav,272428,47fa3c370a39ea86f7cc7c928160e74c1262eba9e363eee9688ff6abfba782dc,yes
2026-07-27_0015_kokoro_check,2026-07-27_0015_kokoro_check/audio/kokoro/neutral/S02_Q3.wav,272428,47fa3c370a39ea86f7cc7c928160e74c1262eba9e363eee9688ff6abfba782dc,yes
2026-07-27_0015_kokoro_check,2026-07-27_0015_kokoro_check/audio/kokoro/neutral/S02_Q4.wav,272428,47fa3c370a39ea86f7cc7c928160e74c1262eba9e363eee9688ff6abfba782dc,yes
2026-07-27_0015_kokoro_check,2026-07-27_0015_kokoro_check/audio/kokoro/neutral/S03_Q1.wav,272428,d29a059f0f4b7f9b9bac7c08ad2c22d272b7c4eab678bc330411c4c6e083f685,yes
2026-07-27_0015_kokoro_check,2026-07-27_0015_kokoro_check/audio/kokoro/neutral/S03_Q2.wav,272428,d29a059f0f4b7f9b9bac7c08ad2c22d272b7c4eab678bc330411c4c6e083f685,yes
2026-07-27_0015_kokoro_check,2026-07-27_0015_kokoro_check/audio/kokoro/neutral/S03_Q3.wav,272428,d29a059f0f4b7f9b9bac7c08ad2c22d272b7c4eab678bc330411c4c6e083f685,yes
2026-07-27_0015_kokoro_check,2026-07-27_0015_kokoro_check/audio/kokoro/neutral/S03_Q4.wav,272428,d29a059f0f4b7f9b9bac7c08ad2c22d272b7c4eab678bc330411c4c6e083f685,yes
2026-07-27_0015_kokoro_check,2026-07-27_0015_kokoro_check/audio/kokoro/neutral/S04_Q1.wav,263212,648de602ad99f6cdb8b4cda41d7734e5c00a17958b6593f79c505757745f515e,yes
2026-07-27_0015_kokoro_check,2026-07-27_0015_kokoro_check/audio/kokoro/neutral/S04_Q2.wav,263212,648de602ad99f6cdb8b4cda41d7734e5c00a17958b6593f79c505757745f515e,yes
2026-07-27_0015_kokoro_check,2026-07-27_0015_kokoro_check/audio/kokoro/neutral/S04_Q3.wav,263212,648de602ad99f6cdb8b4cda41d7734e5c00a17958b6593f79c505757745f515e,yes
2026-07-27_0015_kokoro_check,2026-07-27_0015_kokoro_check/audio/kokoro/neutral/S04_Q4.wav,263212,648de602ad99f6cdb8b4cda41d7734e5c00a17958b6593f79c505757745f515e,yes
2026-07-27_0015_kokoro_check,2026-07-27_0015_kokoro_check/audio/kokoro/neutral/S05_Q1.wav,262188,c8c6ba0e00a9d8197b83dfbd385ba2c7f90e628afbd5850b29e6b87b69b30734,yes
2026-07-27_0015_kokoro_check,2026-07-27_0015_kokoro_check/audio/kokoro/neutral/S05_Q2.wav,262188,c8c6ba0e00a9d8197b83dfbd385ba2c7f90e628afbd5850b29e6b87b69b30734,yes
2026-07-27_0015_kokoro_check,2026-07-27_0015_kokoro_check/audio/kokoro/neutral/S05_Q3.wav,262188,c8c6ba0e00a9d8197b83dfbd385ba2c7f90e628afbd5850b29e6b87b69b30734,yes
2026-07-27_0015_kokoro_check,2026-07-27_0015_kokoro_check/audio/kokoro/neutral/S05_Q4.wav,262188,c8c6ba0e00a9d8197b83dfbd385ba2c7f90e628afbd5850b29e6b87b69b30734,yes
2026-07-27_0015_kokoro_check,2026-07-27_0015_kokoro_check/audio/kokoro/rate/S01_Q1.wav,284716,6996114de192e34650dc47f1b3131fa65615f10b523c71df30b6aaedede234ae,yes
2026-07-27_0015_kokoro_check,2026-07-27_0015_kokoro_check/audio/kokoro/rate/S01_Q2.wav,304172,6c53495bbc7d09d2167a59fefc2a507ae2de1e2286239df24dcf637e0c7d97f5,yes
2026-07-27_0015_kokoro_check,2026-07-27_0015_kokoro_check/audio/kokoro/rate/S01_Q3.wav,356396,20b6256bc3ff3c6e237a28831c880d77b561c7e1f51f0a7f88636b1404c225b3,yes
2026-07-27_0015_kokoro_check,2026-07-27_0015_kokoro_check/audio/kokoro/rate/S01_Q4.wav,327724,bb2b256927e176eac3ff418da8d6dc59f40699bb2c89d98b6e10c0398ec746c6,yes
2026-07-27_0015_kokoro_check,2026-07-27_0015_kokoro_check/audio/kokoro/rate/S02_Q1.wav,248876,ca57ed09567fc3b889657f0b4dcff7e1a696b6f359a7c31605f1856a778e8a0b,yes
2026-07-27_0015_kokoro_check,2026-07-27_0015_kokoro_check/audio/kokoro/rate/S02_Q2.wav,259116,9606e0ca0e98219b98a0f35797a599b98c74650a906430453bb6c2bd83f35b14,yes
2026-07-27_0015_kokoro_check,2026-07-27_0015_kokoro_check/audio/kokoro/rate/S02_Q3.wav,308268,b2e5d7671cd15d209eac2e36f1fa3206b5bf3da5ccd29f2e3db83366394408ce,yes
2026-07-27_0015_kokoro_check,2026-07-27_0015_kokoro_check/audio/kokoro/rate/S02_Q4.wav,276524,7903a550800185f9535405d0f1c23f4398c41b8b68103bfc380853ca4ef25f4e,yes
2026-07-27_0015_kokoro_check,2026-07-27_0015_kokoro_check/audio/kokoro/rate/S03_Q1.wav,252972,333c1d77a5c80e6a8dfdbaa707c8105db6091574182456d79e1d3b467f1620c0,yes
2026-07-27_0015_kokoro_check,2026-07-27_0015_kokoro_check/audio/kokoro/rate/S03_Q2.wav,265260,d7e76181d3c325df09172648fb01046aad2d4f1cedbf04a477d819d60d652299,yes
2026-07-27_0015_kokoro_check,2026-07-27_0015_kokoro_check/audio/kokoro/rate/S03_Q3.wav,317484,f01677767b398b5f5a241fbb36979c2f1cc4b64c575533633727e2854ffc6512,yes
2026-07-27_0015_kokoro_check,2026-07-27_0015_kokoro_check/audio/kokoro/rate/S03_Q4.wav,281644,b1f934856cf4f2954c02fecc8f1730667f2073e48243255dbf2083d100c1e3e8,yes
2026-07-27_0015_kokoro_check,2026-07-27_0015_kokoro_check/audio/kokoro/rate/S04_Q1.wav,243756,a93ca0c6fc8ab946ec4660a77d6972e18314e87038963db236e12b0f3a63d4ef,yes
2026-07-27_0015_kokoro_check,2026-07-27_0015_kokoro_check/audio/kokoro/rate/S04_Q2.wav,253996,984854483ab008dae11ae281f0bc4dfb89293dafdff5ff09fa66a643b2f6a440,yes
2026-07-27_0015_kokoro_check,2026-07-27_0015_kokoro_check/audio/kokoro/rate/S04_Q3.wav,308268,4e250ce90df8d39db240e1bb7e023004edf09ae28c60b3d6149276f80a26a232,yes
2026-07-27_0015_kokoro_check,2026-07-27_0015_kokoro_check/audio/kokoro/rate/S04_Q4.wav,277548,b5c59ec88d4cb8ec047cac2838fd4bcb9cb12c1183d2f2f0ce7016cefc9c3162,yes
2026-07-27_0015_kokoro_check,2026-07-27_0015_kokoro_check/audio/kokoro/rate/S05_Q1.wav,239660,d51a89cc8c27a6fa3fdb7adae35b9bd7bdd9e6ad00238f57175f2338580a69df,yes
2026-07-27_0015_kokoro_check,2026-07-27_0015_kokoro_check/audio/kokoro/rate/S05_Q2.wav,250924,fc4a05e5770e02e5ece8d720c712d9646e3937100d562816154d807aea85dc26,yes
2026-07-27_0015_kokoro_check,2026-07-27_0015_kokoro_check/audio/kokoro/rate/S05_Q3.wav,297004,f511662e61f2c0c2e1ff7037e320aa7817ee65b12610c67baad5789bb20b4733,yes
2026-07-27_0015_kokoro_check,2026-07-27_0015_kokoro_check/audio/kokoro/rate/S05_Q4.wav,270380,fe1f09b17e3d959eb7acf09c3e44c941453734565c503e7b2bf37ad507ee8608,yes
2026-07-27_0015_kokoro_check,2026-07-27_0015_kokoro_check/audio/kokoro/rate_volume/S01_Q1.wav,284716,e89503cab7ba32d5722889bf90e8e27bcfebaeeed05d98f30ba37bf551caf588,yes
2026-07-27_0015_kokoro_check,2026-07-27_0015_kokoro_check/audio/kokoro/rate_volume/S01_Q2.wav,304172,605010793ab7503635c29fc6654122d1090099334f2f22167597e720ff79a422,yes
2026-07-27_0015_kokoro_check,2026-07-27_0015_kokoro_check/audio/kokoro/rate_volume/S01_Q3.wav,356396,9ce40259bf3c35fbd4b4e81c4557acea4d6b6ebe6026261178188b2c1b1adc05,yes
2026-07-27_0015_kokoro_check,2026-07-27_0015_kokoro_check/audio/kokoro/rate_volume/S01_Q4.wav,327724,9c6c489dd87090703f7e860c9c7b32acc4636c8458914a9997d78ac4aaed3e96,yes
2026-07-27_0015_kokoro_check,2026-07-27_0015_kokoro_check/audio/kokoro/rate_volume/S02_Q1.wav,248876,84831a01ec76bba4ffdffa8493b5b61b562ae3e12ac70335e57e799fda84ac98,yes
2026-07-27_0015_kokoro_check,2026-07-27_0015_kokoro_check/audio/kokoro/rate_volume/S02_Q2.wav,259116,51ed89330912264dc439107b6e2aa9a2c26f0e66509b859fe37f951ef109c76e,yes
2026-07-27_0015_kokoro_check,2026-07-27_0015_kokoro_check/audio/kokoro/rate_volume/S02_Q3.wav,308268,9d0296dcf21457b8a8975ee49ba53180b8b5fed077fa4e3144c4318f6296436d,yes
2026-07-27_0015_kokoro_check,2026-07-27_0015_kokoro_check/audio/kokoro/rate_volume/S02_Q4.wav,276524,70135e3141a50111894f6594a36c6942592eccabd38e438f8a4c805d1650666a,yes
2026-07-27_0015_kokoro_check,2026-07-27_0015_kokoro_check/audio/kokoro/rate_volume/S03_Q1.wav,252972,6848b4f68e047e3611d07a26e9930c9c739f419ca024a175a14d813917ce236c,yes
2026-07-27_0015_kokoro_check,2026-07-27_0015_kokoro_check/audio/kokoro/rate_volume/S03_Q2.wav,265260,a4acc15c25b2ff2dab940e7ef75fe690d429086ebfd1b2e884cdc85ec2aa1c49,yes
2026-07-27_0015_kokoro_check,2026-07-27_0015_kokoro_check/audio/kokoro/rate_volume/S03_Q3.wav,317484,9825d362b7e441a8b19dfdd63c188eaa7941717376813b960c6d69083460b09d,yes
2026-07-27_0015_kokoro_check,2026-07-27_0015_kokoro_check/audio/kokoro/rate_volume/S03_Q4.wav,281644,acd0bf4bb46ed2abb1a91ad75b9968468b9ab29a9bc1126800baaf9ad12d3c29,yes
2026-07-27_0015_kokoro_check,2026-07-27_0015_kokoro_check/audio/kokoro/rate_volume/S04_Q1.wav,243756,1d9bf1a3f9648a238c3a9d0003e341d2cfdb0d11c95a527d397f0b22d171db89,yes
2026-07-27_0015_kokoro_check,2026-07-27_0015_kokoro_check/audio/kokoro/rate_volume/S04_Q2.wav,253996,2edbb15833e57816b78c9effe71a44dd7d0adcecfd37dfacd4670c8ba25f924b,yes
2026-07-27_0015_kokoro_check,2026-07-27_0015_kokoro_check/audio/kokoro/rate_volume/S04_Q3.wav,308268,ef5a30db6335100b9c6f544d1773a0efda9d58b6975c898a78ea5fc37959b386,yes
2026-07-27_0015_kokoro_check,2026-07-27_0015_kokoro_check/audio/kokoro/rate_volume/S04_Q4.wav,277548,9d8a7887e2f20f61b5de7c46365b1612e7458a54a210bc90d53e52cf9a793c44,yes
2026-07-27_0015_kokoro_check,2026-07-27_0015_kokoro_check/audio/kokoro/rate_volume/S05_Q1.wav,239660,84b4fcc33f6c00651336d46c69168531c4366b3fdd8d28a31f573bd99352e7e3,yes
2026-07-27_0015_kokoro_check,2026-07-27_0015_kokoro_check/audio/kokoro/rate_volume/S05_Q2.wav,250924,f2ad0af5d9e1812541d64b756ce73c2910e446df3506b1db58e1cf510a294b48,yes
2026-07-27_0015_kokoro_check,2026-07-27_0015_kokoro_check/audio/kokoro/rate_volume/S05_Q3.wav,297004,92888df75d23622dd6baed0a0f81213e58089f68b5f0c0cfdab4b269b6267064,yes
2026-07-27_0015_kokoro_check,2026-07-27_0015_kokoro_check/audio/kokoro/rate_volume/S05_Q4.wav,270380,3dc6b80c74cd0be5faa9e815a65ed9e64078a10ed52dda98ee209b1905ae9bb0,yes
2026-07-27_0015_kokoro_check,2026-07-27_0015_kokoro_check/audio/kokoro/rate_volume_pitch/S01_Q1.wav,284716,e89503cab7ba32d5722889bf90e8e27bcfebaeeed05d98f30ba37bf551caf588,yes
2026-07-27_0015_kokoro_check,2026-07-27_0015_kokoro_check/audio/kokoro/rate_volume_pitch/S01_Q2.wav,304172,605010793ab7503635c29fc6654122d1090099334f2f22167597e720ff79a422,yes
2026-07-27_0015_kokoro_check,2026-07-27_0015_kokoro_check/audio/kokoro/rate_volume_pitch/S01_Q3.wav,356396,9ce40259bf3c35fbd4b4e81c4557acea4d6b6ebe6026261178188b2c1b1adc05,yes
2026-07-27_0015_kokoro_check,2026-07-27_0015_kokoro_check/audio/kokoro/rate_volume_pitch/S01_Q4.wav,327724,9c6c489dd87090703f7e860c9c7b32acc4636c8458914a9997d78ac4aaed3e96,yes
2026-07-27_0015_kokoro_check,2026-07-27_0015_kokoro_check/audio/kokoro/rate_volume_pitch/S02_Q1.wav,248876,84831a01ec76bba4ffdffa8493b5b61b562ae3e12ac70335e57e799fda84ac98,yes
2026-07-27_0015_kokoro_check,2026-07-27_0015_kokoro_check/audio/kokoro/rate_volume_pitch/S02_Q2.wav,259116,51ed89330912264dc439107b6e2aa9a2c26f0e66509b859fe37f951ef109c76e,yes
2026-07-27_0015_kokoro_check,2026-07-27_0015_kokoro_check/audio/kokoro/rate_volume_pitch/S02_Q3.wav,308268,9d0296dcf21457b8a8975ee49ba53180b8b5fed077fa4e3144c4318f6296436d,yes
2026-07-27_0015_kokoro_check,2026-07-27_0015_kokoro_check/audio/kokoro/rate_volume_pitch/S02_Q4.wav,276524,70135e3141a50111894f6594a36c6942592eccabd38e438f8a4c805d1650666a,yes
2026-07-27_0015_kokoro_check,2026-07-27_0015_kokoro_check/audio/kokoro/rate_volume_pitch/S03_Q1.wav,252972,6848b4f68e047e3611d07a26e9930c9c739f419ca024a175a14d813917ce236c,yes
2026-07-27_0015_kokoro_check,2026-07-27_0015_kokoro_check/audio/kokoro/rate_volume_pitch/S03_Q2.wav,265260,a4acc15c25b2ff2dab940e7ef75fe690d429086ebfd1b2e884cdc85ec2aa1c49,yes
2026-07-27_0015_kokoro_check,2026-07-27_0015_kokoro_check/audio/kokoro/rate_volume_pitch/S03_Q3.wav,317484,9825d362b7e441a8b19dfdd63c188eaa7941717376813b960c6d69083460b09d,yes
2026-07-27_0015_kokoro_check,2026-07-27_0015_kokoro_check/audio/kokoro/rate_volume_pitch/S03_Q4.wav,281644,acd0bf4bb46ed2abb1a91ad75b9968468b9ab29a9bc1126800baaf9ad12d3c29,yes
2026-07-27_0015_kokoro_check,2026-07-27_0015_kokoro_check/audio/kokoro/rate_volume_pitch/S04_Q1.wav,243756,1d9bf1a3f9648a238c3a9d0003e341d2cfdb0d11c95a527d397f0b22d171db89,yes
2026-07-27_0015_kokoro_check,2026-07-27_0015_kokoro_check/audio/kokoro/rate_volume_pitch/S04_Q2.wav,253996,2edbb15833e57816b78c9effe71a44dd7d0adcecfd37dfacd4670c8ba25f924b,yes
2026-07-27_0015_kokoro_check,2026-07-27_0015_kokoro_check/audio/kokoro/rate_volume_pitch/S04_Q3.wav,308268,ef5a30db6335100b9c6f544d1773a0efda9d58b6975c898a78ea5fc37959b386,yes
2026-07-27_0015_kokoro_check,2026-07-27_0015_kokoro_check/audio/kokoro/rate_volume_pitch/S04_Q4.wav,277548,9d8a7887e2f20f61b5de7c46365b1612e7458a54a210bc90d53e52cf9a793c44,yes
2026-07-27_0015_kokoro_check,2026-07-27_0015_kokoro_check/audio/kokoro/rate_volume_pitch/S05_Q1.wav,239660,84b4fcc33f6c00651336d46c69168531c4366b3fdd8d28a31f573bd99352e7e3,yes
2026-07-27_0015_kokoro_check,2026-07-27_0015_kokoro_check/audio/kokoro/rate_volume_pitch/S05_Q2.wav,250924,f2ad0af5d9e1812541d64b756ce73c2910e446df3506b1db58e1cf510a294b48,yes
2026-07-27_0015_kokoro_check,2026-07-27_0015_kokoro_check/audio/kokoro/rate_volume_pitch/S05_Q3.wav,297004,92888df75d23622dd6baed0a0f81213e58089f68b5f0c0cfdab4b269b6267064,yes
2026-07-27_0015_kokoro_check,2026-07-27_0015_kokoro_check/audio/kokoro/rate_volume_pitch/S05_Q4.wav,270380,3dc6b80c74cd0be5faa9e815a65ed9e64078a10ed52dda98ee209b1905ae9bb0,yes
2026-07-30_0212_chatterbox_exagg,2026-07-30_0212_chatterbox_exagg/audio/chatterbox/neutral/S01_Q1.wav,207404,7c7fc42b05f859912a0b0daf69538bfecdb579ff2561b100859f3767407fbf1a,no
2026-07-30_0212_chatterbox_exagg,2026-07-30_0212_chatterbox_exagg/audio/chatterbox/neutral/S01_Q2.wav,207404,4cae5fb1a9b33e1c35f5024120f15f35ce3fc3cd349564f378afa9d03da2afcf,no
2026-07-30_0212_chatterbox_exagg,2026-07-30_0212_chatterbox_exagg/audio/chatterbox/neutral/S01_Q3.wav,268844,0e64d6cd73a6a5926430616bf6d48e3f70aeff7e8daae6ac5c0df6ce636d8654,no
2026-07-30_0217_chatterbox_x2,2026-07-30_0217_chatterbox_x2/audio/chatterbox/rate_volume_pitch/S01_Q1.wav,211244,1c3b8a57156a7c9bd1076a077ae997408a51cc52394a644aa4be246ec4ffe826,yes
2026-07-30_0217_chatterbox_x2,2026-07-30_0217_chatterbox_x2/audio/chatterbox/rate_volume_pitch/S01_Q2.wav,217004,4cfe3b59c42f8c6a82580de5aec12b706c365951e0a5c931bfddd4ba151a0a1c,yes
2026-07-30_0217_chatterbox_x2,2026-07-30_0217_chatterbox_x2/audio/chatterbox/rate_volume_pitch/S01_Q3.wav,249644,5900cec8a57bf1f3c85239e1e15bdf3f878105873b66f360e1eaf2918597cffe,yes
2026-07-30_0217_chatterbox_x2,2026-07-30_0217_chatterbox_x2/audio/chatterbox/rate_volume_pitch/S01_Q4.wav,261164,6bc689e42766bcc0aff7874578b2146319210c9c09f60fffa5aa004a4f8908ba,yes
2026-07-30_0217_chatterbox_x2,2026-07-30_0217_chatterbox_x2/audio/chatterbox/rate_volume_pitch/S02_Q1.wav,195884,fe5b3b6673787a46a660a1753a2c4e22ea92f9c288541dd94a7a7a23b4fb20a0,yes
2026-07-30_0217_chatterbox_x2,2026-07-30_0217_chatterbox_x2/audio/chatterbox/rate_volume_pitch/S02_Q2.wav,190124,750f6c12b37fe90ff01cee5a314700cfc1f79e5154b85f04de11afe624c492ab,yes
2026-07-30_0217_chatterbox_x2,2026-07-30_0217_chatterbox_x2/audio/chatterbox/rate_volume_pitch/S02_Q3.wav,217004,c387cc100afcd69e5a88cc7094bb98592521bf9cc429dccb7e2d85508f3c82f5,yes
2026-07-30_0217_chatterbox_x2,2026-07-30_0217_chatterbox_x2/audio/chatterbox/rate_volume_pitch/S02_Q4.wav,199724,b9775013e204d836e8419d50104d1dde4a1ead87212b90ad54addd398f054388,yes
2026-07-30_0217_chatterbox_x2,2026-07-30_0217_chatterbox_x2/audio/chatterbox/rate_volume_pitch/S03_Q1.wav,195884,7095706599fc0a6a3b50d63fbae3ab2073b2adc38ed07507afed0703d4ce54c5,yes
2026-07-30_0217_chatterbox_x2,2026-07-30_0217_chatterbox_x2/audio/chatterbox/rate_volume_pitch/S03_Q2.wav,190124,57335db3729aa8940d0665ee69093221238974dc4e3b55a1a03e44b5f19c3ba2,yes
2026-07-30_0217_chatterbox_x2,2026-07-30_0217_chatterbox_x2/audio/chatterbox/rate_volume_pitch/S03_Q3.wav,217004,16582406ba8dab7d27af3aa3a0b364b9f0456c9c6ac361dca9d07e7e18c7899d,yes
2026-07-30_0217_chatterbox_x2,2026-07-30_0217_chatterbox_x2/audio/chatterbox/rate_volume_pitch/S03_Q4.wav,215084,01cea19b4776df64ad58f600912360c9ae43278e33cd4b2bdf742b1148e24293,yes
2026-07-30_0217_chatterbox_x2,2026-07-30_0217_chatterbox_x2/audio/chatterbox/rate_volume_pitch/S04_Q1.wav,180524,9082e087f40f882a2d08f4c815d456695bb2fcd4cf2d5741636f5f1570582888,yes
2026-07-30_0217_chatterbox_x2,2026-07-30_0217_chatterbox_x2/audio/chatterbox/rate_volume_pitch/S04_Q2.wav,163244,a075acfa62e1d4f3fd82ed2b0b5c4d1b778771d4cce7f4acc90eaabf7632d5fa,yes
2026-07-30_0217_chatterbox_x2,2026-07-30_0217_chatterbox_x2/audio/chatterbox/rate_volume_pitch/S04_Q3.wav,207404,8c3371e1192ac71900d506eff8dd84923312600c33e2570e995d1eada17b1d85,yes
2026-07-30_0217_chatterbox_x2,2026-07-30_0217_chatterbox_x2/audio/chatterbox/rate_volume_pitch/S04_Q4.wav,209324,539657521c79fc1a8116fbcd77977e58fd2ff3c797de9ce98a9494432c28a29e,yes
2026-07-30_0217_chatterbox_x2,2026-07-30_0217_chatterbox_x2/audio/chatterbox/rate_volume_pitch/S05_Q1.wav,228524,7842bd0ab4b9b91317f775df739fd04b02406e39fe4dfa56c11b7acb2bdb2b74,yes
2026-07-30_0217_chatterbox_x2,2026-07-30_0217_chatterbox_x2/audio/chatterbox/rate_volume_pitch/S05_Q2.wav,217004,dfcc0b2e1efc97feeb815832233b1a655c81648229d32a417d20b74f23e058ad,yes
2026-07-30_0217_chatterbox_x2,2026-07-30_0217_chatterbox_x2/audio/chatterbox/rate_volume_pitch/S05_Q3.wav,226604,bd813e01be67ca55142ec792c1b3f3d7ad9e754ee6e0b844e91d5cf0c389263b,yes
2026-07-30_0217_chatterbox_x2,2026-07-30_0217_chatterbox_x2/audio/chatterbox/rate_volume_pitch/S05_Q4.wav,209324,426867d67d9f5942e111abae70d4f86d11569f6c815bfb36bb8c45290725ea2b,yes
2026-08-09_1911_chatterbox_x2_refs,2026-08-09_1911_chatterbox_x2_refs/audio/chatterbox/rate_volume_pitch/S01_Q1.wav,261164,7cd9b8668b3f436d548a9f38aaeb244e70e100d4e5a6c88a1be9b6c5e0c98aff,yes
2026-08-09_1911_chatterbox_x2_refs,2026-08-09_1911_chatterbox_x2_refs/audio/chatterbox/rate_volume_pitch/S01_Q2.wav,245804,6a739c686196d7f0198013a01e2b54018d1909a94b0193035dbac1fe949a9e6e,yes
2026-08-09_1911_chatterbox_x2_refs,2026-08-09_1911_chatterbox_x2_refs/audio/chatterbox/rate_volume_pitch/S01_Q3.wav,289004,bd63c6c5b948295763c3ddec0c2091a7f6002fda65359b8d81c3f1077add9429,yes
2026-08-09_1911_chatterbox_x2_refs,2026-08-09_1911_chatterbox_x2_refs/audio/chatterbox/rate_volume_pitch/S01_Q4.wav,267884,40acfefcdd71ca97304ca553cf2c00bdce0c26970a71e89d2416e59282869315,yes
2026-08-09_1911_chatterbox_x2_refs,2026-08-09_1911_chatterbox_x2_refs/audio/chatterbox/rate_volume_pitch/S02_Q1.wav,232364,dfad42f69f2d26b817647bde69c6817ac343eb00a56455b258461e5ee501386a,yes
2026-08-09_1911_chatterbox_x2_refs,2026-08-09_1911_chatterbox_x2_refs/audio/chatterbox/rate_volume_pitch/S02_Q2.wav,207404,fb9bd2aa34afaf7a17ce7ba9ffd310c83534462d5acb2620f9440fdfdaf8282e,yes
2026-08-09_1911_chatterbox_x2_refs,2026-08-09_1911_chatterbox_x2_refs/audio/chatterbox/rate_volume_pitch/S02_Q3.wav,265964,8aefe91045d30769306e9e1e8ee0f8b5109f3d4639e71735007ad8916fe48ba3,yes
2026-08-09_1911_chatterbox_x2_refs,2026-08-09_1911_chatterbox_x2_refs/audio/chatterbox/rate_volume_pitch/S02_Q4.wav,246764,0cda9eda413efd11d8dffa0b4ac7413a31a5f1d5a9a813604e1637323b435cc4,yes
2026-08-09_1911_chatterbox_x2_refs,2026-08-09_1911_chatterbox_x2_refs/audio/chatterbox/rate_volume_pitch/S03_Q1.wav,230444,6039f2bffb176aab28943b261480b6462c91f14e75d20efcb3f4ccabf198563b,yes
2026-08-09_1911_chatterbox_x2_refs,2026-08-09_1911_chatterbox_x2_refs/audio/chatterbox/rate_volume_pitch/S03_Q2.wav,224684,d1f2771b132c9985bfabb783c63d0a8f446829bc4c58be4fedb844453fa8bcf4,yes
2026-08-09_1911_chatterbox_x2_refs,2026-08-09_1911_chatterbox_x2_refs/audio/chatterbox/rate_volume_pitch/S03_Q3.wav,246764,075bfae10d008fc09e040e056f15933237ec9f04920a556396be987123cc5c09,yes
2026-08-09_1911_chatterbox_x2_refs,2026-08-09_1911_chatterbox_x2_refs/audio/chatterbox/rate_volume_pitch/S03_Q4.wav,250604,9b24bbfc65d4527f887a942c2a5b8bf0bfc405091bceba1169556e61e70822bf,yes
2026-08-09_1911_chatterbox_x2_refs,2026-08-09_1911_chatterbox_x2_refs/audio/chatterbox/rate_volume_pitch/S04_Q1.wav,207404,43b78d661a947c6a4def9a3d059eee8375efa41482f3d07eb727ae11de68124a,yes
2026-08-09_1911_chatterbox_x2_refs,2026-08-09_1911_chatterbox_x2_refs/audio/chatterbox/rate_volume_pitch/S04_Q2.wav,211244,b17b53a83f4d7399a8b686a29a637fb21628500bcb7f8bbae4f05e3b8084e6cc,yes
2026-08-09_1911_chatterbox_x2_refs,2026-08-09_1911_chatterbox_x2_refs/audio/chatterbox/rate_volume_pitch/S04_Q3.wav,239084,d60370ba027d8dceb5de5bebd30f64463ef2a2059071357f8b1440b8bd82e015,yes
2026-08-09_1911_chatterbox_x2_refs,2026-08-09_1911_chatterbox_x2_refs/audio/chatterbox/rate_volume_pitch/S04_Q4.wav,241004,7ba129bf974198dddeca2ed610d7cc5b376d5575c52ab788274146c7f52a5526,yes
2026-08-09_1911_chatterbox_x2_refs,2026-08-09_1911_chatterbox_x2_refs/audio/chatterbox/rate_volume_pitch/S05_Q1.wav,232364,4d17e9175c9f3f639842e7cce1a04d4d6968f9802e25e4dfaa6a93cc89404a18,yes
2026-08-09_1911_chatterbox_x2_refs,2026-08-09_1911_chatterbox_x2_refs/audio/chatterbox/rate_volume_pitch/S05_Q2.wav,207404,70058f4f922ea9a855dea8c7d662f36f2b2cd7d308a22580f38fb89568eefe5d,yes
2026-08-09_1911_chatterbox_x2_refs,2026-08-09_1911_chatterbox_x2_refs/audio/chatterbox/rate_volume_pitch/S05_Q3.wav,260204,49a82b1799a977e6ffae7f0a8d96052b5f1b61978290c480797697919b424694,yes
2026-08-09_1911_chatterbox_x2_refs,2026-08-09_1911_chatterbox_x2_refs/audio/chatterbox/rate_volume_pitch/S05_Q4.wav,244844,d0ae68121df0948020b225804f5892eb54f7aedb6d8393c34f1e86ca4184cdc2,yes
2026-08-09_2337_chatterbox_x2_ravdess,2026-08-09_2337_chatterbox_x2_ravdess/audio/chatterbox/rate_volume_pitch/S01_Q1.wav,292844,2913794588cddadbe748a96d62a90d67070e7282ddffc4d70725c695d17ef8da,yes
2026-08-09_2337_chatterbox_x2_ravdess,2026-08-09_2337_chatterbox_x2_ravdess/audio/chatterbox/rate_volume_pitch/S01_Q2.wav,329324,3c9ed79c673a2ccfeb8ad15767542593dd15a546e8fc5409465dbf7f67d0929c,yes
2026-08-09_2337_chatterbox_x2_ravdess,2026-08-09_2337_chatterbox_x2_ravdess/audio/chatterbox/rate_volume_pitch/S01_Q3.wav,270764,df4d4c6eaeb99f9028b4a81f1ecf5e63c57d46f089aa002ea6a40ad5951fc598,yes
2026-08-09_2337_chatterbox_x2_ravdess,2026-08-09_2337_chatterbox_x2_ravdess/audio/chatterbox/rate_volume_pitch/S01_Q4.wav,283244,e5593e2746e42b8cadb08f1e85d120fe387ff06797a822e96bc51d407d5cca77,yes
2026-08-09_2337_chatterbox_x2_ravdess,2026-08-09_2337_chatterbox_x2_ravdess/audio/chatterbox/rate_volume_pitch/S02_Q1.wav,235244,c3f79556f701f608776521484d4353d59608fd6c52355b99e419eadc4a29ef6f,yes
2026-08-09_2337_chatterbox_x2_ravdess,2026-08-09_2337_chatterbox_x2_ravdess/audio/chatterbox/rate_volume_pitch/S02_Q2.wav,248684,f1221c161be73ae4c78108b8e58ff1cd3ffe79b57beb192d5c211da068ba84a2,yes
2026-08-09_2337_chatterbox_x2_ravdess,2026-08-09_2337_chatterbox_x2_ravdess/audio/chatterbox/rate_volume_pitch/S02_Q3.wav,234284,c8d0b5a43f88ffc4197fc85c72321ab05ad11be5854662e0d2e946bdcabe053c,yes
2026-08-09_2337_chatterbox_x2_ravdess,2026-08-09_2337_chatterbox_x2_ravdess/audio/chatterbox/rate_volume_pitch/S02_Q4.wav,256364,c4eafc5cf753ee90364117dae7e03395fde588edacb319d5185b64eff01cf4d2,yes
2026-08-09_2337_chatterbox_x2_ravdess,2026-08-09_2337_chatterbox_x2_ravdess/audio/chatterbox/rate_volume_pitch/S03_Q1.wav,254444,669e4d219ee4380392c110e8f6d105ca1d168a15963055e5bbb4b3823f416cf1,yes
2026-08-09_2337_chatterbox_x2_ravdess,2026-08-09_2337_chatterbox_x2_ravdess/audio/chatterbox/rate_volume_pitch/S03_Q2.wav,258284,fbb5b12eb9ce916e9ef91b356c49ed1306c5faf47053c274a021e81705d16731,yes
2026-08-09_2337_chatterbox_x2_ravdess,2026-08-09_2337_chatterbox_x2_ravdess/audio/chatterbox/rate_volume_pitch/S03_Q3.wav,265004,ab55a11577246481fa23bc43d5f976b5fc6a79595ba26e6f15218d122310fe33,yes
2026-08-09_2337_chatterbox_x2_ravdess,2026-08-09_2337_chatterbox_x2_ravdess/audio/chatterbox/rate_volume_pitch/S03_Q4.wav,239084,8b1b6f26b2d5170e2038ca79b038a95422ad66d4a4aa422a497fd0e0235ae40b,yes
2026-08-09_2337_chatterbox_x2_ravdess,2026-08-09_2337_chatterbox_x2_ravdess/audio/chatterbox/rate_volume_pitch/S04_Q1.wav,269804,653c5afcbb84a1b7c237dd9ead0fbfc06d8cabd01faf5abed5f52b816728eb50,yes
2026-08-09_2337_chatterbox_x2_ravdess,2026-08-09_2337_chatterbox_x2_ravdess/audio/chatterbox/rate_volume_pitch/S04_Q2.wav,290924,28df0f5116ed4d8baaee94e45b2987cd24ce6b4af7893409041a5fe972d5fde6,yes
2026-08-09_2337_chatterbox_x2_ravdess,2026-08-09_2337_chatterbox_x2_ravdess/audio/chatterbox/rate_volume_pitch/S04_Q3.wav,241964,1d27c8a945d84bb5ca2aecaaabbf1ce543b79c2d26057a27407fffa1da3a1adb,yes
2026-08-09_2337_chatterbox_x2_ravdess,2026-08-09_2337_chatterbox_x2_ravdess/audio/chatterbox/rate_volume_pitch/S04_Q4.wav,254444,4edc65c1bb7f0d493a148f8cdc29504152f1905f72a0a830c0b521297995a7a0,yes
2026-08-09_2337_chatterbox_x2_ravdess,2026-08-09_2337_chatterbox_x2_ravdess/audio/chatterbox/rate_volume_pitch/S05_Q1.wav,237164,0483444dbcb104cd370126c3559a4c552d30f1cd97c2cea89616869f634aa33a,yes
2026-08-09_2337_chatterbox_x2_ravdess,2026-08-09_2337_chatterbox_x2_ravdess/audio/chatterbox/rate_volume_pitch/S05_Q2.wav,306284,ce369a9ff8e75680aa697cc237be46b3560f93765df5c7518f28416a59795a63,yes
2026-08-09_2337_chatterbox_x2_ravdess,2026-08-09_2337_chatterbox_x2_ravdess/audio/chatterbox/rate_volume_pitch/S05_Q3.wav,261164,ca78c28c7254b6676760bec7c4a8f025f5e6088c4c04c1ce7c853e03cfbd677f,yes
2026-08-09_2337_chatterbox_x2_ravdess,2026-08-09_2337_chatterbox_x2_ravdess/audio/chatterbox/rate_volume_pitch/S05_Q4.wav,260204,46d89862d5b8435eba0d4b40da743bbb8829eed7ff90b13b12055d0a1c4c71b8,yes
2026-08-31_0113_zipvoice_b4_rms01,2026-08-31_0113_zipvoice_b4_rms01/audio/zipvoice/rate_volume_pitch/S01_Q1.wav,304220,b10eb2b2bc131934d7f97325b49143fdb61295dcff40343f59743e9c4af1f5c6,yes
2026-08-31_0113_zipvoice_b4_rms01,2026-08-31_0113_zipvoice_b4_rms01/audio/zipvoice/rate_volume_pitch/S01_Q2.wav,445724,12285b97f3a7512b74a696e7f890d11bb881ffbd17799d32d70612ed18e42e14,yes
2026-08-31_0113_zipvoice_b4_rms01,2026-08-31_0113_zipvoice_b4_rms01/audio/zipvoice/rate_volume_pitch/S01_Q3.wav,416060,3bbe0f9b4693fff184c9a127c4f13dfcb67d1340f74b050c454b3e41eab643ff,yes
2026-08-31_0113_zipvoice_b4_rms01,2026-08-31_0113_zipvoice_b4_rms01/audio/zipvoice/rate_volume_pitch/S01_Q4.wav,4844,58a2f64e4937368f19c47cca70b3f448914fffbb29b10e81ccaf04a99ba7eff4,yes
2026-08-31_0113_zipvoice_b4_rms01,2026-08-31_0113_zipvoice_b4_rms01/audio/zipvoice/rate_volume_pitch/S02_Q1.wav,277916,fefe7c50e49dc8667bbf5234b8ff0a3b4bda08feba55d0b3a0475d115613dc8c,yes
2026-08-31_0113_zipvoice_b4_rms01,2026-08-31_0113_zipvoice_b4_rms01/audio/zipvoice/rate_volume_pitch/S02_Q2.wav,389852,9c1c246ca1caed40638d90ff566acb66c096c223fdadf6013dc4adf38575cf98,yes
2026-08-31_0113_zipvoice_b4_rms01,2026-08-31_0113_zipvoice_b4_rms01/audio/zipvoice/rate_volume_pitch/S02_Q3.wav,358268,48d2ba331efeab2ebab379e275fae4a147e7156b07a8d52b002eaa4b824b8d65,yes
2026-08-31_0113_zipvoice_b4_rms01,2026-08-31_0113_zipvoice_b4_rms01/audio/zipvoice/rate_volume_pitch/S02_Q4.wav,4844,58a2f64e4937368f19c47cca70b3f448914fffbb29b10e81ccaf04a99ba7eff4,yes
2026-08-31_0113_zipvoice_b4_rms01,2026-08-31_0113_zipvoice_b4_rms01/audio/zipvoice/rate_volume_pitch/S03_Q1.wav,276476,82f8268162c8fcd6fb6f83a2f6f62d46b1e1436bc4c9f503b48ceb9ec7f10420,yes
2026-08-31_0113_zipvoice_b4_rms01,2026-08-31_0113_zipvoice_b4_rms01/audio/zipvoice/rate_volume_pitch/S03_Q2.wav,398492,5650e39f1447ccc8967e174d47bb49c9ee0c88a92840ca202991e987d5a6870c,yes
2026-08-31_0113_zipvoice_b4_rms01,2026-08-31_0113_zipvoice_b4_rms01/audio/zipvoice/rate_volume_pitch/S03_Q3.wav,379868,5fede9befc1d773729d506879982894dbf75e7e21c4cfd2713067380e9296289,yes
2026-08-31_0113_zipvoice_b4_rms01,2026-08-31_0113_zipvoice_b4_rms01/audio/zipvoice/rate_volume_pitch/S03_Q4.wav,4844,58a2f64e4937368f19c47cca70b3f448914fffbb29b10e81ccaf04a99ba7eff4,yes
2026-08-31_0113_zipvoice_b4_rms01,2026-08-31_0113_zipvoice_b4_rms01/audio/zipvoice/rate_volume_pitch/S04_Q1.wav,268988,99c676688b1d6437099cb6f2dd5097ff73206db7d12335c60c8195758bd7adb2,yes
2026-08-31_0113_zipvoice_b4_rms01,2026-08-31_0113_zipvoice_b4_rms01/audio/zipvoice/rate_volume_pitch/S04_Q2.wav,396572,06ebe1ec9f964cb0d634e9ea1e8196d5d7640d5cd37405549b2429a273544c83,yes
2026-08-31_0113_zipvoice_b4_rms01,2026-08-31_0113_zipvoice_b4_rms01/audio/zipvoice/rate_volume_pitch/S04_Q3.wav,324188,77bd14caca895d577588e8bd53b2e7f190a2963345f6c3210d1496b4cbfcda1d,yes
2026-08-31_0113_zipvoice_b4_rms01,2026-08-31_0113_zipvoice_b4_rms01/audio/zipvoice/rate_volume_pitch/S04_Q4.wav,4844,58a2f64e4937368f19c47cca70b3f448914fffbb29b10e81ccaf04a99ba7eff4,yes
2026-08-31_0113_zipvoice_b4_rms01,2026-08-31_0113_zipvoice_b4_rms01/audio/zipvoice/rate_volume_pitch/S05_Q1.wav,275036,c6f919edf015c965a056aa19117bf734551bce59c640f67d14e61f799434ca99,yes
2026-08-31_0113_zipvoice_b4_rms01,2026-08-31_0113_zipvoice_b4_rms01/audio/zipvoice/rate_volume_pitch/S05_Q2.wav,403292,1f484ec5f399af02b4277dbfd739b7720772c32ba49ce8ca94b5b15625ddea9a,yes
2026-08-31_0113_zipvoice_b4_rms01,2026-08-31_0113_zipvoice_b4_rms01/audio/zipvoice/rate_volume_pitch/S05_Q3.wav,374108,a3efd974b606bf26ba4039b4f56c3807068f979bdfb682518f1570d66ad1a72a,yes
2026-08-31_0113_zipvoice_b4_rms01,2026-08-31_0113_zipvoice_b4_rms01/audio/zipvoice/rate_volume_pitch/S05_Q4.wav,4844,58a2f64e4937368f19c47cca70b3f448914fffbb29b10e81ccaf04a99ba7eff4,yes
2026-08-31_0135_zipvoice_b4_rms00,2026-08-31_0135_zipvoice_b4_rms00/audio/zipvoice/rate_volume_pitch/S01_Q1.wav,303740,33a72624d0f57a0f49c8a5943581e66ef276ccca759933e8180fc4d54776645a,yes
2026-08-31_0135_zipvoice_b4_rms00,2026-08-31_0135_zipvoice_b4_rms00/audio/zipvoice/rate_volume_pitch/S01_Q2.wav,445724,12285b97f3a7512b74a696e7f890d11bb881ffbd17799d32d70612ed18e42e14,yes
2026-08-31_0135_zipvoice_b4_rms00,2026-08-31_0135_zipvoice_b4_rms00/audio/zipvoice/rate_volume_pitch/S01_Q3.wav,345500,d4f80eb4ce79e0d82db7269e7242f9a2e3e8ce1b3b073ef8062a61b5f9f30379,yes
2026-08-31_0135_zipvoice_b4_rms00,2026-08-31_0135_zipvoice_b4_rms00/audio/zipvoice/rate_volume_pitch/S01_Q4.wav,8924,438b76e78ce30ba301c0b73ed443569b89cf21a649f7fce6d65adc6991765f34,yes
2026-08-31_0135_zipvoice_b4_rms00,2026-08-31_0135_zipvoice_b4_rms00/audio/zipvoice/rate_volume_pitch/S02_Q1.wav,278396,8c6016da7f263848e30a69e29d6a9b60ebb0800ce2b6515de7b2e4e62c9f768e,yes
2026-08-31_0135_zipvoice_b4_rms00,2026-08-31_0135_zipvoice_b4_rms00/audio/zipvoice/rate_volume_pitch/S02_Q2.wav,389852,9c1c246ca1caed40638d90ff566acb66c096c223fdadf6013dc4adf38575cf98,yes
2026-08-31_0135_zipvoice_b4_rms00,2026-08-31_0135_zipvoice_b4_rms00/audio/zipvoice/rate_volume_pitch/S02_Q3.wav,356828,d6ededa9522d4db516b8a61565cb1cab7c437071576055487a5647953478b4e7,yes
2026-08-31_0135_zipvoice_b4_rms00,2026-08-31_0135_zipvoice_b4_rms00/audio/zipvoice/rate_volume_pitch/S02_Q4.wav,10220,37d0ef878bdb8c71362855afb3e2ba4e0c6f54ece9a5323ddd8028cd8b40e10e,yes
2026-08-31_0135_zipvoice_b4_rms00,2026-08-31_0135_zipvoice_b4_rms00/audio/zipvoice/rate_volume_pitch/S03_Q1.wav,276476,46cd7521f62c4655270e839ca2a62cd2c8ddbd960b121e524b46516d19c7a1a1,yes
2026-08-31_0135_zipvoice_b4_rms00,2026-08-31_0135_zipvoice_b4_rms00/audio/zipvoice/rate_volume_pitch/S03_Q2.wav,398492,5650e39f1447ccc8967e174d47bb49c9ee0c88a92840ca202991e987d5a6870c,yes
2026-08-31_0135_zipvoice_b4_rms00,2026-08-31_0135_zipvoice_b4_rms00/audio/zipvoice/rate_volume_pitch/S03_Q3.wav,379868,5862de8b64af6e87334b1e9fbf29e5603beb47e4c621bd15cee7ae3b4d3eba8c,yes
2026-08-31_0135_zipvoice_b4_rms00,2026-08-31_0135_zipvoice_b4_rms00/audio/zipvoice/rate_volume_pitch/S03_Q4.wav,9740,36d2c009e015ddbd0dda423654d47992321643e8cb2f566feec60a93b0b7404c,yes
2026-08-31_0135_zipvoice_b4_rms00,2026-08-31_0135_zipvoice_b4_rms00/audio/zipvoice/rate_volume_pitch/S04_Q1.wav,271868,89c9fdbd0ec658070e5482c55e4f9cfb03509ba2a23941563614339fb6357e44,yes
2026-08-31_0135_zipvoice_b4_rms00,2026-08-31_0135_zipvoice_b4_rms00/audio/zipvoice/rate_volume_pitch/S04_Q2.wav,396572,06ebe1ec9f964cb0d634e9ea1e8196d5d7640d5cd37405549b2429a273544c83,yes
2026-08-31_0135_zipvoice_b4_rms00,2026-08-31_0135_zipvoice_b4_rms00/audio/zipvoice/rate_volume_pitch/S04_Q3.wav,332348,ede4334414342b1ae21fa22e34292d3ba8c75df2e6ef275df500cce5a6e27cec,yes
2026-08-31_0135_zipvoice_b4_rms00,2026-08-31_0135_zipvoice_b4_rms00/audio/zipvoice/rate_volume_pitch/S04_Q4.wav,9740,bb645c09521cb9dbeb1e5c6bc914afa17b58404644c49e14a73f129508b91b78,yes
2026-08-31_0135_zipvoice_b4_rms00,2026-08-31_0135_zipvoice_b4_rms00/audio/zipvoice/rate_volume_pitch/S05_Q1.wav,275036,30bfd9a74b11b357084442c843163acea28bc6b64ec2da260de65c51b31b68ec,yes
2026-08-31_0135_zipvoice_b4_rms00,2026-08-31_0135_zipvoice_b4_rms00/audio/zipvoice/rate_volume_pitch/S05_Q2.wav,403292,1f484ec5f399af02b4277dbfd739b7720772c32ba49ce8ca94b5b15625ddea9a,yes
2026-08-31_0135_zipvoice_b4_rms00,2026-08-31_0135_zipvoice_b4_rms00/audio/zipvoice/rate_volume_pitch/S05_Q3.wav,385628,6b62810c07166aa473ecc344c14a5ccbc0362a31cf37bf0a15979871e64f36d0,yes
2026-08-31_0135_zipvoice_b4_rms00,2026-08-31_0135_zipvoice_b4_rms00/audio/zipvoice/rate_volume_pitch/S05_Q4.wav,9740,24ce39a32f6b046ef7063e2e75783c823470fb12928960506970012d169bcb7d,yes
2026-08-31_1241_zipvoice_b4_matched,2026-08-31_1241_zipvoice_b4_matched/audio/zipvoice/rate_volume_pitch/S01_Q1.wav,315260,cd2a946cd5f41522777ffd0afa88c1dbdaf7636201350dbc10bbff3333e154ff,yes
2026-08-31_1241_zipvoice_b4_matched,2026-08-31_1241_zipvoice_b4_matched/audio/zipvoice/rate_volume_pitch/S01_Q2.wav,413996,6b45ff3bf59fd7b84c7fe0325842958a36720b769bf98cc2fdb0ea921f099fc4,yes
2026-08-31_1241_zipvoice_b4_matched,2026-08-31_1241_zipvoice_b4_matched/audio/zipvoice/rate_volume_pitch/S01_Q3.wav,653372,df3a3c9f381cbaec2e6928042519121a06c7365f0e802aae094a3c09e7158537,yes
2026-08-31_1241_zipvoice_b4_matched,2026-08-31_1241_zipvoice_b4_matched/audio/zipvoice/rate_volume_pitch/S01_Q4.wav,434492,fdff508cf48a495c166f1351de778791356b0fb79dd956397aebb91522cdf852,yes
2026-08-31_1241_zipvoice_b4_matched,2026-08-31_1241_zipvoice_b4_matched/audio/zipvoice/rate_volume_pitch/S02_Q1.wav,293660,bcd829f6ab195437319a1567c5dcb94fea4a9152bb2d06451f263040290fee93,yes
2026-08-31_1241_zipvoice_b4_matched,2026-08-31_1241_zipvoice_b4_matched/audio/zipvoice/rate_volume_pitch/S02_Q2.wav,375548,ff0a89f356fc09411adeaf31be4ef3432e212e98b05d98f63b99f98585491fc6,yes
2026-08-31_1241_zipvoice_b4_matched,2026-08-31_1241_zipvoice_b4_matched/audio/zipvoice/rate_volume_pitch/S02_Q3.wav,570044,9bc8a830920b2af826a5ae5c318b6b620e8de4146386726d0f270ae96d982bc3,yes
2026-08-31_1241_zipvoice_b4_matched,2026-08-31_1241_zipvoice_b4_matched/audio/zipvoice/rate_volume_pitch/S02_Q4.wav,373388,545b4acc1f5db2bc73fd714bf4c1dc19b42c381ace614bda482e1c643a4dbce2,yes
2026-08-31_1241_zipvoice_b4_matched,2026-08-31_1241_zipvoice_b4_matched/audio/zipvoice/rate_volume_pitch/S03_Q1.wav,290780,bfb64a462dab7ef414bbec089c155d59d5dc02553f24b82d5b931a8d4501459a,yes
2026-08-31_1241_zipvoice_b4_matched,2026-08-31_1241_zipvoice_b4_matched/audio/zipvoice/rate_volume_pitch/S03_Q2.wav,372668,64073e4b257046bb2ee56b79f14bd5615acb3899b8f61004c546f14d881ab6cb,yes
2026-08-31_1241_zipvoice_b4_matched,2026-08-31_1241_zipvoice_b4_matched/audio/zipvoice/rate_volume_pitch/S03_Q3.wav,569564,2dd22c3da6a3a14408013ea301a5a64c51bae5f23944a022ed46c2402d488ef1,yes
2026-08-31_1241_zipvoice_b4_matched,2026-08-31_1241_zipvoice_b4_matched/audio/zipvoice/rate_volume_pitch/S03_Q4.wav,390188,c1dd671135d7385f28c66d6ed056a846fbad9ed47ba9880a8007b21480002523,yes
2026-08-31_1241_zipvoice_b4_matched,2026-08-31_1241_zipvoice_b4_matched/audio/zipvoice/rate_volume_pitch/S04_Q1.wav,285164,8c572fcea605cb70e78bdd037d6299c1b9aaca5e5d05743634218aa7dac7f08f,yes
2026-08-31_1241_zipvoice_b4_matched,2026-08-31_1241_zipvoice_b4_matched/audio/zipvoice/rate_volume_pitch/S04_Q2.wav,368444,7a58c0918358d9376f8cc6a226e8e650e2e6ce9fe4f4f790a757fe02d0a228f9,yes
2026-08-31_1241_zipvoice_b4_matched,2026-08-31_1241_zipvoice_b4_matched/audio/zipvoice/rate_volume_pitch/S04_Q3.wav,576524,c5422d825ea4253a339672c16cdaf313a0c1bd05381a9e7bbc3462c357633fe8,yes
2026-08-31_1241_zipvoice_b4_matched,2026-08-31_1241_zipvoice_b4_matched/audio/zipvoice/rate_volume_pitch/S04_Q4.wav,385868,eb4d4535ae06981382408bead035f64a211dd1711c37fc2dd1f05b9ce143b9e6,yes
2026-08-31_1241_zipvoice_b4_matched,2026-08-31_1241_zipvoice_b4_matched/audio/zipvoice/rate_volume_pitch/S05_Q1.wav,291740,77cb3f44e450b578f984f06defadd9835e89489d30dbccba80a2e0ae17406bf6,yes
2026-08-31_1241_zipvoice_b4_matched,2026-08-31_1241_zipvoice_b4_matched/audio/zipvoice/rate_volume_pitch/S05_Q2.wav,373148,828c88993d6b606ce752577b5feb47bbecfa7bcc9bf0b32de4990efa0e87bea4,yes
2026-08-31_1241_zipvoice_b4_matched,2026-08-31_1241_zipvoice_b4_matched/audio/zipvoice/rate_volume_pitch/S05_Q3.wav,570044,748a5884717a8aa2057bf05082c417051dde4edf50adf0a9bea53ce52d053ff9,yes
2026-08-31_1241_zipvoice_b4_matched,2026-08-31_1241_zipvoice_b4_matched/audio/zipvoice/rate_volume_pitch/S05_Q4.wav,394508,804e73d4c348d07a7e757220e5c20a52ff9b9861041bc7e1cc7c95998f861d40,yes
2026-08-31_2226_parlertts_b4_negative,2026-08-31_2226_parlertts_b4_negative/audio/parlertts/rate_volume_pitch/S01_Q1.wav,553004,774a92a9ea4a0c04130b3001786f2e84d019896c4a94b1c88b6d00055d2806a9,yes
2026-08-31_2226_parlertts_b4_negative,2026-08-31_2226_parlertts_b4_negative/audio/parlertts/rate_volume_pitch/S01_Q2.wav,556076,17cda3690ee833bb55b5bfb417b67f50f4000578642007c963d68ce556fb6cde,yes
2026-08-31_2226_parlertts_b4_negative,2026-08-31_2226_parlertts_b4_negative/audio/parlertts/rate_volume_pitch/S01_Q3.wav,553004,b17d147991b6da08194552fadc0ee3e3c750c16c03b1006e1c66f52a499478cd,yes
2026-08-31_2226_parlertts_b4_negative,2026-08-31_2226_parlertts_b4_negative/audio/parlertts/rate_volume_pitch/S01_Q4.wav,553004,daf207a26e9df1f751b745983a95201d363fd1900716ac05cb2bfa9147abc287,yes
2026-08-31_2226_parlertts_b4_negative,2026-08-31_2226_parlertts_b4_negative/audio/parlertts/rate_volume_pitch/S02_Q1.wav,486444,78c1b670b392bd1c5f31f3115c3ab7909c7e2f852d7bc3d58083e30cae2c34f1,yes
2026-08-31_2226_parlertts_b4_negative,2026-08-31_2226_parlertts_b4_negative/audio/parlertts/rate_volume_pitch/S02_Q2.wav,436268,37e199909fb3079b65ad9fbb60a625dcd24a1d9d037944dd54624c1ed5ad546d,yes
2026-08-31_2226_parlertts_b4_negative,2026-08-31_2226_parlertts_b4_negative/audio/parlertts/rate_volume_pitch/S02_Q3.wav,512044,14671fe5e6cbe3eab95ea779eabe2602d4c6d79f36af3b1cf229cfd730f1498d,yes
2026-08-31_2226_parlertts_b4_negative,2026-08-31_2226_parlertts_b4_negative/audio/parlertts/rate_volume_pitch/S02_Q4.wav,512044,85a2090adf3be44d3ed7a09647366922f2db645662c0fa71714646656fb3a9e9,yes
2026-08-31_2226_parlertts_b4_negative,2026-08-31_2226_parlertts_b4_negative/audio/parlertts/rate_volume_pitch/S03_Q1.wav,464940,0681d8f70464dae7faf34e0b1ae0296bf6e29a2a12508c09eb1db83c7a83a8ba,yes
2026-08-31_2226_parlertts_b4_negative,2026-08-31_2226_parlertts_b4_negative/audio/parlertts/rate_volume_pitch/S03_Q2.wav,449580,0982fb307ebb12c736a6b53f66b2818370f7a0ae6e5783a9b902257e5a0ffbcc,yes
2026-08-31_2226_parlertts_b4_negative,2026-08-31_2226_parlertts_b4_negative/audio/parlertts/rate_volume_pitch/S03_Q3.wav,449580,c32a5432146d1dea9ee9065cf43865df8d958c074c959576e3fd8e555208ed70,yes
2026-08-31_2226_parlertts_b4_negative,2026-08-31_2226_parlertts_b4_negative/audio/parlertts/rate_volume_pitch/S03_Q4.wav,522284,7ace6d6ae16bd75b4a6c3da695c8ee3df423f606634e2adf7153935e48584691,yes
2026-08-31_2226_parlertts_b4_negative,2026-08-31_2226_parlertts_b4_negative/audio/parlertts/rate_volume_pitch/S04_Q1.wav,542764,a6fb74d6824e441015866960c574f25d7914e07ac8ce50d8a837a2c42b6f0066,yes
2026-08-31_2226_parlertts_b4_negative,2026-08-31_2226_parlertts_b4_negative/audio/parlertts/rate_volume_pitch/S04_Q2.wav,512044,4d3a283e9806912e334a8c3bff534b2bd2366116f37d08660a88681e8518fa6b,yes
2026-08-31_2226_parlertts_b4_negative,2026-08-31_2226_parlertts_b4_negative/audio/parlertts/rate_volume_pitch/S04_Q3.wav,524332,f42dd60da5898c6c5b9a15abae81cac0b4b5a85af0ed7044fb4926d7ba37bf0a,yes
2026-08-31_2226_parlertts_b4_negative,2026-08-31_2226_parlertts_b4_negative/audio/parlertts/rate_volume_pitch/S04_Q4.wav,481324,ca241b62d0dd6e41e93983cbd272c6895456c66a82bcac02ffa90ea770a72d86,yes
2026-08-31_2226_parlertts_b4_negative,2026-08-31_2226_parlertts_b4_negative/audio/parlertts/rate_volume_pitch/S05_Q1.wav,536620,d5d203983bddd80e30b25ddfaa19efb4df92e5c39fe52dc574bf945324a1a5b3,yes
2026-08-31_2226_parlertts_b4_negative,2026-08-31_2226_parlertts_b4_negative/audio/parlertts/rate_volume_pitch/S05_Q2.wav,531500,678a1bf3843cdf5bac3c55880189e2f013462f959822df7162a2e502fb054be3,yes
2026-08-31_2226_parlertts_b4_negative,2026-08-31_2226_parlertts_b4_negative/audio/parlertts/rate_volume_pitch/S05_Q3.wav,584748,cfecfe2dd4b6731333ae2d69cda7a7ef94474dc20e2321beaceeadb4ab89067b,yes
2026-08-31_2226_parlertts_b4_negative,2026-08-31_2226_parlertts_b4_negative/audio/parlertts/rate_volume_pitch/S05_Q4.wav,593964,ed5f16d16b7200d4edee66ee09c2be4902f02c5cbdf0a8c8f5bbf6e74f18c0dc,yes
2026-08-31_2302_chatterbox_x2_matched_v2,2026-08-31_2302_chatterbox_x2_matched_v2/audio/chatterbox/rate_volume_pitch/S01_Q1.wav,254444,0ae21657595475de3d82da2a7d67f724eb6e2e63e89adba87731354c92bc1a57,yes
2026-08-31_2302_chatterbox_x2_matched_v2,2026-08-31_2302_chatterbox_x2_matched_v2/audio/chatterbox/rate_volume_pitch/S01_Q2.wav,319724,0d65e4ce9ff0ec5616639915a50282448ec17a6916a8749472105686e5c90857,yes
2026-08-31_2302_chatterbox_x2_matched_v2,2026-08-31_2302_chatterbox_x2_matched_v2/audio/chatterbox/rate_volume_pitch/S01_Q3.wav,289964,1310b53fcc1b396154a24db1c206138c2f501b73b723bbd5449b4b58a08a401e,yes
2026-08-31_2302_chatterbox_x2_matched_v2,2026-08-31_2302_chatterbox_x2_matched_v2/audio/chatterbox/rate_volume_pitch/S01_Q4.wav,306284,6d62cee27a0de7e50c0be9d041e36a38cf65da0751300c6b78b485de0b665039,yes
2026-08-31_2302_chatterbox_x2_matched_v2,2026-08-31_2302_chatterbox_x2_matched_v2/audio/chatterbox/rate_volume_pitch/S02_Q1.wav,258284,67885e88d2639e58b916b26ad64ac473ddf1752b940230f70e312ba1bf3af4cf,yes
2026-08-31_2302_chatterbox_x2_matched_v2,2026-08-31_2302_chatterbox_x2_matched_v2/audio/chatterbox/rate_volume_pitch/S02_Q2.wav,308204,680ff9be87f4e5d6206107166c6b4c953a0419f0fcbfb353d93569ceffe14ab3,yes
2026-08-31_2302_chatterbox_x2_matched_v2,2026-08-31_2302_chatterbox_x2_matched_v2/audio/chatterbox/rate_volume_pitch/S02_Q3.wav,251564,120b4d90c3589132adaab120846e0b26538e941cc107274a349c1cf9a9a5831f,yes
2026-08-31_2302_chatterbox_x2_matched_v2,2026-08-31_2302_chatterbox_x2_matched_v2/audio/chatterbox/rate_volume_pitch/S02_Q4.wav,254444,6eff2c02ab0f89813757f324623634f918d0c5d153181d99c579d703aa4819cf,yes
2026-08-31_2302_chatterbox_x2_matched_v2,2026-08-31_2302_chatterbox_x2_matched_v2/audio/chatterbox/rate_volume_pitch/S03_Q1.wav,239084,8d01ac7673ccdddcc36cb4d9eee07fe3f0cc8f188e9a24a0f1dbd220d478f8c6,yes
2026-08-31_2302_chatterbox_x2_matched_v2,2026-08-31_2302_chatterbox_x2_matched_v2/audio/chatterbox/rate_volume_pitch/S03_Q2.wav,273644,48215e18d6cc3e93b470250cb2d18ee848bec9ddf216150032d6719166ce4573,yes
2026-08-31_2302_chatterbox_x2_matched_v2,2026-08-31_2302_chatterbox_x2_matched_v2/audio/chatterbox/rate_volume_pitch/S03_Q3.wav,263084,f544c1d2d32cfe91f8bf25e5ef387ba86c3b33ca0b24df96217a8b88564d9e1e,yes
2026-08-31_2302_chatterbox_x2_matched_v2,2026-08-31_2302_chatterbox_x2_matched_v2/audio/chatterbox/rate_volume_pitch/S03_Q4.wav,252524,f1476c2c9ab991ad019260606c463240a21cac9fddbfdd4a4a4be56f4e360089,yes
2026-08-31_2302_chatterbox_x2_matched_v2,2026-08-31_2302_chatterbox_x2_matched_v2/audio/chatterbox/rate_volume_pitch/S04_Q1.wav,254444,8b7b9cf377d89bebda08520afe6f3c1d86c083abf989ab9745ecfe13a5a7cccc,yes
2026-08-31_2302_chatterbox_x2_matched_v2,2026-08-31_2302_chatterbox_x2_matched_v2/audio/chatterbox/rate_volume_pitch/S04_Q2.wav,229484,c12bc18ef9c722b149ffcc5e2f979683498a38609318dab0e69912f712fe0ef3,yes
2026-08-31_2302_chatterbox_x2_matched_v2,2026-08-31_2302_chatterbox_x2_matched_v2/audio/chatterbox/rate_volume_pitch/S04_Q3.wav,234284,831ce78c9457505af84e4c29f863a12c2490fa2855c395799a7614242e6c8753,yes
2026-08-31_2302_chatterbox_x2_matched_v2,2026-08-31_2302_chatterbox_x2_matched_v2/audio/chatterbox/rate_volume_pitch/S04_Q4.wav,248684,0579fe2296adde6a922c8a0706e2d150783e0ab63a2c7e01e74b83cedc4d3f18,yes
2026-08-31_2302_chatterbox_x2_matched_v2,2026-08-31_2302_chatterbox_x2_matched_v2/audio/chatterbox/rate_volume_pitch/S05_Q1.wav,252524,229d996f4fe7c2e37c76b140f41eb1ace2c6603329c2e8cf8121d0372ed0a307,yes
2026-08-31_2302_chatterbox_x2_matched_v2,2026-08-31_2302_chatterbox_x2_matched_v2/audio/chatterbox/rate_volume_pitch/S05_Q2.wav,317804,09c27a7577c7a138757f56104b7c700c733b3296a25d7898e199cfe41e6fb585,yes
2026-08-31_2302_chatterbox_x2_matched_v2,2026-08-31_2302_chatterbox_x2_matched_v2/audio/chatterbox/rate_volume_pitch/S05_Q3.wav,289964,3c9a6aab8cb97b81303fec8eaaab1187c6ec24112472ddb6c848caf742222ad5,yes
2026-08-31_2302_chatterbox_x2_matched_v2,2026-08-31_2302_chatterbox_x2_matched_v2/audio/chatterbox/rate_volume_pitch/S05_Q4.wav,292844,3b973d87c741beb4c316dcb352e2b30f8b388cde95361dd5adf7e15a3d3acb32,yes
2026-09-01_0002_parlertts_b4_nodial,2026-09-01_0002_parlertts_b4_nodial/audio/parlertts/rate/S01_Q1.wav,553004,19ec97ccef5b3adc3341f1262d86328d782800b8ec824ffa869d245bf8f1ab3a,yes
2026-09-01_0002_parlertts_b4_nodial,2026-09-01_0002_parlertts_b4_nodial/audio/parlertts/rate/S01_Q2.wav,556076,99dadab789893526525741144e087ea4b75d39e39b3ed1369e96edf4140d15c5,yes
2026-09-01_0002_parlertts_b4_nodial,2026-09-01_0002_parlertts_b4_nodial/audio/parlertts/rate/S01_Q3.wav,553004,430772add7a8bf8302076cdcad4ef64bc85616d13312fd13c07400e5e998dfc7,yes
2026-09-01_0002_parlertts_b4_nodial,2026-09-01_0002_parlertts_b4_nodial/audio/parlertts/rate/S01_Q4.wav,553004,308b1386b9e092d5129aeead427ea33d531ed9435253f5a39201d825087767aa,yes
2026-09-01_0002_parlertts_b4_nodial,2026-09-01_0002_parlertts_b4_nodial/audio/parlertts/rate/S02_Q1.wav,486444,e9bc2e13c4697ef9302b3af8d62ec2b0864ca98c83b00ec9f4d5992571feda40,yes
2026-09-01_0002_parlertts_b4_nodial,2026-09-01_0002_parlertts_b4_nodial/audio/parlertts/rate/S02_Q2.wav,436268,b8e28845af2373a5e650b0bd44edbba12a5bb5c3428467888a74b39674337a7e,yes
2026-09-01_0002_parlertts_b4_nodial,2026-09-01_0002_parlertts_b4_nodial/audio/parlertts/rate/S02_Q3.wav,512044,4250dc67c271e392cf453831ed1c7c15944e22587cdd2bcd6fad23e1b3808a3b,yes
2026-09-01_0002_parlertts_b4_nodial,2026-09-01_0002_parlertts_b4_nodial/audio/parlertts/rate/S02_Q4.wav,512044,62fd767a99f35a688d2bfb007610254c02e7d5e282f06e0aa4c5e9394761b451,yes
2026-09-01_0002_parlertts_b4_nodial,2026-09-01_0002_parlertts_b4_nodial/audio/parlertts/rate/S03_Q1.wav,464940,41569380419d6dedd5f1d8302c0508a7c5aff194eba1c39d167abef4b87b8528,yes
2026-09-01_0002_parlertts_b4_nodial,2026-09-01_0002_parlertts_b4_nodial/audio/parlertts/rate/S03_Q2.wav,449580,93456c36336238492eb154483ef4a2b60c4b8cbcc9da055a7bf0db14dcf305d6,yes
2026-09-01_0002_parlertts_b4_nodial,2026-09-01_0002_parlertts_b4_nodial/audio/parlertts/rate/S03_Q3.wav,449580,1ce3938e75ed860e66cbc8e64ad11a58de61ab6a93a26147366c73cb86c4fd8f,yes
2026-09-01_0002_parlertts_b4_nodial,2026-09-01_0002_parlertts_b4_nodial/audio/parlertts/rate/S03_Q4.wav,522284,51b3967ace431e8b0972d5b9b0df1399c8c0959fb8967a647eb59d21255ac0f3,yes
2026-09-01_0002_parlertts_b4_nodial,2026-09-01_0002_parlertts_b4_nodial/audio/parlertts/rate/S04_Q1.wav,542764,fd2f82f039ad0c42810142cb720c6044c676bd2229e407dfc41dd0188b04aba7,yes
2026-09-01_0002_parlertts_b4_nodial,2026-09-01_0002_parlertts_b4_nodial/audio/parlertts/rate/S04_Q2.wav,512044,9d685fbf5ecda8060f5a4c7d626e1bee07f1a68d2bd78b162614fe34551059f5,yes
2026-09-01_0002_parlertts_b4_nodial,2026-09-01_0002_parlertts_b4_nodial/audio/parlertts/rate/S04_Q3.wav,524332,c2f2fcb6e32521447029c5afa4512fd4f25dd9d5b794bd7bd0c2f57c078df511,yes
2026-09-01_0002_parlertts_b4_nodial,2026-09-01_0002_parlertts_b4_nodial/audio/parlertts/rate/S04_Q4.wav,481324,b33c96fb1977ed60bccf640bbba53397bbf399f8d23eddc88e76300416c1df3b,yes
2026-09-01_0002_parlertts_b4_nodial,2026-09-01_0002_parlertts_b4_nodial/audio/parlertts/rate/S05_Q1.wav,536620,687c2cb6d2ace34a1eaab162f904b5a6478da34c7379aa007f6749867006d954,yes
2026-09-01_0002_parlertts_b4_nodial,2026-09-01_0002_parlertts_b4_nodial/audio/parlertts/rate/S05_Q2.wav,531500,fc2f7940ffe7960d29b8f0dad46be10c5a831865f9b7886a6f5bd9a9e5e01e57,yes
2026-09-01_0002_parlertts_b4_nodial,2026-09-01_0002_parlertts_b4_nodial/audio/parlertts/rate/S05_Q3.wav,584748,260170f69219fe06f0bbd7b63dcee52b882c32d3955df75eecf9f9ad9b7b120a,yes
2026-09-01_0002_parlertts_b4_nodial,2026-09-01_0002_parlertts_b4_nodial/audio/parlertts/rate/S05_Q4.wav,593964,561d77559a6bedc06ba90951a84026e8bd325a14d450c5e2d3f6faf8510c64fc,yes
