source,session,clip_id,blind_id,created,engine,param_set,stimulus_id,quadrant,valence,arousal,intensity,rate,volume,pitch,pitch_rendered,duration_s,duration_ok,model,text,audio_path,sha256,commit,tag,rec_arousal,rec_valence,rec_dominance,rec_quadrant
controlled,2026-07-26_1733_sapi_e6_realtest,3230cfe4d7,B003388,2026-07-26T16:33:40.179267+00:00,sapi5xml,rate_volume_pitch,S05,Q4,0.6,-0.6,0.7,0.928,0.65,1.042,yes,7.388,yes,fixed-text,"He parked near the corner shop, bought a loaf of bread and a carton of milk, and walked home slowly.",research\sessions\2026-07-26_1733_sapi_e6_realtest\audio\sapi5xml\rate_volume_pitch\S05_Q4.wav,9d8ff19f3e644728e325a728423b9be2f07ca29bdecadd6affd26226b4ef1216,0061ab2,v0.2-voice-params,-0.157,-0.022,0.088,Q3
controlled,2026-07-26_1733_sapi_e6_realtest,3328e91ede,B12aef7,2026-07-26T16:33:39.426270+00:00,sapi5xml,rate_volume_pitch,S03,Q3,-0.6,-0.6,0.7,0.832,0.71,0.8,yes,8.958,yes,fixed-text,"After the rain had stopped, the workers opened the gates and stacked the empty boxes along the far wall.",research\sessions\2026-07-26_1733_sapi_e6_realtest\audio\sapi5xml\rate_volume_pitch\S03_Q3.wav,8dbfd200d23a0104de13a5e0012360ec5a12e910564c1d7f7b1ac0bbc0559e60,0061ab2,v0.2-voice-params,-0.323,-0.299,-0.059,Q3
controlled,2026-07-26_1733_sapi_e6_realtest,3d5eec054f,Bd0d422,2026-07-26T16:33:38.892703+00:00,sapi5xml,rate_volume_pitch,S01,Q4,0.6,-0.6,0.7,0.928,0.65,1.042,yes,7.848,yes,fixed-text,"The train from the coast reaches the station after noon, and the passengers collect their bags before the doors open.",research\sessions\2026-07-26_1733_sapi_e6_realtest\audio\sapi5xml\rate_volume_pitch\S01_Q4.wav,ecfc3c430b8b72ab1dc32ca0a462f0501fa12cb6194e1dba1552d89481bd9d80,0061ab2,v0.2-voice-params,-0.202,-0.065,0.029,Q3
controlled,2026-07-26_1733_sapi_e6_realtest,4a5b1f2a86,B113927,2026-07-26T16:33:39.836269+00:00,sapi5xml,rate_volume_pitch,S04,Q4,0.6,-0.6,0.7,0.928,0.65,1.042,yes,6.368,yes,fixed-text,The report on the table covers the past three months and will be read by the committee later next week.,research\sessions\2026-07-26_1733_sapi_e6_realtest\audio\sapi5xml\rate_volume_pitch\S04_Q4.wav,198adfb8467b3c6765339846c828e71aa6cac10f63dffac9f193a6e6f8f8f613,0061ab2,v0.2-voice-params,-0.237,0.026,-0.026,Q4
controlled,2026-07-26_1733_sapi_e6_realtest,51da75bce2,Bc770c2,2026-07-26T16:33:39.052275+00:00,sapi5xml,rate_volume_pitch,S02,Q2,-0.6,0.6,0.7,1.072,0.95,0.958,yes,5.948,yes,fixed-text,"She placed the grey folder on the shelf, checked the list of names again, and returned to the meeting room.",research\sessions\2026-07-26_1733_sapi_e6_realtest\audio\sapi5xml\rate_volume_pitch\S02_Q2.wav,f25fa298fedfdb10be84a322e8920bafa0d6214bd0e2767382ffa83f5a520e99,0061ab2,v0.2-voice-params,-0.134,-0.031,0.097,Q3
controlled,2026-07-26_1733_sapi_e6_realtest,8f8b2a7403,B642b8d,2026-07-26T16:33:39.320267+00:00,sapi5xml,rate_volume_pitch,S03,Q2,-0.6,0.6,0.7,1.072,0.95,0.958,yes,5.712,yes,fixed-text,"After the rain had stopped, the workers opened the gates and stacked the empty boxes along the far wall.",research\sessions\2026-07-26_1733_sapi_e6_realtest\audio\sapi5xml\rate_volume_pitch\S03_Q2.wav,249d0258afbbd8f7c0138e3865128682ae340df4af84ca5d65d93eca6f418964,0061ab2,v0.2-voice-params,-0.084,-0.271,0.091,Q3
controlled,2026-07-26_1733_sapi_e6_realtest,96e30f94a7,Bb5a493,2026-07-26T16:33:38.709702+00:00,sapi5xml,rate_volume_pitch,S01,Q2,-0.6,0.6,0.7,1.072,0.95,0.958,yes,6.265,yes,fixed-text,"The train from the coast reaches the station after noon, and the passengers collect their bags before the doors open.",research\sessions\2026-07-26_1733_sapi_e6_realtest\audio\sapi5xml\rate_volume_pitch\S01_Q2.wav,3d7aaf7155778ee0db2c334fe4149f7c5887dc4e451a634c44a67e9f48bea60d,0061ab2,v0.2-voice-params,-0.088,-0.059,0.109,Q3
controlled,2026-07-26_1733_sapi_e6_realtest,97a45c7b91,B190bd3,2026-07-26T16:33:39.741267+00:00,sapi5xml,rate_volume_pitch,S04,Q3,-0.6,-0.6,0.7,0.832,0.71,0.8,yes,7.918,yes,fixed-text,The report on the table covers the past three months and will be read by the committee later next week.,research\sessions\2026-07-26_1733_sapi_e6_realtest\audio\sapi5xml\rate_volume_pitch\S04_Q3.wav,51e6b1c01c122eca51f02900f0c8ed0a35256e8c9992e22e3a92fc67406d856d,0061ab2,v0.2-voice-params,-0.341,-0.006,-0.067,Q3
controlled,2026-07-26_1733_sapi_e6_realtest,9dfd6bdb49,Bb80724,2026-07-26T16:33:39.526267+00:00,sapi5xml,rate_volume_pitch,S03,Q4,0.6,-0.6,0.7,0.928,0.65,1.042,yes,7.163,yes,fixed-text,"After the rain had stopped, the workers opened the gates and stacked the empty boxes along the far wall.",research\sessions\2026-07-26_1733_sapi_e6_realtest\audio\sapi5xml\rate_volume_pitch\S03_Q4.wav,c378493002b02e759734e790c6906a3660b19b9538f9dd23a55a2058be3f779f,0061ab2,v0.2-voice-params,-0.199,-0.267,0.014,Q3
controlled,2026-07-26_1733_sapi_e6_realtest,a090f9911d,B187f76,2026-07-26T16:33:39.110265+00:00,sapi5xml,rate_volume_pitch,S02,Q3,-0.6,-0.6,0.7,0.832,0.71,0.8,yes,9.328,yes,fixed-text,"She placed the grey folder on the shelf, checked the list of names again, and returned to the meeting room.",research\sessions\2026-07-26_1733_sapi_e6_realtest\audio\sapi5xml\rate_volume_pitch\S02_Q3.wav,d218eed0b8210a79a89ea1751c155d57bd036025295a94077affeb6a0da5005f,0061ab2,v0.2-voice-params,-0.371,-0.063,-0.054,Q3
controlled,2026-07-26_1733_sapi_e6_realtest,b29370a2e8,B195c65,2026-07-26T16:33:39.935269+00:00,sapi5xml,rate_volume_pitch,S05,Q1,0.6,0.6,0.7,1.168,0.89,1.2,yes,4.693,yes,fixed-text,"He parked near the corner shop, bought a loaf of bread and a carton of milk, and walked home slowly.",research\sessions\2026-07-26_1733_sapi_e6_realtest\audio\sapi5xml\rate_volume_pitch\S05_Q1.wav,6e4d978422b54ead7b75444a9222e6aedfe5c9728c1d246f5a2aaf5eb399d830,0061ab2,v0.2-voice-params,0.182,0.098,0.306,Q1
controlled,2026-07-26_1733_sapi_e6_realtest,b819b180cb,B92cd90,2026-07-26T16:33:40.113265+00:00,sapi5xml,rate_volume_pitch,S05,Q3,-0.6,-0.6,0.7,0.832,0.71,0.8,yes,9.243,yes,fixed-text,"He parked near the corner shop, bought a loaf of bread and a carton of milk, and walked home slowly.",research\sessions\2026-07-26_1733_sapi_e6_realtest\audio\sapi5xml\rate_volume_pitch\S05_Q3.wav,bc86c030886cc4edf52e6365e60fcf9b0079a54d61bb2b427889308229e23095,0061ab2,v0.2-voice-params,-0.296,-0.053,0.004,Q3
controlled,2026-07-26_1733_sapi_e6_realtest,c26f055638,B17b1ac,2026-07-26T16:33:39.186267+00:00,sapi5xml,rate_volume_pitch,S02,Q4,0.6,-0.6,0.7,0.928,0.65,1.042,yes,7.438,yes,fixed-text,"She placed the grey folder on the shelf, checked the list of names again, and returned to the meeting room.",research\sessions\2026-07-26_1733_sapi_e6_realtest\audio\sapi5xml\rate_volume_pitch\S02_Q4.wav,4be4f129402fbea5d9b651243e875d6d6fb9d1e172a23a504040e1e7f505bcad,0061ab2,v0.2-voice-params,-0.217,-0.049,0.038,Q3
controlled,2026-07-26_1733_sapi_e6_realtest,d29751c359,B73576d,2026-07-26T16:33:38.818703+00:00,sapi5xml,rate_volume_pitch,S01,Q3,-0.6,-0.6,0.7,0.832,0.71,0.8,yes,9.843,yes,fixed-text,"The train from the coast reaches the station after noon, and the passengers collect their bags before the doors open.",research\sessions\2026-07-26_1733_sapi_e6_realtest\audio\sapi5xml\rate_volume_pitch\S01_Q3.wav,3d9833f5fc5b903ff7826d370b4375820518a7e9efde8bf155b53b5a103d1304,0061ab2,v0.2-voice-params,-0.345,-0.097,-0.054,Q3
controlled,2026-07-26_1733_sapi_e6_realtest,dcb9e97283,B5c345e,2026-07-26T16:33:39.591272+00:00,sapi5xml,rate_volume_pitch,S04,Q1,0.6,0.6,0.7,1.168,0.89,1.2,yes,4.021,yes,fixed-text,The report on the table covers the past three months and will be read by the committee later next week.,research\sessions\2026-07-26_1733_sapi_e6_realtest\audio\sapi5xml\rate_volume_pitch\S04_Q1.wav,3af4d20efcb6f4f9647cb0a38d1a366800c6ed44bc7544ae011a5e0693bd19aa,0061ab2,v0.2-voice-params,0.049,0.139,0.141,Q1
controlled,2026-07-26_1733_sapi_e6_realtest,de31f4fbb6,B066471,2026-07-26T16:33:39.659268+00:00,sapi5xml,rate_volume_pitch,S04,Q2,-0.6,0.6,0.7,1.072,0.95,0.958,yes,5.04,yes,fixed-text,The report on the table covers the past three months and will be read by the committee later next week.,research\sessions\2026-07-26_1733_sapi_e6_realtest\audio\sapi5xml\rate_volume_pitch\S04_Q2.wav,3803d8bc0453ee13adf224302164e47d1f22e3aff0506d2e5313f0e5cfee169f,0061ab2,v0.2-voice-params,-0.151,0.068,0.031,Q4
controlled,2026-07-26_1733_sapi_e6_realtest,f455cc5139,B4e17c7,2026-07-26T16:33:38.995267+00:00,sapi5xml,rate_volume_pitch,S02,Q1,0.6,0.6,0.7,1.168,0.89,1.2,yes,4.718,yes,fixed-text,"She placed the grey folder on the shelf, checked the list of names again, and returned to the meeting room.",research\sessions\2026-07-26_1733_sapi_e6_realtest\audio\sapi5xml\rate_volume_pitch\S02_Q1.wav,2169a645013d0116d054700c78a0fb2366465aaf68630b5ade90d960181bd217,0061ab2,v0.2-voice-params,0.073,0.012,0.221,Q1
controlled,2026-07-26_1733_sapi_e6_realtest,f6e214786a,B66c22d,2026-07-26T16:33:40.026267+00:00,sapi5xml,rate_volume_pitch,S05,Q2,-0.6,0.6,0.7,1.072,0.95,0.958,yes,5.863,yes,fixed-text,"He parked near the corner shop, bought a loaf of bread and a carton of milk, and walked home slowly.",research\sessions\2026-07-26_1733_sapi_e6_realtest\audio\sapi5xml\rate_volume_pitch\S05_Q2.wav,e36589a1e7c710f829fbbe88b470dd2d8b46cc8bdf0ba88500df84ba5f7df46f,0061ab2,v0.2-voice-params,-0.017,0.049,0.187,Q4
controlled,2026-07-26_1733_sapi_e6_realtest,f9f737544e,B09a684,2026-07-26T16:33:39.247268+00:00,sapi5xml,rate_volume_pitch,S03,Q1,0.6,0.6,0.7,1.168,0.89,1.2,yes,4.549,yes,fixed-text,"After the rain had stopped, the workers opened the gates and stacked the empty boxes along the far wall.",research\sessions\2026-07-26_1733_sapi_e6_realtest\audio\sapi5xml\rate_volume_pitch\S03_Q1.wav,48aa7d1543427915f5b5aa3a54f3c9f818121709c4b9c1e9ff24f283437eaac0,0061ab2,v0.2-voice-params,0.079,-0.277,0.181,Q2
controlled,2026-07-26_1733_sapi_e6_realtest,fb278f842f,B7cc309,2026-07-26T16:33:38.649133+00:00,sapi5xml,rate_volume_pitch,S01,Q1,0.6,0.6,0.7,1.168,0.89,1.2,yes,4.998,yes,fixed-text,"The train from the coast reaches the station after noon, and the passengers collect their bags before the doors open.",research\sessions\2026-07-26_1733_sapi_e6_realtest\audio\sapi5xml\rate_volume_pitch\S01_Q1.wav,1addda84f4f649b6ed3e160a64d0fd2c9e1b12bc3f06979b0547495de179919f,0061ab2,v0.2-voice-params,0.071,-0.001,0.194,Q2
controlled,2026-07-26_2340_espeak_check,1d0375e86e,B326cc7,2026-07-26T22:40:43.362809+00:00,espeak,rate_volume_pitch,S03,Q1,0.6,0.6,0.7,1.168,0.89,1.2,yes,5.05,yes,fixed-text,"After the rain had stopped, the workers opened the gates and stacked the empty boxes along the far wall.",research\sessions\2026-07-26_2340_espeak_check\audio\espeak\rate_volume_pitch\S03_Q1.wav,8d6dc74d22de44e880f6714628df201e7f940ba05ac7bdb45b4f666d78d5a663,f86923c,v0.3-evaluation,0.069,-0.161,0.101,Q2
controlled,2026-07-26_2340_espeak_check,29818eee10,Be689ef,2026-07-26T22:40:44.882341+00:00,espeak,rate_volume_pitch,S05,Q3,-0.6,-0.6,0.7,0.832,0.71,0.8,yes,6.831,yes,fixed-text,"He parked near the corner shop, bought a loaf of bread and a carton of milk, and walked home slowly.",research\sessions\2026-07-26_2340_espeak_check\audio\espeak\rate_volume_pitch\S05_Q3.wav,43902c81dc182381d534f162a0e548d93ac3a39fa8bb6ad95d449aaeafeeeba6,f86923c,v0.3-evaluation,-0.043,0.105,0.091,Q4
controlled,2026-07-26_2340_espeak_check,2e0ad3ea45,Be69302,2026-07-26T22:40:42.325149+00:00,espeak,rate_volume_pitch,S01,Q2,-0.6,0.6,0.7,1.072,0.95,0.958,yes,5.877,yes,fixed-text,"The train from the coast reaches the station after noon, and the passengers collect their bags before the doors open.",research\sessions\2026-07-26_2340_espeak_check\audio\espeak\rate_volume_pitch\S01_Q2.wav,69736af3f6b635de1118161e2bb90d967f1fbae0293ee8d44341111c5e411f5b,f86923c,v0.3-evaluation,0.032,0.153,0.122,Q1
controlled,2026-07-26_2340_espeak_check,30f0e41747,Be1c402,2026-07-26T22:40:42.583090+00:00,espeak,rate_volume_pitch,S01,Q4,0.6,-0.6,0.7,0.928,0.65,1.042,yes,6.814,yes,fixed-text,"The train from the coast reaches the station after noon, and the passengers collect their bags before the doors open.",research\sessions\2026-07-26_2340_espeak_check\audio\espeak\rate_volume_pitch\S01_Q4.wav,ada9826add2763f56eca3e5de8fa07cf711e7713d3612ef97335758cc1b7fe20,f86923c,v0.3-evaluation,-0.007,0.151,0.102,Q4
controlled,2026-07-26_2340_espeak_check,3ed0903b15,Be51c14,2026-07-26T22:40:45.021348+00:00,espeak,rate_volume_pitch,S05,Q4,0.6,-0.6,0.7,0.928,0.65,1.042,yes,6.065,yes,fixed-text,"He parked near the corner shop, bought a loaf of bread and a carton of milk, and walked home slowly.",research\sessions\2026-07-26_2340_espeak_check\audio\espeak\rate_volume_pitch\S05_Q4.wav,0b004f9b26de9c2aa03f99c98ce4042026366c7ad071f11ac27f1694e5984c65,f86923c,v0.3-evaluation,0.152,0.206,0.245,Q1
controlled,2026-07-26_2340_espeak_check,4521ddccf8,B5e23ca,2026-07-26T22:40:42.938220+00:00,espeak,rate_volume_pitch,S02,Q2,-0.6,0.6,0.7,1.072,0.95,0.958,yes,5.333,yes,fixed-text,"She placed the grey folder on the shelf, checked the list of names again, and returned to the meeting room.",research\sessions\2026-07-26_2340_espeak_check\audio\espeak\rate_volume_pitch\S02_Q2.wav,9c4a30db0455b225b7a5dbd0d9d58ac7ab5f365c2e363a9cb976533e72978282,f86923c,v0.3-evaluation,0.061,0.14,0.153,Q1
controlled,2026-07-26_2340_espeak_check,4e979bfaf6,B2a91a4,2026-07-26T22:40:44.205653+00:00,espeak,rate_volume_pitch,S04,Q2,-0.6,0.6,0.7,1.072,0.95,0.958,yes,4.969,yes,fixed-text,The report on the table covers the past three months and will be read by the committee later next week.,research\sessions\2026-07-26_2340_espeak_check\audio\espeak\rate_volume_pitch\S04_Q2.wav,af82a08bf55eb6a07c693271bef329bf0e5b75f25f8138890906852987b960d9,f86923c,v0.3-evaluation,-0.071,0.15,0.004,Q4
controlled,2026-07-26_2340_espeak_check,519b1de40c,B1c7e56,2026-07-26T22:40:43.235815+00:00,espeak,rate_volume_pitch,S02,Q4,0.6,-0.6,0.7,0.928,0.65,1.042,yes,6.24,yes,fixed-text,"She placed the grey folder on the shelf, checked the list of names again, and returned to the meeting room.",research\sessions\2026-07-26_2340_espeak_check\audio\espeak\rate_volume_pitch\S02_Q4.wav,88eae5daccaaf82574fd7e09e0bb2bd53c81cb43310583ac6e3615ff6ee049d5,f86923c,v0.3-evaluation,-0.013,0.143,0.096,Q4
controlled,2026-07-26_2340_espeak_check,59e9038b50,Bdf3aa9,2026-07-26T22:40:44.068652+00:00,espeak,rate_volume_pitch,S04,Q1,0.6,0.6,0.7,1.168,0.89,1.2,yes,4.583,yes,fixed-text,The report on the table covers the past three months and will be read by the committee later next week.,research\sessions\2026-07-26_2340_espeak_check\audio\espeak\rate_volume_pitch\S04_Q1.wav,b2fa772d80c4250feef1e71aa04f05d909c2ac8e4eb9807a761e43ac294ab319,f86923c,v0.3-evaluation,0.066,0.17,0.089,Q1
controlled,2026-07-26_2340_espeak_check,73aa59558e,Bc18116,2026-07-26T22:40:42.709219+00:00,espeak,rate_volume_pitch,S02,Q1,0.6,0.6,0.7,1.168,0.89,1.2,yes,4.907,yes,fixed-text,"She placed the grey folder on the shelf, checked the list of names again, and returned to the meeting room.",research\sessions\2026-07-26_2340_espeak_check\audio\espeak\rate_volume_pitch\S02_Q1.wav,0c28b0579f879dced04458435c938e2e3fe317484866cc004d5777b7983a8a1b,f86923c,v0.3-evaluation,0.18,0.199,0.22,Q1
controlled,2026-07-26_2340_espeak_check,861cb45ed2,Bdcf564,2026-07-26T22:40:42.436149+00:00,espeak,rate_volume_pitch,S01,Q3,-0.6,-0.6,0.7,0.832,0.71,0.8,yes,7.562,yes,fixed-text,"The train from the coast reaches the station after noon, and the passengers collect their bags before the doors open.",research\sessions\2026-07-26_2340_espeak_check\audio\espeak\rate_volume_pitch\S01_Q3.wav,38f3b70bc47a9552619749819aa50fdc77a3f7bb632d2c980dece3aa6c6033d6,f86923c,v0.3-evaluation,-0.141,0.074,0.015,Q4
controlled,2026-07-26_2340_espeak_check,86d18bd77b,B5668bb,2026-07-26T22:40:44.751346+00:00,espeak,rate_volume_pitch,S05,Q2,-0.6,0.6,0.7,1.072,0.95,0.958,yes,5.138,yes,fixed-text,"He parked near the corner shop, bought a loaf of bread and a carton of milk, and walked home slowly.",research\sessions\2026-07-26_2340_espeak_check\audio\espeak\rate_volume_pitch\S05_Q2.wav,8ee12b158553f354e892395f1bf6a173f0474599975a93262dfa8c4a31b9eaa0,f86923c,v0.3-evaluation,0.191,0.236,0.26,Q1
controlled,2026-07-26_2340_espeak_check,93d00b9e9a,B7ac380,2026-07-26T22:40:44.622340+00:00,espeak,rate_volume_pitch,S05,Q1,0.6,0.6,0.7,1.168,0.89,1.2,yes,4.716,yes,fixed-text,"He parked near the corner shop, bought a loaf of bread and a carton of milk, and walked home slowly.",research\sessions\2026-07-26_2340_espeak_check\audio\espeak\rate_volume_pitch\S05_Q1.wav,2857fb63d2db584e4bad548ce6135efdc630323cc6c7d8319bfaf4ef1e43d95a,f86923c,v0.3-evaluation,0.319,0.251,0.34,Q1
controlled,2026-07-26_2340_espeak_check,af5684b13d,B24b265,2026-07-26T22:40:43.536810+00:00,espeak,rate_volume_pitch,S03,Q2,-0.6,0.6,0.7,1.072,0.95,0.958,yes,5.526,yes,fixed-text,"After the rain had stopped, the workers opened the gates and stacked the empty boxes along the far wall.",research\sessions\2026-07-26_2340_espeak_check\audio\espeak\rate_volume_pitch\S03_Q2.wav,d7c282846553a102be3d3b0645b09304f365ae86962f410dd833eba2eedaf638,f86923c,v0.3-evaluation,-0.023,-0.113,0.069,Q3
controlled,2026-07-26_2340_espeak_check,b0d31cc2ed,B0d055a,2026-07-26T22:40:43.927690+00:00,espeak,rate_volume_pitch,S03,Q4,0.6,-0.6,0.7,0.928,0.65,1.042,yes,6.432,yes,fixed-text,"After the rain had stopped, the workers opened the gates and stacked the empty boxes along the far wall.",research\sessions\2026-07-26_2340_espeak_check\audio\espeak\rate_volume_pitch\S03_Q4.wav,8572eb63d148efe786d78a4a5242f1b13dbb5cb795d4393494a653c05311e020,f86923c,v0.3-evaluation,-0.117,-0.082,-0.006,Q3
controlled,2026-07-26_2340_espeak_check,bfb9050f1a,B06b6a2,2026-07-26T22:40:43.742815+00:00,espeak,rate_volume_pitch,S03,Q3,-0.6,-0.6,0.7,0.832,0.71,0.8,yes,7.183,yes,fixed-text,"After the rain had stopped, the workers opened the gates and stacked the empty boxes along the far wall.",research\sessions\2026-07-26_2340_espeak_check\audio\espeak\rate_volume_pitch\S03_Q3.wav,3e00edfbeeabda3f382e25cbca8000413f47af2f812fe9ccb7eff7beb524006d,f86923c,v0.3-evaluation,-0.295,-0.145,-0.117,Q3
controlled,2026-07-26_2340_espeak_check,c2ae8dad23,B06b3e8,2026-07-26T22:40:42.219162+00:00,espeak,rate_volume_pitch,S01,Q1,0.6,0.6,0.7,1.168,0.89,1.2,yes,5.403,yes,fixed-text,"The train from the coast reaches the station after noon, and the passengers collect their bags before the doors open.",research\sessions\2026-07-26_2340_espeak_check\audio\espeak\rate_volume_pitch\S01_Q1.wav,809fddf0f920dbf36c8f7b0ecba0a88620beb74eb0ac3a48d66d70717d430472,f86923c,v0.3-evaluation,0.182,0.131,0.215,Q1
controlled,2026-07-26_2340_espeak_check,d99e569f88,B87dd17,2026-07-26T22:40:43.088212+00:00,espeak,rate_volume_pitch,S02,Q3,-0.6,-0.6,0.7,0.832,0.71,0.8,yes,6.895,yes,fixed-text,"She placed the grey folder on the shelf, checked the list of names again, and returned to the meeting room.",research\sessions\2026-07-26_2340_espeak_check\audio\espeak\rate_volume_pitch\S02_Q3.wav,5bcb47eb87d3d2e6e965b73342b276a860a934ec2e0b422fbc99f95e6b9d7cf7,f86923c,v0.3-evaluation,-0.194,0.091,-0.024,Q4
controlled,2026-07-26_2340_espeak_check,f73c2a91e5,B331bcc,2026-07-26T22:40:44.364656+00:00,espeak,rate_volume_pitch,S04,Q3,-0.6,-0.6,0.7,0.832,0.71,0.8,yes,6.408,yes,fixed-text,The report on the table covers the past three months and will be read by the committee later next week.,research\sessions\2026-07-26_2340_espeak_check\audio\espeak\rate_volume_pitch\S04_Q3.wav,deea7f9d2c830e7b280d01a6dcc3e7461ad77189e98c0c11bbca645549fc35e9,f86923c,v0.3-evaluation,-0.291,0.034,-0.121,Q4
controlled,2026-07-26_2340_espeak_check,fd7bec6e19,B516434,2026-07-26T22:40:44.489654+00:00,espeak,rate_volume_pitch,S04,Q4,0.6,-0.6,0.7,0.928,0.65,1.042,yes,5.759,yes,fixed-text,The report on the table covers the past three months and will be read by the committee later next week.,research\sessions\2026-07-26_2340_espeak_check\audio\espeak\rate_volume_pitch\S04_Q4.wav,8994742eab1e276efabab9c90c6b4eefd8e66559a91674a1e87375c3bf3ed03c,f86923c,v0.3-evaluation,-0.155,0.076,-0.046,Q4
controlled,2026-07-27_0015_kokoro_check,0d9952bec2,B50f9cf,2026-07-26T23:20:13.187376+00:00,kokoro,rate_volume_pitch,S01,Q4,0.6,-0.6,0.7,0.928,0.65,1.042,no,6.827,yes,fixed-text,"The train from the coast reaches the station after noon, and the passengers collect their bags before the doors open.",research\sessions\2026-07-27_0015_kokoro_check\audio\kokoro\rate_volume_pitch\S01_Q4.wav,9c6c489dd87090703f7e860c9c7b32acc4636c8458914a9997d78ac4aaed3e96,45194fe,v0.3-evaluation,-0.119,-0.102,0.089,Q3
controlled,2026-07-27_0015_kokoro_check,1f8b11fcca,B6183ce,2026-07-26T23:20:02.603054+00:00,kokoro,rate_volume_pitch,S01,Q1,0.6,0.6,0.7,1.168,0.89,1.2,no,5.931,yes,fixed-text,"The train from the coast reaches the station after noon, and the passengers collect their bags before the doors open.",research\sessions\2026-07-27_0015_kokoro_check\audio\kokoro\rate_volume_pitch\S01_Q1.wav,e89503cab7ba32d5722889bf90e8e27bcfebaeeed05d98f30ba37bf551caf588,45194fe,v0.3-evaluation,-0.057,-0.099,0.123,Q3
controlled,2026-07-27_0015_kokoro_check,58e9a0b54c,Bfa3f07,2026-07-26T23:20:15.781538+00:00,kokoro,rate_volume_pitch,S02,Q1,0.6,0.6,0.7,1.168,0.89,1.2,no,5.184,yes,fixed-text,"She placed the grey folder on the shelf, checked the list of names again, and returned to the meeting room.",research\sessions\2026-07-27_0015_kokoro_check\audio\kokoro\rate_volume_pitch\S02_Q1.wav,84831a01ec76bba4ffdffa8493b5b61b562ae3e12ac70335e57e799fda84ac98,45194fe,v0.3-evaluation,-0.003,-0.066,0.162,Q3
controlled,2026-07-27_0015_kokoro_check,6461ef42f3,B0541d9,2026-07-26T23:20:21.318782+00:00,kokoro,rate_volume_pitch,S02,Q3,-0.6,-0.6,0.7,0.832,0.71,0.8,no,6.421,yes,fixed-text,"She placed the grey folder on the shelf, checked the list of names again, and returned to the meeting room.",research\sessions\2026-07-27_0015_kokoro_check\audio\kokoro\rate_volume_pitch\S02_Q3.wav,9d0296dcf21457b8a8975ee49ba53180b8b5fed077fa4e3144c4318f6296436d,45194fe,v0.3-evaluation,-0.063,-0.093,0.128,Q3
controlled,2026-07-27_0015_kokoro_check,7319275e72,B9690ca,2026-07-26T23:20:47.324460+00:00,kokoro,rate_volume_pitch,S04,Q2,-0.6,0.6,0.7,1.072,0.95,0.958,no,5.291,yes,fixed-text,The report on the table covers the past three months and will be read by the committee later next week.,research\sessions\2026-07-27_0015_kokoro_check\audio\kokoro\rate_volume_pitch\S04_Q2.wav,2edbb15833e57816b78c9effe71a44dd7d0adcecfd37dfacd4670c8ba25f924b,45194fe,v0.3-evaluation,-0.107,0.043,0.068,Q4
controlled,2026-07-27_0015_kokoro_check,84a656765c,B785b9a,2026-07-26T23:21:05.431607+00:00,kokoro,rate_volume_pitch,S05,Q4,0.6,-0.6,0.7,0.928,0.65,1.042,no,5.632,yes,fixed-text,"He parked near the corner shop, bought a loaf of bread and a carton of milk, and walked home slowly.",research\sessions\2026-07-27_0015_kokoro_check\audio\kokoro\rate_volume_pitch\S05_Q4.wav,3dc6b80c74cd0be5faa9e815a65ed9e64078a10ed52dda98ee209b1905ae9bb0,45194fe,v0.3-evaluation,-0.035,-0.001,0.157,Q3
controlled,2026-07-27_0015_kokoro_check,8b040c3d8f,B1936bd,2026-07-26T23:20:09.807193+00:00,kokoro,rate_volume_pitch,S01,Q3,-0.6,-0.6,0.7,0.832,0.71,0.8,no,7.424,yes,fixed-text,"The train from the coast reaches the station after noon, and the passengers collect their bags before the doors open.",research\sessions\2026-07-27_0015_kokoro_check\audio\kokoro\rate_volume_pitch\S01_Q3.wav,9ce40259bf3c35fbd4b4e81c4557acea4d6b6ebe6026261178188b2c1b1adc05,45194fe,v0.3-evaluation,-0.141,-0.114,0.069,Q3
controlled,2026-07-27_0015_kokoro_check,a008553bb9,Bdce27d,2026-07-26T23:20:56.312889+00:00,kokoro,rate_volume_pitch,S05,Q1,0.6,0.6,0.7,1.168,0.89,1.2,no,4.992,yes,fixed-text,"He parked near the corner shop, bought a loaf of bread and a carton of milk, and walked home slowly.",research\sessions\2026-07-27_0015_kokoro_check\audio\kokoro\rate_volume_pitch\S05_Q1.wav,84b4fcc33f6c00651336d46c69168531c4366b3fdd8d28a31f573bd99352e7e3,45194fe,v0.3-evaluation,0.024,0.035,0.198,Q1
controlled,2026-07-27_0015_kokoro_check,a4f08e8390,Bccd555,2026-07-26T23:20:37.986227+00:00,kokoro,rate_volume_pitch,S03,Q3,-0.6,-0.6,0.7,0.832,0.71,0.8,no,6.613,yes,fixed-text,"After the rain had stopped, the workers opened the gates and stacked the empty boxes along the far wall.",research\sessions\2026-07-27_0015_kokoro_check\audio\kokoro\rate_volume_pitch\S03_Q3.wav,9825d362b7e441a8b19dfdd63c188eaa7941717376813b960c6d69083460b09d,45194fe,v0.3-evaluation,-0.159,-0.336,0.033,Q3
controlled,2026-07-27_0015_kokoro_check,ab99afb772,B07ff8f,2026-07-26T23:20:41.623120+00:00,kokoro,rate_volume_pitch,S03,Q4,0.6,-0.6,0.7,0.928,0.65,1.042,no,5.867,yes,fixed-text,"After the rain had stopped, the workers opened the gates and stacked the empty boxes along the far wall.",research\sessions\2026-07-27_0015_kokoro_check\audio\kokoro\rate_volume_pitch\S03_Q4.wav,acd0bf4bb46ed2abb1a91ad75b9968468b9ab29a9bc1126800baaf9ad12d3c29,45194fe,v0.3-evaluation,-0.122,-0.338,0.062,Q3
controlled,2026-07-27_0015_kokoro_check,c2fff5e001,B895a3e,2026-07-26T23:20:28.459631+00:00,kokoro,rate_volume_pitch,S03,Q1,0.6,0.6,0.7,1.168,0.89,1.2,no,5.269,yes,fixed-text,"After the rain had stopped, the workers opened the gates and stacked the empty boxes along the far wall.",research\sessions\2026-07-27_0015_kokoro_check\audio\kokoro\rate_volume_pitch\S03_Q1.wav,6848b4f68e047e3611d07a26e9930c9c739f419ca024a175a14d813917ce236c,45194fe,v0.3-evaluation,-0.098,-0.328,0.072,Q3
controlled,2026-07-27_0015_kokoro_check,c9f1c33539,B95e233,2026-07-26T23:20:25.132458+00:00,kokoro,rate_volume_pitch,S02,Q4,0.6,-0.6,0.7,0.928,0.65,1.042,no,5.76,yes,fixed-text,"She placed the grey folder on the shelf, checked the list of names again, and returned to the meeting room.",research\sessions\2026-07-27_0015_kokoro_check\audio\kokoro\rate_volume_pitch\S02_Q4.wav,70135e3141a50111894f6594a36c6942592eccabd38e438f8a4c805d1650666a,45194fe,v0.3-evaluation,-0.036,-0.081,0.145,Q3
controlled,2026-07-27_0015_kokoro_check,d36d3b5e52,Ba608cc,2026-07-26T23:20:06.004758+00:00,kokoro,rate_volume_pitch,S01,Q2,-0.6,0.6,0.7,1.072,0.95,0.958,no,6.336,yes,fixed-text,"The train from the coast reaches the station after noon, and the passengers collect their bags before the doors open.",research\sessions\2026-07-27_0015_kokoro_check\audio\kokoro\rate_volume_pitch\S01_Q2.wav,605010793ab7503635c29fc6654122d1090099334f2f22167597e720ff79a422,45194fe,v0.3-evaluation,-0.101,-0.113,0.095,Q3
controlled,2026-07-27_0015_kokoro_check,d7cdd1facc,Bc127bf,2026-07-26T23:20:33.687907+00:00,kokoro,rate_volume_pitch,S03,Q2,-0.6,0.6,0.7,1.072,0.95,0.958,no,5.525,yes,fixed-text,"After the rain had stopped, the workers opened the gates and stacked the empty boxes along the far wall.",research\sessions\2026-07-27_0015_kokoro_check\audio\kokoro\rate_volume_pitch\S03_Q2.wav,a4acc15c25b2ff2dab940e7ef75fe690d429086ebfd1b2e884cdc85ec2aa1c49,45194fe,v0.3-evaluation,-0.101,-0.342,0.072,Q3
controlled,2026-07-27_0015_kokoro_check,dc5a7d42c8,Bf0281f,2026-07-26T23:20:59.144345+00:00,kokoro,rate_volume_pitch,S05,Q2,-0.6,0.6,0.7,1.072,0.95,0.958,no,5.227,yes,fixed-text,"He parked near the corner shop, bought a loaf of bread and a carton of milk, and walked home slowly.",research\sessions\2026-07-27_0015_kokoro_check\audio\kokoro\rate_volume_pitch\S05_Q2.wav,f2ad0af5d9e1812541d64b756ce73c2910e446df3506b1db58e1cf510a294b48,45194fe,v0.3-evaluation,0.006,0.017,0.186,Q1
controlled,2026-07-27_0015_kokoro_check,dcb896423e,B7f6d8e,2026-07-26T23:21:02.114808+00:00,kokoro,rate_volume_pitch,S05,Q3,-0.6,-0.6,0.7,0.832,0.71,0.8,no,6.187,yes,fixed-text,"He parked near the corner shop, bought a loaf of bread and a carton of milk, and walked home slowly.",research\sessions\2026-07-27_0015_kokoro_check\audio\kokoro\rate_volume_pitch\S05_Q3.wav,92888df75d23622dd6baed0a0f81213e58089f68b5f0c0cfdab4b269b6267064,45194fe,v0.3-evaluation,-0.066,-0.003,0.141,Q3
controlled,2026-07-27_0015_kokoro_check,e3329f4bec,B8c2f7e,2026-07-26T23:20:53.537586+00:00,kokoro,rate_volume_pitch,S04,Q4,0.6,-0.6,0.7,0.928,0.65,1.042,no,5.781,yes,fixed-text,The report on the table covers the past three months and will be read by the committee later next week.,research\sessions\2026-07-27_0015_kokoro_check\audio\kokoro\rate_volume_pitch\S04_Q4.wav,9d8a7887e2f20f61b5de7c46365b1612e7458a54a210bc90d53e52cf9a793c44,45194fe,v0.3-evaluation,-0.153,0.011,0.036,Q4
controlled,2026-07-27_0015_kokoro_check,e72aec85be,B7a9bc7,2026-07-26T23:20:44.785618+00:00,kokoro,rate_volume_pitch,S04,Q1,0.6,0.6,0.7,1.168,0.89,1.2,no,5.077,yes,fixed-text,The report on the table covers the past three months and will be read by the committee later next week.,research\sessions\2026-07-27_0015_kokoro_check\audio\kokoro\rate_volume_pitch\S04_Q1.wav,1d9bf1a3f9648a238c3a9d0003e341d2cfdb0d11c95a527d397f0b22d171db89,45194fe,v0.3-evaluation,-0.086,0.047,0.075,Q4
controlled,2026-07-27_0015_kokoro_check,ece6b1fd61,B420d2a,2026-07-26T23:20:50.444047+00:00,kokoro,rate_volume_pitch,S04,Q3,-0.6,-0.6,0.7,0.832,0.71,0.8,no,6.421,yes,fixed-text,The report on the table covers the past three months and will be read by the committee later next week.,research\sessions\2026-07-27_0015_kokoro_check\audio\kokoro\rate_volume_pitch\S04_Q3.wav,ef5a30db6335100b9c6f544d1773a0efda9d58b6975c898a78ea5fc37959b386,45194fe,v0.3-evaluation,-0.169,-0.015,0.032,Q3
controlled,2026-07-27_0015_kokoro_check,f415787760,B4c7dd1,2026-07-26T23:20:18.209082+00:00,kokoro,rate_volume_pitch,S02,Q2,-0.6,0.6,0.7,1.072,0.95,0.958,no,5.397,yes,fixed-text,"She placed the grey folder on the shelf, checked the list of names again, and returned to the meeting room.",research\sessions\2026-07-27_0015_kokoro_check\audio\kokoro\rate_volume_pitch\S02_Q2.wav,51ed89330912264dc439107b6e2aa9a2c26f0e66509b859fe37f951ef109c76e,45194fe,v0.3-evaluation,-0.022,-0.054,0.155,Q3
controlled,2026-07-30_0217_chatterbox_x2,0f1ce549cb,B2a6c0d,2026-07-30T01:27:04.081813+00:00,chatterbox,rate_volume_pitch,S03,Q1,0.6,0.6,0.7,1.168,0.89,1.2,no,4.08,yes,fixed-text,"After the rain had stopped, the workers opened the gates and stacked the empty boxes along the far wall.",research\sessions\2026-07-30_0217_chatterbox_x2\audio\chatterbox\rate_volume_pitch\S03_Q1.wav,7095706599fc0a6a3b50d63fbae3ab2073b2adc38ed07507afed0703d4ce54c5,5e7d99b,v0.4-naturalness2,0.251,-0.192,0.326,Q2
controlled,2026-07-30_0217_chatterbox_x2,0fa812db5c,Ba383cd,2026-07-30T01:33:05.311777+00:00,chatterbox,rate_volume_pitch,S04,Q4,0.6,-0.6,0.7,0.928,0.65,1.042,no,4.36,yes,fixed-text,The report on the table covers the past three months and will be read by the committee later next week.,research\sessions\2026-07-30_0217_chatterbox_x2\audio\chatterbox\rate_volume_pitch\S04_Q4.wav,539657521c79fc1a8116fbcd77977e58fd2ff3c797de9ce98a9494432c28a29e,5e7d99b,v0.4-naturalness2,-0.046,0.091,0.103,Q4
controlled,2026-07-30_0217_chatterbox_x2,21698370c1,B6d9a71,2026-07-30T01:22:34.552963+00:00,chatterbox,rate_volume_pitch,S01,Q4,0.6,-0.6,0.7,0.928,0.65,1.042,no,5.44,yes,fixed-text,"The train from the coast reaches the station after noon, and the passengers collect their bags before the doors open.",research\sessions\2026-07-30_0217_chatterbox_x2\audio\chatterbox\rate_volume_pitch\S01_Q4.wav,6bc689e42766bcc0aff7874578b2146319210c9c09f60fffa5aa004a4f8908ba,5e7d99b,v0.4-naturalness2,0.03,-0.008,0.2,Q2
controlled,2026-07-30_0217_chatterbox_x2,2fe570a3ae,Bcf4f64,2026-07-30T01:30:27.452105+00:00,chatterbox,rate_volume_pitch,S04,Q1,0.6,0.6,0.7,1.168,0.89,1.2,no,3.76,yes,fixed-text,The report on the table covers the past three months and will be read by the committee later next week.,research\sessions\2026-07-30_0217_chatterbox_x2\audio\chatterbox\rate_volume_pitch\S04_Q1.wav,9082e087f40f882a2d08f4c815d456695bb2fcd4cf2d5741636f5f1570582888,5e7d99b,v0.4-naturalness2,0.153,0.182,0.244,Q1
controlled,2026-07-30_0217_chatterbox_x2,4d041e87ae,Bc65038,2026-07-30T01:23:58.940248+00:00,chatterbox,rate_volume_pitch,S02,Q2,-0.6,0.6,0.7,1.072,0.95,0.958,no,3.96,yes,fixed-text,"She placed the grey folder on the shelf, checked the list of names again, and returned to the meeting room.",research\sessions\2026-07-30_0217_chatterbox_x2\audio\chatterbox\rate_volume_pitch\S02_Q2.wav,750f6c12b37fe90ff01cee5a314700cfc1f79e5154b85f04de11afe624c492ab,5e7d99b,v0.4-naturalness2,0.3,0.114,0.377,Q1
controlled,2026-07-30_0217_chatterbox_x2,56c564e565,Bd72722,2026-07-30T01:23:18.505985+00:00,chatterbox,rate_volume_pitch,S02,Q1,0.6,0.6,0.7,1.168,0.89,1.2,no,4.08,yes,fixed-text,"She placed the grey folder on the shelf, checked the list of names again, and returned to the meeting room.",research\sessions\2026-07-30_0217_chatterbox_x2\audio\chatterbox\rate_volume_pitch\S02_Q1.wav,fe5b3b6673787a46a660a1753a2c4e22ea92f9c288541dd94a7a7a23b4fb20a0,5e7d99b,v0.4-naturalness2,0.217,0.113,0.307,Q1
controlled,2026-07-30_0217_chatterbox_x2,7734b62711,B11d995,2026-07-30T01:36:10.455858+00:00,chatterbox,rate_volume_pitch,S05,Q4,0.6,-0.6,0.7,0.928,0.65,1.042,no,4.36,yes,fixed-text,"He parked near the corner shop, bought a loaf of bread and a carton of milk, and walked home slowly.",research\sessions\2026-07-30_0217_chatterbox_x2\audio\chatterbox\rate_volume_pitch\S05_Q4.wav,426867d67d9f5942e111abae70d4f86d11569f6c815bfb36bb8c45290725ea2b,5e7d99b,v0.4-naturalness2,0.07,0.143,0.213,Q1
controlled,2026-07-30_0217_chatterbox_x2,82d2421790,B23dc09,2026-07-30T01:20:37.614230+00:00,chatterbox,rate_volume_pitch,S01,Q2,-0.6,0.6,0.7,1.072,0.95,0.958,no,4.52,yes,fixed-text,"The train from the coast reaches the station after noon, and the passengers collect their bags before the doors open.",research\sessions\2026-07-30_0217_chatterbox_x2\audio\chatterbox\rate_volume_pitch\S01_Q2.wav,4cfe3b59c42f8c6a82580de5aec12b706c365951e0a5c931bfddd4ba151a0a1c,5e7d99b,v0.4-naturalness2,0.253,0.083,0.344,Q1
controlled,2026-07-30_0217_chatterbox_x2,86137d9a2f,B8c34ee,2026-07-30T01:25:49.990556+00:00,chatterbox,rate_volume_pitch,S02,Q4,0.6,-0.6,0.7,0.928,0.65,1.042,no,4.16,yes,fixed-text,"She placed the grey folder on the shelf, checked the list of names again, and returned to the meeting room.",research\sessions\2026-07-30_0217_chatterbox_x2\audio\chatterbox\rate_volume_pitch\S02_Q4.wav,b9775013e204d836e8419d50104d1dde4a1ead87212b90ad54addd398f054388,5e7d99b,v0.4-naturalness2,0.027,0.042,0.189,Q1
controlled,2026-07-30_0217_chatterbox_x2,8be1567f72,B325681,2026-07-30T01:32:10.332623+00:00,chatterbox,rate_volume_pitch,S04,Q3,-0.6,-0.6,0.7,0.832,0.71,0.8,no,4.32,yes,fixed-text,The report on the table covers the past three months and will be read by the committee later next week.,research\sessions\2026-07-30_0217_chatterbox_x2\audio\chatterbox\rate_volume_pitch\S04_Q3.wav,8c3371e1192ac71900d506eff8dd84923312600c33e2570e995d1eada17b1d85,5e7d99b,v0.4-naturalness2,-0.036,0.099,0.109,Q4
controlled,2026-07-30_0217_chatterbox_x2,9041f50b80,B20189a,2026-07-30T01:19:32.817275+00:00,chatterbox,rate_volume_pitch,S01,Q1,0.6,0.6,0.7,1.168,0.89,1.2,no,4.4,yes,fixed-text,"The train from the coast reaches the station after noon, and the passengers collect their bags before the doors open.",research\sessions\2026-07-30_0217_chatterbox_x2\audio\chatterbox\rate_volume_pitch\S01_Q1.wav,1c3b8a57156a7c9bd1076a077ae997408a51cc52394a644aa4be246ec4ffe826,5e7d99b,v0.4-naturalness2,0.288,0.061,0.358,Q1
controlled,2026-07-30_0217_chatterbox_x2,9151383744,Bb6728c,2026-07-30T01:33:58.624675+00:00,chatterbox,rate_volume_pitch,S05,Q1,0.6,0.6,0.7,1.168,0.89,1.2,no,4.76,yes,fixed-text,"He parked near the corner shop, bought a loaf of bread and a carton of milk, and walked home slowly.",research\sessions\2026-07-30_0217_chatterbox_x2\audio\chatterbox\rate_volume_pitch\S05_Q1.wav,7842bd0ab4b9b91317f775df739fd04b02406e39fe4dfa56c11b7acb2bdb2b74,5e7d99b,v0.4-naturalness2,0.204,0.103,0.313,Q1
controlled,2026-07-30_0217_chatterbox_x2,962d670285,B880245,2026-07-30T01:21:35.882316+00:00,chatterbox,rate_volume_pitch,S01,Q3,-0.6,-0.6,0.7,0.832,0.71,0.8,no,5.2,yes,fixed-text,"The train from the coast reaches the station after noon, and the passengers collect their bags before the doors open.",research\sessions\2026-07-30_0217_chatterbox_x2\audio\chatterbox\rate_volume_pitch\S01_Q3.wav,5900cec8a57bf1f3c85239e1e15bdf3f878105873b66f360e1eaf2918597cffe,5e7d99b,v0.4-naturalness2,0.056,0.004,0.211,Q1
controlled,2026-07-30_0217_chatterbox_x2,a25353419b,Ba55525,2026-07-30T01:24:44.712714+00:00,chatterbox,rate_volume_pitch,S02,Q3,-0.6,-0.6,0.7,0.832,0.71,0.8,no,4.52,yes,fixed-text,"She placed the grey folder on the shelf, checked the list of names again, and returned to the meeting room.",research\sessions\2026-07-30_0217_chatterbox_x2\audio\chatterbox\rate_volume_pitch\S02_Q3.wav,c387cc100afcd69e5a88cc7094bb98592521bf9cc429dccb7e2d85508f3c82f5,5e7d99b,v0.4-naturalness2,0.016,0.087,0.185,Q1
controlled,2026-07-30_0217_chatterbox_x2,a7944cc9b8,B72f78c,2026-07-30T01:27:46.223105+00:00,chatterbox,rate_volume_pitch,S03,Q2,-0.6,0.6,0.7,1.072,0.95,0.958,no,3.96,yes,fixed-text,"After the rain had stopped, the workers opened the gates and stacked the empty boxes along the far wall.",research\sessions\2026-07-30_0217_chatterbox_x2\audio\chatterbox\rate_volume_pitch\S03_Q2.wav,57335db3729aa8940d0665ee69093221238974dc4e3b55a1a03e44b5f19c3ba2,5e7d99b,v0.4-naturalness2,0.233,-0.138,0.28,Q2
controlled,2026-07-30_0217_chatterbox_x2,bf290b5081,B9c37c0,2026-07-30T01:35:27.603432+00:00,chatterbox,rate_volume_pitch,S05,Q3,-0.6,-0.6,0.7,0.832,0.71,0.8,no,4.72,yes,fixed-text,"He parked near the corner shop, bought a loaf of bread and a carton of milk, and walked home slowly.",research\sessions\2026-07-30_0217_chatterbox_x2\audio\chatterbox\rate_volume_pitch\S05_Q3.wav,bd813e01be67ca55142ec792c1b3f3d7ad9e754ee6e0b844e91d5cf0c389263b,5e7d99b,v0.4-naturalness2,0.009,0.062,0.171,Q1
controlled,2026-07-30_0217_chatterbox_x2,d2c89429c1,B96fb04,2026-07-30T01:29:47.312455+00:00,chatterbox,rate_volume_pitch,S03,Q4,0.6,-0.6,0.7,0.928,0.65,1.042,no,4.48,yes,fixed-text,"After the rain had stopped, the workers opened the gates and stacked the empty boxes along the far wall.",research\sessions\2026-07-30_0217_chatterbox_x2\audio\chatterbox\rate_volume_pitch\S03_Q4.wav,01cea19b4776df64ad58f600912360c9ae43278e33cd4b2bdf742b1148e24293,5e7d99b,v0.4-naturalness2,0.008,-0.15,0.142,Q2
controlled,2026-07-30_0217_chatterbox_x2,e0c70e1c13,Be1168b,2026-07-30T01:28:39.727762+00:00,chatterbox,rate_volume_pitch,S03,Q3,-0.6,-0.6,0.7,0.832,0.71,0.8,no,4.52,yes,fixed-text,"After the rain had stopped, the workers opened the gates and stacked the empty boxes along the far wall.",research\sessions\2026-07-30_0217_chatterbox_x2\audio\chatterbox\rate_volume_pitch\S03_Q3.wav,16582406ba8dab7d27af3aa3a0b364b9f0456c9c6ac361dca9d07e7e18c7899d,5e7d99b,v0.4-naturalness2,-0.004,-0.245,0.119,Q3
controlled,2026-07-30_0217_chatterbox_x2,e32ceed720,B3111d9,2026-07-30T01:31:11.067957+00:00,chatterbox,rate_volume_pitch,S04,Q2,-0.6,0.6,0.7,1.072,0.95,0.958,no,3.4,yes,fixed-text,The report on the table covers the past three months and will be read by the committee later next week.,research\sessions\2026-07-30_0217_chatterbox_x2\audio\chatterbox\rate_volume_pitch\S04_Q2.wav,a075acfa62e1d4f3fd82ed2b0b5c4d1b778771d4cce7f4acc90eaabf7632d5fa,5e7d99b,v0.4-naturalness2,0.237,0.225,0.269,Q1
controlled,2026-07-30_0217_chatterbox_x2,f8e7843b79,Bd0199e,2026-07-30T01:34:42.455942+00:00,chatterbox,rate_volume_pitch,S05,Q2,-0.6,0.6,0.7,1.072,0.95,0.958,no,4.52,yes,fixed-text,"He parked near the corner shop, bought a loaf of bread and a carton of milk, and walked home slowly.",research\sessions\2026-07-30_0217_chatterbox_x2\audio\chatterbox\rate_volume_pitch\S05_Q2.wav,dfcc0b2e1efc97feeb815832233b1a655c81648229d32a417d20b74f23e058ad,5e7d99b,v0.4-naturalness2,0.216,0.218,0.313,Q1
controlled,2026-08-09_1911_chatterbox_x2_refs,0f1ce549cb,B2a6c0d,2026-08-09T18:26:20.630322+00:00,chatterbox,rate_volume_pitch,S03,Q1,0.6,0.6,0.7,1.168,0.89,1.2,no,4.8,yes,fixed-text,"After the rain had stopped, the workers opened the gates and stacked the empty boxes along the far wall.",research\sessions\2026-08-09_1911_chatterbox_x2_refs\audio\chatterbox\rate_volume_pitch\S03_Q1.wav,6039f2bffb176aab28943b261480b6462c91f14e75d20efcb3f4ccabf198563b,55383b5,v0.4-naturalness2,0.16,-0.26,0.222,Q2
controlled,2026-08-09_1911_chatterbox_x2_refs,0fa812db5c,Ba383cd,2026-08-09T18:33:14.969699+00:00,chatterbox,rate_volume_pitch,S04,Q4,0.6,-0.6,0.7,0.928,0.65,1.042,no,5.02,yes,fixed-text,The report on the table covers the past three months and will be read by the committee later next week.,research\sessions\2026-08-09_1911_chatterbox_x2_refs\audio\chatterbox\rate_volume_pitch\S04_Q4.wav,7ba129bf974198dddeca2ed610d7cc5b376d5575c52ab788274146c7f52a5526,55383b5,v0.4-naturalness2,-0.165,0.268,0.036,Q4
controlled,2026-08-09_1911_chatterbox_x2_refs,21698370c1,B6d9a71,2026-08-09T18:20:43.100317+00:00,chatterbox,rate_volume_pitch,S01,Q4,0.6,-0.6,0.7,0.928,0.65,1.042,no,5.58,yes,fixed-text,"The train from the coast reaches the station after noon, and the passengers collect their bags before the doors open.",research\sessions\2026-08-09_1911_chatterbox_x2_refs\audio\chatterbox\rate_volume_pitch\S01_Q4.wav,40acfefcdd71ca97304ca553cf2c00bdce0c26970a71e89d2416e59282869315,55383b5,v0.4-naturalness2,-0.078,0.146,0.105,Q4
controlled,2026-08-09_1911_chatterbox_x2_refs,2fe570a3ae,Bcf4f64,2026-08-09T18:30:20.475180+00:00,chatterbox,rate_volume_pitch,S04,Q1,0.6,0.6,0.7,1.168,0.89,1.2,no,4.32,yes,fixed-text,The report on the table covers the past three months and will be read by the committee later next week.,research\sessions\2026-08-09_1911_chatterbox_x2_refs\audio\chatterbox\rate_volume_pitch\S04_Q1.wav,43b78d661a947c6a4def9a3d059eee8375efa41482f3d07eb727ae11de68124a,55383b5,v0.4-naturalness2,0.191,0.188,0.258,Q1
controlled,2026-08-09_1911_chatterbox_x2_refs,4d041e87ae,Bc65038,2026-08-09T18:22:47.686730+00:00,chatterbox,rate_volume_pitch,S02,Q2,-0.6,0.6,0.7,1.072,0.95,0.958,no,4.32,yes,fixed-text,"She placed the grey folder on the shelf, checked the list of names again, and returned to the meeting room.",research\sessions\2026-08-09_1911_chatterbox_x2_refs\audio\chatterbox\rate_volume_pitch\S02_Q2.wav,fb9bd2aa34afaf7a17ce7ba9ffd310c83534462d5acb2620f9440fdfdaf8282e,55383b5,v0.4-naturalness2,0.488,0.184,0.518,Q1
controlled,2026-08-09_1911_chatterbox_x2_refs,56c564e565,Bd72722,2026-08-09T18:21:45.047754+00:00,chatterbox,rate_volume_pitch,S02,Q1,0.6,0.6,0.7,1.168,0.89,1.2,no,4.84,yes,fixed-text,"She placed the grey folder on the shelf, checked the list of names again, and returned to the meeting room.",research\sessions\2026-08-09_1911_chatterbox_x2_refs\audio\chatterbox\rate_volume_pitch\S02_Q1.wav,dfad42f69f2d26b817647bde69c6817ac343eb00a56455b258461e5ee501386a,55383b5,v0.4-naturalness2,0.231,0.136,0.319,Q1
controlled,2026-08-09_1911_chatterbox_x2_refs,7734b62711,B11d995,2026-08-09T18:37:23.278061+00:00,chatterbox,rate_volume_pitch,S05,Q4,0.6,-0.6,0.7,0.928,0.65,1.042,no,5.1,yes,fixed-text,"He parked near the corner shop, bought a loaf of bread and a carton of milk, and walked home slowly.",research\sessions\2026-08-09_1911_chatterbox_x2_refs\audio\chatterbox\rate_volume_pitch\S05_Q4.wav,d0ae68121df0948020b225804f5892eb54f7aedb6d8393c34f1e86ca4184cdc2,55383b5,v0.4-naturalness2,-0.081,0.159,0.123,Q4
controlled,2026-08-09_1911_chatterbox_x2_refs,82d2421790,B23dc09,2026-08-09T18:18:23.820168+00:00,chatterbox,rate_volume_pitch,S01,Q2,-0.6,0.6,0.7,1.072,0.95,0.958,no,5.12,yes,fixed-text,"The train from the coast reaches the station after noon, and the passengers collect their bags before the doors open.",research\sessions\2026-08-09_1911_chatterbox_x2_refs\audio\chatterbox\rate_volume_pitch\S01_Q2.wav,6a739c686196d7f0198013a01e2b54018d1909a94b0193035dbac1fe949a9e6e,55383b5,v0.4-naturalness2,0.33,-0.015,0.386,Q2
controlled,2026-08-09_1911_chatterbox_x2_refs,86137d9a2f,B8c34ee,2026-08-09T18:25:20.659484+00:00,chatterbox,rate_volume_pitch,S02,Q4,0.6,-0.6,0.7,0.928,0.65,1.042,no,5.14,yes,fixed-text,"She placed the grey folder on the shelf, checked the list of names again, and returned to the meeting room.",research\sessions\2026-08-09_1911_chatterbox_x2_refs\audio\chatterbox\rate_volume_pitch\S02_Q4.wav,0cda9eda413efd11d8dffa0b4ac7413a31a5f1d5a9a813604e1637323b435cc4,55383b5,v0.4-naturalness2,-0.133,0.121,0.064,Q4
controlled,2026-08-09_1911_chatterbox_x2_refs,8be1567f72,B325681,2026-08-09T18:32:13.848550+00:00,chatterbox,rate_volume_pitch,S04,Q3,-0.6,-0.6,0.7,0.832,0.71,0.8,no,4.98,yes,fixed-text,The report on the table covers the past three months and will be read by the committee later next week.,research\sessions\2026-08-09_1911_chatterbox_x2_refs\audio\chatterbox\rate_volume_pitch\S04_Q3.wav,d60370ba027d8dceb5de5bebd30f64463ef2a2059071357f8b1440b8bd82e015,55383b5,v0.4-naturalness2,-0.028,0.189,0.102,Q4
controlled,2026-08-09_1911_chatterbox_x2_refs,9041f50b80,B20189a,2026-08-09T18:17:14.112893+00:00,chatterbox,rate_volume_pitch,S01,Q1,0.6,0.6,0.7,1.168,0.89,1.2,no,5.44,yes,fixed-text,"The train from the coast reaches the station after noon, and the passengers collect their bags before the doors open.",research\sessions\2026-08-09_1911_chatterbox_x2_refs\audio\chatterbox\rate_volume_pitch\S01_Q1.wav,7cd9b8668b3f436d548a9f38aaeb244e70e100d4e5a6c88a1be9b6c5e0c98aff,55383b5,v0.4-naturalness2,0.146,0.032,0.255,Q1
controlled,2026-08-09_1911_chatterbox_x2_refs,9151383744,Bb6728c,2026-08-09T18:34:16.267826+00:00,chatterbox,rate_volume_pitch,S05,Q1,0.6,0.6,0.7,1.168,0.89,1.2,no,4.84,yes,fixed-text,"He parked near the corner shop, bought a loaf of bread and a carton of milk, and walked home slowly.",research\sessions\2026-08-09_1911_chatterbox_x2_refs\audio\chatterbox\rate_volume_pitch\S05_Q1.wav,4d17e9175c9f3f639842e7cce1a04d4d6968f9802e25e4dfaa6a93cc89404a18,55383b5,v0.4-naturalness2,0.248,0.122,0.333,Q1
controlled,2026-08-09_1911_chatterbox_x2_refs,962d670285,B880245,2026-08-09T18:19:38.873519+00:00,chatterbox,rate_volume_pitch,S01,Q3,-0.6,-0.6,0.7,0.832,0.71,0.8,no,6.02,yes,fixed-text,"The train from the coast reaches the station after noon, and the passengers collect their bags before the doors open.",research\sessions\2026-08-09_1911_chatterbox_x2_refs\audio\chatterbox\rate_volume_pitch\S01_Q3.wav,bd63c6c5b948295763c3ddec0c2091a7f6002fda65359b8d81c3f1077add9429,55383b5,v0.4-naturalness2,-0.114,-0.068,0.074,Q3
controlled,2026-08-09_1911_chatterbox_x2_refs,a25353419b,Ba55525,2026-08-09T18:24:12.658051+00:00,chatterbox,rate_volume_pitch,S02,Q3,-0.6,-0.6,0.7,0.832,0.71,0.8,no,5.54,yes,fixed-text,"She placed the grey folder on the shelf, checked the list of names again, and returned to the meeting room.",research\sessions\2026-08-09_1911_chatterbox_x2_refs\audio\chatterbox\rate_volume_pitch\S02_Q3.wav,8aefe91045d30769306e9e1e8ee0f8b5109f3d4639e71735007ad8916fe48ba3,55383b5,v0.4-naturalness2,-0.053,0.086,0.119,Q4
controlled,2026-08-09_1911_chatterbox_x2_refs,a7944cc9b8,B72f78c,2026-08-09T18:27:14.365250+00:00,chatterbox,rate_volume_pitch,S03,Q2,-0.6,0.6,0.7,1.072,0.95,0.958,no,4.68,yes,fixed-text,"After the rain had stopped, the workers opened the gates and stacked the empty boxes along the far wall.",research\sessions\2026-08-09_1911_chatterbox_x2_refs\audio\chatterbox\rate_volume_pitch\S03_Q2.wav,d1f2771b132c9985bfabb783c63d0a8f446829bc4c58be4fedb844453fa8bcf4,55383b5,v0.4-naturalness2,0.343,-0.158,0.388,Q2
controlled,2026-08-09_1911_chatterbox_x2_refs,bf290b5081,B9c37c0,2026-08-09T18:36:14.163034+00:00,chatterbox,rate_volume_pitch,S05,Q3,-0.6,-0.6,0.7,0.832,0.71,0.8,no,5.42,yes,fixed-text,"He parked near the corner shop, bought a loaf of bread and a carton of milk, and walked home slowly.",research\sessions\2026-08-09_1911_chatterbox_x2_refs\audio\chatterbox\rate_volume_pitch\S05_Q3.wav,49a82b1799a977e6ffae7f0a8d96052b5f1b61978290c480797697919b424694,55383b5,v0.4-naturalness2,-0.05,0.043,0.124,Q4
controlled,2026-08-09_1911_chatterbox_x2_refs,d2c89429c1,B96fb04,2026-08-09T18:29:27.236576+00:00,chatterbox,rate_volume_pitch,S03,Q4,0.6,-0.6,0.7,0.928,0.65,1.042,no,5.22,yes,fixed-text,"After the rain had stopped, the workers opened the gates and stacked the empty boxes along the far wall.",research\sessions\2026-08-09_1911_chatterbox_x2_refs\audio\chatterbox\rate_volume_pitch\S03_Q4.wav,9b24bbfc65d4527f887a942c2a5b8bf0bfc405091bceba1169556e61e70822bf,55383b5,v0.4-naturalness2,-0.098,-0.101,0.071,Q3
controlled,2026-08-09_1911_chatterbox_x2_refs,e0c70e1c13,Be1168b,2026-08-09T18:28:19.447553+00:00,chatterbox,rate_volume_pitch,S03,Q3,-0.6,-0.6,0.7,0.832,0.71,0.8,no,5.14,yes,fixed-text,"After the rain had stopped, the workers opened the gates and stacked the empty boxes along the far wall.",research\sessions\2026-08-09_1911_chatterbox_x2_refs\audio\chatterbox\rate_volume_pitch\S03_Q3.wav,075bfae10d008fc09e040e056f15933237ec9f04920a556396be987123cc5c09,55383b5,v0.4-naturalness2,-0.038,-0.217,0.094,Q3
controlled,2026-08-09_1911_chatterbox_x2_refs,e32ceed720,B3111d9,2026-08-09T18:31:13.885048+00:00,chatterbox,rate_volume_pitch,S04,Q2,-0.6,0.6,0.7,1.072,0.95,0.958,no,4.4,yes,fixed-text,The report on the table covers the past three months and will be read by the committee later next week.,research\sessions\2026-08-09_1911_chatterbox_x2_refs\audio\chatterbox\rate_volume_pitch\S04_Q2.wav,b17b53a83f4d7399a8b686a29a637fb21628500bcb7f8bbae4f05e3b8084e6cc,55383b5,v0.4-naturalness2,0.298,0.25,0.359,Q1
controlled,2026-08-09_1911_chatterbox_x2_refs,f8e7843b79,Bd0199e,2026-08-09T18:34:59.986454+00:00,chatterbox,rate_volume_pitch,S05,Q2,-0.6,0.6,0.7,1.072,0.95,0.958,no,4.32,yes,fixed-text,"He parked near the corner shop, bought a loaf of bread and a carton of milk, and walked home slowly.",research\sessions\2026-08-09_1911_chatterbox_x2_refs\audio\chatterbox\rate_volume_pitch\S05_Q2.wav,70058f4f922ea9a855dea8c7d662f36f2b2cd7d308a22580f38fb89568eefe5d,55383b5,v0.4-naturalness2,0.547,0.286,0.561,Q1
controlled,2026-08-09_2337_chatterbox_x2_ravdess,0f1ce549cb,B2a6c0d,2026-08-09T22:51:09.380492+00:00,chatterbox,rate_volume_pitch,S03,Q1,0.6,0.6,0.7,1.168,0.89,1.2,no,5.3,yes,fixed-text,"After the rain had stopped, the workers opened the gates and stacked the empty boxes along the far wall.",research\sessions\2026-08-09_2337_chatterbox_x2_ravdess\audio\chatterbox\rate_volume_pitch\S03_Q1.wav,669e4d219ee4380392c110e8f6d105ca1d168a15963055e5bbb4b3823f416cf1,74bd32c,v0.4-naturalness2,0.157,-0.22,0.231,Q2
controlled,2026-08-09_2337_chatterbox_x2_ravdess,0fa812db5c,Ba383cd,2026-08-09T22:57:13.735228+00:00,chatterbox,rate_volume_pitch,S04,Q4,0.6,-0.6,0.7,0.928,0.65,1.042,no,5.3,yes,fixed-text,The report on the table covers the past three months and will be read by the committee later next week.,research\sessions\2026-08-09_2337_chatterbox_x2_ravdess\audio\chatterbox\rate_volume_pitch\S04_Q4.wav,4edc65c1bb7f0d493a148f8cdc29504152f1905f72a0a830c0b521297995a7a0,74bd32c,v0.4-naturalness2,-0.335,0.105,-0.119,Q4
controlled,2026-08-09_2337_chatterbox_x2_ravdess,21698370c1,B6d9a71,2026-08-09T22:46:48.122082+00:00,chatterbox,rate_volume_pitch,S01,Q4,0.6,-0.6,0.7,0.928,0.65,1.042,no,5.9,yes,fixed-text,"The train from the coast reaches the station after noon, and the passengers collect their bags before the doors open.",research\sessions\2026-08-09_2337_chatterbox_x2_ravdess\audio\chatterbox\rate_volume_pitch\S01_Q4.wav,e5593e2746e42b8cadb08f1e85d120fe387ff06797a822e96bc51d407d5cca77,74bd32c,v0.4-naturalness2,-0.279,-0.098,-0.059,Q3
controlled,2026-08-09_2337_chatterbox_x2_ravdess,2fe570a3ae,Bcf4f64,2026-08-09T22:54:43.195321+00:00,chatterbox,rate_volume_pitch,S04,Q1,0.6,0.6,0.7,1.168,0.89,1.2,no,5.62,yes,fixed-text,The report on the table covers the past three months and will be read by the committee later next week.,research\sessions\2026-08-09_2337_chatterbox_x2_ravdess\audio\chatterbox\rate_volume_pitch\S04_Q1.wav,653c5afcbb84a1b7c237dd9ead0fbfc06d8cabd01faf5abed5f52b816728eb50,74bd32c,v0.4-naturalness2,0.197,0.102,0.26,Q1
controlled,2026-08-09_2337_chatterbox_x2_ravdess,4d041e87ae,Bc65038,2026-08-09T22:48:35.417492+00:00,chatterbox,rate_volume_pitch,S02,Q2,-0.6,0.6,0.7,1.072,0.95,0.958,no,5.18,yes,fixed-text,"She placed the grey folder on the shelf, checked the list of names again, and returned to the meeting room.",research\sessions\2026-08-09_2337_chatterbox_x2_ravdess\audio\chatterbox\rate_volume_pitch\S02_Q2.wav,f1221c161be73ae4c78108b8e58ff1cd3ffe79b57beb192d5c211da068ba84a2,74bd32c,v0.4-naturalness2,0.538,0.155,0.558,Q1
controlled,2026-08-09_2337_chatterbox_x2_ravdess,56c564e565,Bd72722,2026-08-09T22:47:42.853552+00:00,chatterbox,rate_volume_pitch,S02,Q1,0.6,0.6,0.7,1.168,0.89,1.2,no,4.9,yes,fixed-text,"She placed the grey folder on the shelf, checked the list of names again, and returned to the meeting room.",research\sessions\2026-08-09_2337_chatterbox_x2_ravdess\audio\chatterbox\rate_volume_pitch\S02_Q1.wav,c3f79556f701f608776521484d4353d59608fd6c52355b99e419eadc4a29ef6f,74bd32c,v0.4-naturalness2,0.2,0.005,0.277,Q1
controlled,2026-08-09_2337_chatterbox_x2_ravdess,7734b62711,B11d995,2026-08-09T23:00:44.942942+00:00,chatterbox,rate_volume_pitch,S05,Q4,0.6,-0.6,0.7,0.928,0.65,1.042,no,5.42,yes,fixed-text,"He parked near the corner shop, bought a loaf of bread and a carton of milk, and walked home slowly.",research\sessions\2026-08-09_2337_chatterbox_x2_ravdess\audio\chatterbox\rate_volume_pitch\S05_Q4.wav,46d89862d5b8435eba0d4b40da743bbb8829eed7ff90b13b12055d0a1c4c71b8,74bd32c,v0.4-naturalness2,-0.229,0.096,-0.019,Q4
controlled,2026-08-09_2337_chatterbox_x2_ravdess,82d2421790,B23dc09,2026-08-09T22:44:23.828905+00:00,chatterbox,rate_volume_pitch,S01,Q2,-0.6,0.6,0.7,1.072,0.95,0.958,no,6.86,yes,fixed-text,"The train from the coast reaches the station after noon, and the passengers collect their bags before the doors open.",research\sessions\2026-08-09_2337_chatterbox_x2_ravdess\audio\chatterbox\rate_volume_pitch\S01_Q2.wav,3c9ed79c673a2ccfeb8ad15767542593dd15a546e8fc5409465dbf7f67d0929c,74bd32c,v0.4-naturalness2,0.585,-0.1,0.559,Q2
controlled,2026-08-09_2337_chatterbox_x2_ravdess,86137d9a2f,B8c34ee,2026-08-09T22:50:19.127245+00:00,chatterbox,rate_volume_pitch,S02,Q4,0.6,-0.6,0.7,0.928,0.65,1.042,no,5.34,yes,fixed-text,"She placed the grey folder on the shelf, checked the list of names again, and returned to the meeting room.",research\sessions\2026-08-09_2337_chatterbox_x2_ravdess\audio\chatterbox\rate_volume_pitch\S02_Q4.wav,c4eafc5cf753ee90364117dae7e03395fde588edacb319d5185b64eff01cf4d2,74bd32c,v0.4-naturalness2,-0.266,0.011,-0.066,Q4
controlled,2026-08-09_2337_chatterbox_x2_ravdess,8be1567f72,B325681,2026-08-09T22:56:27.137699+00:00,chatterbox,rate_volume_pitch,S04,Q3,-0.6,-0.6,0.7,0.832,0.71,0.8,no,5.04,yes,fixed-text,The report on the table covers the past three months and will be read by the committee later next week.,research\sessions\2026-08-09_2337_chatterbox_x2_ravdess\audio\chatterbox\rate_volume_pitch\S04_Q3.wav,1d27c8a945d84bb5ca2aecaaabbf1ce543b79c2d26057a27407fffa1da3a1adb,74bd32c,v0.4-naturalness2,-0.281,0.096,-0.098,Q4
controlled,2026-08-09_2337_chatterbox_x2_ravdess,9041f50b80,B20189a,2026-08-09T22:41:57.416919+00:00,chatterbox,rate_volume_pitch,S01,Q1,0.6,0.6,0.7,1.168,0.89,1.2,no,6.1,yes,fixed-text,"The train from the coast reaches the station after noon, and the passengers collect their bags before the doors open.",research\sessions\2026-08-09_2337_chatterbox_x2_ravdess\audio\chatterbox\rate_volume_pitch\S01_Q1.wav,2913794588cddadbe748a96d62a90d67070e7282ddffc4d70725c695d17ef8da,74bd32c,v0.4-naturalness2,0.236,-0.013,0.312,Q2
controlled,2026-08-09_2337_chatterbox_x2_ravdess,9151383744,Bb6728c,2026-08-09T22:57:59.468118+00:00,chatterbox,rate_volume_pitch,S05,Q1,0.6,0.6,0.7,1.168,0.89,1.2,no,4.94,yes,fixed-text,"He parked near the corner shop, bought a loaf of bread and a carton of milk, and walked home slowly.",research\sessions\2026-08-09_2337_chatterbox_x2_ravdess\audio\chatterbox\rate_volume_pitch\S05_Q1.wav,0483444dbcb104cd370126c3559a4c552d30f1cd97c2cea89616869f634aa33a,74bd32c,v0.4-naturalness2,0.169,0.08,0.28,Q1
controlled,2026-08-09_2337_chatterbox_x2_ravdess,962d670285,B880245,2026-08-09T22:45:45.343027+00:00,chatterbox,rate_volume_pitch,S01,Q3,-0.6,-0.6,0.7,0.832,0.71,0.8,no,5.64,yes,fixed-text,"The train from the coast reaches the station after noon, and the passengers collect their bags before the doors open.",research\sessions\2026-08-09_2337_chatterbox_x2_ravdess\audio\chatterbox\rate_volume_pitch\S01_Q3.wav,df4d4c6eaeb99f9028b4a81f1ecf5e63c57d46f089aa002ea6a40ad5951fc598,74bd32c,v0.4-naturalness2,-0.276,-0.053,-0.09,Q3
controlled,2026-08-09_2337_chatterbox_x2_ravdess,a25353419b,Ba55525,2026-08-09T22:49:24.303555+00:00,chatterbox,rate_volume_pitch,S02,Q3,-0.6,-0.6,0.7,0.832,0.71,0.8,no,4.88,yes,fixed-text,"She placed the grey folder on the shelf, checked the list of names again, and returned to the meeting room.",research\sessions\2026-08-09_2337_chatterbox_x2_ravdess\audio\chatterbox\rate_volume_pitch\S02_Q3.wav,c8d0b5a43f88ffc4197fc85c72321ab05ad11be5854662e0d2e946bdcabe053c,74bd32c,v0.4-naturalness2,-0.26,0.026,-0.081,Q4
controlled,2026-08-09_2337_chatterbox_x2_ravdess,a7944cc9b8,B72f78c,2026-08-09T22:52:02.709535+00:00,chatterbox,rate_volume_pitch,S03,Q2,-0.6,0.6,0.7,1.072,0.95,0.958,no,5.38,yes,fixed-text,"After the rain had stopped, the workers opened the gates and stacked the empty boxes along the far wall.",research\sessions\2026-08-09_2337_chatterbox_x2_ravdess\audio\chatterbox\rate_volume_pitch\S03_Q2.wav,fbb5b12eb9ce916e9ef91b356c49ed1306c5faf47053c274a021e81705d16731,74bd32c,v0.4-naturalness2,0.691,-0.709,0.621,Q2
controlled,2026-08-09_2337_chatterbox_x2_ravdess,bf290b5081,B9c37c0,2026-08-09T22:59:54.000049+00:00,chatterbox,rate_volume_pitch,S05,Q3,-0.6,-0.6,0.7,0.832,0.71,0.8,no,5.44,yes,fixed-text,"He parked near the corner shop, bought a loaf of bread and a carton of milk, and walked home slowly.",research\sessions\2026-08-09_2337_chatterbox_x2_ravdess\audio\chatterbox\rate_volume_pitch\S05_Q3.wav,ca78c28c7254b6676760bec7c4a8f025f5e6088c4c04c1ce7c853e03cfbd677f,74bd32c,v0.4-naturalness2,-0.248,-0.02,-0.065,Q3
controlled,2026-08-09_2337_chatterbox_x2_ravdess,d2c89429c1,B96fb04,2026-08-09T22:53:47.224597+00:00,chatterbox,rate_volume_pitch,S03,Q4,0.6,-0.6,0.7,0.928,0.65,1.042,no,4.98,yes,fixed-text,"After the rain had stopped, the workers opened the gates and stacked the empty boxes along the far wall.",research\sessions\2026-08-09_2337_chatterbox_x2_ravdess\audio\chatterbox\rate_volume_pitch\S03_Q4.wav,8b1b6f26b2d5170e2038ca79b038a95422ad66d4a4aa422a497fd0e0235ae40b,74bd32c,v0.4-naturalness2,-0.315,-0.247,-0.119,Q3
controlled,2026-08-09_2337_chatterbox_x2_ravdess,e0c70e1c13,Be1168b,2026-08-09T22:52:56.375535+00:00,chatterbox,rate_volume_pitch,S03,Q3,-0.6,-0.6,0.7,0.832,0.71,0.8,no,5.52,yes,fixed-text,"After the rain had stopped, the workers opened the gates and stacked the empty boxes along the far wall.",research\sessions\2026-08-09_2337_chatterbox_x2_ravdess\audio\chatterbox\rate_volume_pitch\S03_Q3.wav,ab55a11577246481fa23bc43d5f976b5fc6a79595ba26e6f15218d122310fe33,74bd32c,v0.4-naturalness2,-0.271,-0.25,-0.083,Q3
controlled,2026-08-09_2337_chatterbox_x2_ravdess,e32ceed720,B3111d9,2026-08-09T22:55:41.702172+00:00,chatterbox,rate_volume_pitch,S04,Q2,-0.6,0.6,0.7,1.072,0.95,0.958,no,6.06,yes,fixed-text,The report on the table covers the past three months and will be read by the committee later next week.,research\sessions\2026-08-09_2337_chatterbox_x2_ravdess\audio\chatterbox\rate_volume_pitch\S04_Q2.wav,28df0f5116ed4d8baaee94e45b2987cd24ce6b4af7893409041a5fe972d5fde6,74bd32c,v0.4-naturalness2,0.417,0.172,0.411,Q1
controlled,2026-08-09_2337_chatterbox_x2_ravdess,f8e7843b79,Bd0199e,2026-08-09T22:59:01.471438+00:00,chatterbox,rate_volume_pitch,S05,Q2,-0.6,0.6,0.7,1.072,0.95,0.958,no,6.38,yes,fixed-text,"He parked near the corner shop, bought a loaf of bread and a carton of milk, and walked home slowly.",research\sessions\2026-08-09_2337_chatterbox_x2_ravdess\audio\chatterbox\rate_volume_pitch\S05_Q2.wav,ce369a9ff8e75680aa697cc237be46b3560f93765df5c7518f28416a59795a63,74bd32c,v0.4-naturalness2,0.433,0.045,0.477,Q1
controlled,2026-08-31_0113_zipvoice_b4_rms01,0ef9900318,Bf1ac19,2026-08-31T00:24:29.578327+00:00,zipvoice,rate_volume_pitch,S02,Q4,0.6,-0.6,0.7,0.928,0.65,1.042,no,0.1,no,fixed-text,"She placed the grey folder on the shelf, checked the list of names again, and returned to the meeting room.",research\sessions\2026-08-31_0113_zipvoice_b4_rms01\audio\zipvoice\rate_volume_pitch\S02_Q4.wav,58a2f64e4937368f19c47cca70b3f448914fffbb29b10e81ccaf04a99ba7eff4,5ccba87,v0.7-layers,0.044,-0.267,0.144,Q2
controlled,2026-08-31_0113_zipvoice_b4_rms01,39c5ebf849,B786070,2026-08-31T00:25:19.515070+00:00,zipvoice,rate_volume_pitch,S03,Q1,0.6,0.6,0.7,1.168,0.89,1.2,no,5.759,yes,fixed-text,"After the rain had stopped, the workers opened the gates and stacked the empty boxes along the far wall.",research\sessions\2026-08-31_0113_zipvoice_b4_rms01\audio\zipvoice\rate_volume_pitch\S03_Q1.wav,82f8268162c8fcd6fb6f83a2f6f62d46b1e1436bc4c9f503b48ceb9ec7f10420,5ccba87,v0.7-layers,0.136,-0.387,0.235,Q2
controlled,2026-08-31_0113_zipvoice_b4_rms01,43eb8319d8,B064197,2026-08-31T00:34:57.951457+00:00,zipvoice,rate_volume_pitch,S05,Q4,0.6,-0.6,0.7,0.928,0.65,1.042,no,0.1,no,fixed-text,"He parked near the corner shop, bought a loaf of bread and a carton of milk, and walked home slowly.",research\sessions\2026-08-31_0113_zipvoice_b4_rms01\audio\zipvoice\rate_volume_pitch\S05_Q4.wav,58a2f64e4937368f19c47cca70b3f448914fffbb29b10e81ccaf04a99ba7eff4,5ccba87,v0.7-layers,0.044,-0.267,0.144,Q2
controlled,2026-08-31_0113_zipvoice_b4_rms01,509ac0230b,Bd784e7,2026-08-31T00:17:45.419269+00:00,zipvoice,rate_volume_pitch,S01,Q2,-0.6,0.6,0.7,1.072,0.95,0.958,no,9.285,yes,fixed-text,"The train from the coast reaches the station after noon, and the passengers collect their bags before the doors open.",research\sessions\2026-08-31_0113_zipvoice_b4_rms01\audio\zipvoice\rate_volume_pitch\S01_Q2.wav,12285b97f3a7512b74a696e7f890d11bb881ffbd17799d32d70612ed18e42e14,5ccba87,v0.7-layers,0.785,-0.207,0.759,Q2
controlled,2026-08-31_0113_zipvoice_b4_rms01,54bc11ee8f,Bfef226,2026-08-31T00:27:40.501354+00:00,zipvoice,rate_volume_pitch,S03,Q3,-0.6,-0.6,0.7,0.832,0.71,0.8,no,7.913,yes,fixed-text,"After the rain had stopped, the workers opened the gates and stacked the empty boxes along the far wall.",research\sessions\2026-08-31_0113_zipvoice_b4_rms01\audio\zipvoice\rate_volume_pitch\S03_Q3.wav,5fede9befc1d773729d506879982894dbf75e7e21c4cfd2713067380e9296289,5ccba87,v0.7-layers,-0.371,-0.329,-0.144,Q3
controlled,2026-08-31_0113_zipvoice_b4_rms01,6cf1ebe354,B7cfe68,2026-08-31T00:32:11.738678+00:00,zipvoice,rate_volume_pitch,S05,Q1,0.6,0.6,0.7,1.168,0.89,1.2,no,5.729,yes,fixed-text,"He parked near the corner shop, bought a loaf of bread and a carton of milk, and walked home slowly.",research\sessions\2026-08-31_0113_zipvoice_b4_rms01\audio\zipvoice\rate_volume_pitch\S05_Q1.wav,c6f919edf015c965a056aa19117bf734551bce59c640f67d14e61f799434ca99,5ccba87,v0.7-layers,0.082,0.014,0.235,Q1
controlled,2026-08-31_0113_zipvoice_b4_rms01,7e7c23770a,Be8ea23,2026-08-31T00:31:06.327745+00:00,zipvoice,rate_volume_pitch,S04,Q3,-0.6,-0.6,0.7,0.832,0.71,0.8,no,6.753,yes,fixed-text,The report on the table covers the past three months and will be read by the committee later next week.,research\sessions\2026-08-31_0113_zipvoice_b4_rms01\audio\zipvoice\rate_volume_pitch\S04_Q3.wav,77bd14caca895d577588e8bd53b2e7f190a2963345f6c3210d1496b4cbfcda1d,5ccba87,v0.7-layers,-0.377,0.03,-0.159,Q4
controlled,2026-08-31_0113_zipvoice_b4_rms01,8baa81b900,B2e20e7,2026-08-31T00:27:54.658597+00:00,zipvoice,rate_volume_pitch,S03,Q4,0.6,-0.6,0.7,0.928,0.65,1.042,no,0.1,no,fixed-text,"After the rain had stopped, the workers opened the gates and stacked the empty boxes along the far wall.",research\sessions\2026-08-31_0113_zipvoice_b4_rms01\audio\zipvoice\rate_volume_pitch\S03_Q4.wav,58a2f64e4937368f19c47cca70b3f448914fffbb29b10e81ccaf04a99ba7eff4,5ccba87,v0.7-layers,0.044,-0.267,0.144,Q2
controlled,2026-08-31_0113_zipvoice_b4_rms01,8e08aaf725,Bc84251,2026-08-31T00:24:12.648420+00:00,zipvoice,rate_volume_pitch,S02,Q3,-0.6,-0.6,0.7,0.832,0.71,0.8,no,7.463,yes,fixed-text,"She placed the grey folder on the shelf, checked the list of names again, and returned to the meeting room.",research\sessions\2026-08-31_0113_zipvoice_b4_rms01\audio\zipvoice\rate_volume_pitch\S02_Q3.wav,48d2ba331efeab2ebab379e275fae4a147e7156b07a8d52b002eaa4b824b8d65,5ccba87,v0.7-layers,-0.286,-0.023,-0.07,Q3
controlled,2026-08-31_0113_zipvoice_b4_rms01,99ba8027ef,B4218e6,2026-08-31T00:23:01.608884+00:00,zipvoice,rate_volume_pitch,S02,Q2,-0.6,0.6,0.7,1.072,0.95,0.958,no,8.121,yes,fixed-text,"She placed the grey folder on the shelf, checked the list of names again, and returned to the meeting room.",research\sessions\2026-08-31_0113_zipvoice_b4_rms01\audio\zipvoice\rate_volume_pitch\S02_Q2.wav,9c1c246ca1caed40638d90ff566acb66c096c223fdadf6013dc4adf38575cf98,5ccba87,v0.7-layers,0.589,-0.016,0.597,Q2
controlled,2026-08-31_0113_zipvoice_b4_rms01,a97d0135c0,B817966,2026-08-31T00:28:46.376326+00:00,zipvoice,rate_volume_pitch,S04,Q1,0.6,0.6,0.7,1.168,0.89,1.2,no,5.603,yes,fixed-text,The report on the table covers the past three months and will be read by the committee later next week.,research\sessions\2026-08-31_0113_zipvoice_b4_rms01\audio\zipvoice\rate_volume_pitch\S04_Q1.wav,99c676688b1d6437099cb6f2dd5097ff73206db7d12335c60c8195758bd7adb2,5ccba87,v0.7-layers,0.041,0.076,0.164,Q1
controlled,2026-08-31_0113_zipvoice_b4_rms01,b2f89fb5dc,B782be9,2026-08-31T00:31:19.805772+00:00,zipvoice,rate_volume_pitch,S04,Q4,0.6,-0.6,0.7,0.928,0.65,1.042,no,0.1,no,fixed-text,The report on the table covers the past three months and will be read by the committee later next week.,research\sessions\2026-08-31_0113_zipvoice_b4_rms01\audio\zipvoice\rate_volume_pitch\S04_Q4.wav,58a2f64e4937368f19c47cca70b3f448914fffbb29b10e81ccaf04a99ba7eff4,5ccba87,v0.7-layers,0.044,-0.267,0.144,Q2
controlled,2026-08-31_0113_zipvoice_b4_rms01,c6bcf95e1b,Bd06136,2026-08-31T00:29:57.889496+00:00,zipvoice,rate_volume_pitch,S04,Q2,-0.6,0.6,0.7,1.072,0.95,0.958,no,8.261,yes,fixed-text,The report on the table covers the past three months and will be read by the committee later next week.,research\sessions\2026-08-31_0113_zipvoice_b4_rms01\audio\zipvoice\rate_volume_pitch\S04_Q2.wav,06ebe1ec9f964cb0d634e9ea1e8196d5d7640d5cd37405549b2429a273544c83,5ccba87,v0.7-layers,0.575,-0.062,0.585,Q2
controlled,2026-08-31_0113_zipvoice_b4_rms01,c9668ca3a4,B5e7eb2,2026-08-31T00:33:29.686909+00:00,zipvoice,rate_volume_pitch,S05,Q2,-0.6,0.6,0.7,1.072,0.95,0.958,no,8.401,yes,fixed-text,"He parked near the corner shop, bought a loaf of bread and a carton of milk, and walked home slowly.",research\sessions\2026-08-31_0113_zipvoice_b4_rms01\audio\zipvoice\rate_volume_pitch\S05_Q2.wav,1f484ec5f399af02b4277dbfd739b7720772c32ba49ce8ca94b5b15625ddea9a,5ccba87,v0.7-layers,0.564,-0.076,0.613,Q2
controlled,2026-08-31_0113_zipvoice_b4_rms01,cdc8acda77,B1c53d6,2026-08-31T00:21:44.420128+00:00,zipvoice,rate_volume_pitch,S02,Q1,0.6,0.6,0.7,1.168,0.89,1.2,no,5.789,yes,fixed-text,"She placed the grey folder on the shelf, checked the list of names again, and returned to the meeting room.",research\sessions\2026-08-31_0113_zipvoice_b4_rms01\audio\zipvoice\rate_volume_pitch\S02_Q1.wav,fefe7c50e49dc8667bbf5234b8ff0a3b4bda08feba55d0b3a0475d115613dc8c,5ccba87,v0.7-layers,0.193,0.07,0.311,Q1
controlled,2026-08-31_0113_zipvoice_b4_rms01,d122616393,Bd99e0f,2026-08-31T00:20:39.037174+00:00,zipvoice,rate_volume_pitch,S01,Q4,0.6,-0.6,0.7,0.928,0.65,1.042,no,0.1,no,fixed-text,"The train from the coast reaches the station after noon, and the passengers collect their bags before the doors open.",research\sessions\2026-08-31_0113_zipvoice_b4_rms01\audio\zipvoice\rate_volume_pitch\S01_Q4.wav,58a2f64e4937368f19c47cca70b3f448914fffbb29b10e81ccaf04a99ba7eff4,5ccba87,v0.7-layers,0.044,-0.267,0.144,Q2
controlled,2026-08-31_0113_zipvoice_b4_rms01,d90b7db578,Be79724,2026-08-31T00:34:42.070425+00:00,zipvoice,rate_volume_pitch,S05,Q3,-0.6,-0.6,0.7,0.832,0.71,0.8,no,7.793,yes,fixed-text,"He parked near the corner shop, bought a loaf of bread and a carton of milk, and walked home slowly.",research\sessions\2026-08-31_0113_zipvoice_b4_rms01\audio\zipvoice\rate_volume_pitch\S05_Q3.wav,a3efd974b606bf26ba4039b4f56c3807068f979bdfb682518f1570d66ad1a72a,5ccba87,v0.7-layers,-0.26,0.007,-0.028,Q4
controlled,2026-08-31_0113_zipvoice_b4_rms01,de68a4aecb,B2ff224,2026-08-31T00:20:02.725860+00:00,zipvoice,rate_volume_pitch,S01,Q3,-0.6,-0.6,0.7,0.832,0.71,0.8,no,8.667,yes,fixed-text,"The train from the coast reaches the station after noon, and the passengers collect their bags before the doors open.",research\sessions\2026-08-31_0113_zipvoice_b4_rms01\audio\zipvoice\rate_volume_pitch\S01_Q3.wav,3bbe0f9b4693fff184c9a127c4f13dfcb67d1340f74b050c454b3e41eab643ff,5ccba87,v0.7-layers,-0.363,-0.141,-0.15,Q3
controlled,2026-08-31_0113_zipvoice_b4_rms01,e3c5b0df08,Bc6c2f6,2026-08-31T00:15:26.369464+00:00,zipvoice,rate_volume_pitch,S01,Q1,0.6,0.6,0.7,1.168,0.89,1.2,no,6.337,yes,fixed-text,"The train from the coast reaches the station after noon, and the passengers collect their bags before the doors open.",research\sessions\2026-08-31_0113_zipvoice_b4_rms01\audio\zipvoice\rate_volume_pitch\S01_Q1.wav,b10eb2b2bc131934d7f97325b49143fdb61295dcff40343f59743e9c4af1f5c6,5ccba87,v0.7-layers,0.04,-0.06,0.191,Q2
controlled,2026-08-31_0113_zipvoice_b4_rms01,fef373a1e2,B90856b,2026-08-31T00:26:29.932427+00:00,zipvoice,rate_volume_pitch,S03,Q2,-0.6,0.6,0.7,1.072,0.95,0.958,no,8.301,yes,fixed-text,"After the rain had stopped, the workers opened the gates and stacked the empty boxes along the far wall.",research\sessions\2026-08-31_0113_zipvoice_b4_rms01\audio\zipvoice\rate_volume_pitch\S03_Q2.wav,5650e39f1447ccc8967e174d47bb49c9ee0c88a92840ca202991e987d5a6870c,5ccba87,v0.7-layers,0.695,-0.518,0.677,Q2
controlled,2026-08-31_0135_zipvoice_b4_rms00,0ef9900318,Bf1ac19,2026-08-31T00:43:36.679940+00:00,zipvoice,rate_volume_pitch,S02,Q4,0.6,-0.6,0.7,0.928,0.65,1.042,no,0.212,no,fixed-text,"She placed the grey folder on the shelf, checked the list of names again, and returned to the meeting room.",research\sessions\2026-08-31_0135_zipvoice_b4_rms00\audio\zipvoice\rate_volume_pitch\S02_Q4.wav,37d0ef878bdb8c71362855afb3e2ba4e0c6f54ece9a5323ddd8028cd8b40e10e,5ccba87,v0.7-layers,-0.061,-0.192,-0.003,Q3
controlled,2026-08-31_0135_zipvoice_b4_rms00,39c5ebf849,B786070,2026-08-31T00:44:22.696170+00:00,zipvoice,rate_volume_pitch,S03,Q1,0.6,0.6,0.7,1.168,0.89,1.2,no,5.759,yes,fixed-text,"After the rain had stopped, the workers opened the gates and stacked the empty boxes along the far wall.",research\sessions\2026-08-31_0135_zipvoice_b4_rms00\audio\zipvoice\rate_volume_pitch\S03_Q1.wav,46cd7521f62c4655270e839ca2a62cd2c8ddbd960b121e524b46516d19c7a1a1,5ccba87,v0.7-layers,0.154,-0.326,0.252,Q2
controlled,2026-08-31_0135_zipvoice_b4_rms00,43eb8319d8,B064197,2026-08-31T00:53:35.243838+00:00,zipvoice,rate_volume_pitch,S05,Q4,0.6,-0.6,0.7,0.928,0.65,1.042,no,0.202,no,fixed-text,"He parked near the corner shop, bought a loaf of bread and a carton of milk, and walked home slowly.",research\sessions\2026-08-31_0135_zipvoice_b4_rms00\audio\zipvoice\rate_volume_pitch\S05_Q4.wav,24ce39a32f6b046ef7063e2e75783c823470fb12928960506970012d169bcb7d,5ccba87,v0.7-layers,-0.197,-0.411,-0.199,Q3
controlled,2026-08-31_0135_zipvoice_b4_rms00,509ac0230b,Bd784e7,2026-08-31T00:38:49.647006+00:00,zipvoice,rate_volume_pitch,S01,Q2,-0.6,0.6,0.7,1.072,0.95,0.958,no,9.285,yes,fixed-text,"The train from the coast reaches the station after noon, and the passengers collect their bags before the doors open.",research\sessions\2026-08-31_0135_zipvoice_b4_rms00\audio\zipvoice\rate_volume_pitch\S01_Q2.wav,12285b97f3a7512b74a696e7f890d11bb881ffbd17799d32d70612ed18e42e14,5ccba87,v0.7-layers,0.785,-0.207,0.759,Q2
controlled,2026-08-31_0135_zipvoice_b4_rms00,54bc11ee8f,Bfef226,2026-08-31T00:46:38.275013+00:00,zipvoice,rate_volume_pitch,S03,Q3,-0.6,-0.6,0.7,0.832,0.71,0.8,no,7.913,yes,fixed-text,"After the rain had stopped, the workers opened the gates and stacked the empty boxes along the far wall.",research\sessions\2026-08-31_0135_zipvoice_b4_rms00\audio\zipvoice\rate_volume_pitch\S03_Q3.wav,5862de8b64af6e87334b1e9fbf29e5603beb47e4c621bd15cee7ae3b4d3eba8c,5ccba87,v0.7-layers,-0.284,-0.26,-0.083,Q3
controlled,2026-08-31_0135_zipvoice_b4_rms00,6cf1ebe354,B7cfe68,2026-08-31T00:50:59.058510+00:00,zipvoice,rate_volume_pitch,S05,Q1,0.6,0.6,0.7,1.168,0.89,1.2,no,5.729,yes,fixed-text,"He parked near the corner shop, bought a loaf of bread and a carton of milk, and walked home slowly.",research\sessions\2026-08-31_0135_zipvoice_b4_rms00\audio\zipvoice\rate_volume_pitch\S05_Q1.wav,30bfd9a74b11b357084442c843163acea28bc6b64ec2da260de65c51b31b68ec,5ccba87,v0.7-layers,0.122,-0.01,0.261,Q2
controlled,2026-08-31_0135_zipvoice_b4_rms00,7e7c23770a,Be8ea23,2026-08-31T00:49:54.168636+00:00,zipvoice,rate_volume_pitch,S04,Q3,-0.6,-0.6,0.7,0.832,0.71,0.8,no,6.923,yes,fixed-text,The report on the table covers the past three months and will be read by the committee later next week.,research\sessions\2026-08-31_0135_zipvoice_b4_rms00\audio\zipvoice\rate_volume_pitch\S04_Q3.wav,ede4334414342b1ae21fa22e34292d3ba8c75df2e6ef275df500cce5a6e27cec,5ccba87,v0.7-layers,-0.425,0.02,-0.199,Q4
controlled,2026-08-31_0135_zipvoice_b4_rms00,8baa81b900,B2e20e7,2026-08-31T00:46:51.820811+00:00,zipvoice,rate_volume_pitch,S03,Q4,0.6,-0.6,0.7,0.928,0.65,1.042,no,0.202,no,fixed-text,"After the rain had stopped, the workers opened the gates and stacked the empty boxes along the far wall.",research\sessions\2026-08-31_0135_zipvoice_b4_rms00\audio\zipvoice\rate_volume_pitch\S03_Q4.wav,36d2c009e015ddbd0dda423654d47992321643e8cb2f566feec60a93b0b7404c,5ccba87,v0.7-layers,-0.133,-0.327,-0.055,Q3
controlled,2026-08-31_0135_zipvoice_b4_rms00,8e08aaf725,Bc84251,2026-08-31T00:43:23.730243+00:00,zipvoice,rate_volume_pitch,S02,Q3,-0.6,-0.6,0.7,0.832,0.71,0.8,no,7.433,yes,fixed-text,"She placed the grey folder on the shelf, checked the list of names again, and returned to the meeting room.",research\sessions\2026-08-31_0135_zipvoice_b4_rms00\audio\zipvoice\rate_volume_pitch\S02_Q3.wav,d6ededa9522d4db516b8a61565cb1cab7c437071576055487a5647953478b4e7,5ccba87,v0.7-layers,-0.299,-0.056,-0.08,Q3
controlled,2026-08-31_0135_zipvoice_b4_rms00,99ba8027ef,B4218e6,2026-08-31T00:42:16.784351+00:00,zipvoice,rate_volume_pitch,S02,Q2,-0.6,0.6,0.7,1.072,0.95,0.958,no,8.121,yes,fixed-text,"She placed the grey folder on the shelf, checked the list of names again, and returned to the meeting room.",research\sessions\2026-08-31_0135_zipvoice_b4_rms00\audio\zipvoice\rate_volume_pitch\S02_Q2.wav,9c1c246ca1caed40638d90ff566acb66c096c223fdadf6013dc4adf38575cf98,5ccba87,v0.7-layers,0.589,-0.016,0.597,Q2
controlled,2026-08-31_0135_zipvoice_b4_rms00,a97d0135c0,B817966,2026-08-31T00:47:40.387271+00:00,zipvoice,rate_volume_pitch,S04,Q1,0.6,0.6,0.7,1.168,0.89,1.2,no,5.663,yes,fixed-text,The report on the table covers the past three months and will be read by the committee later next week.,research\sessions\2026-08-31_0135_zipvoice_b4_rms00\audio\zipvoice\rate_volume_pitch\S04_Q1.wav,89c9fdbd0ec658070e5482c55e4f9cfb03509ba2a23941563614339fb6357e44,5ccba87,v0.7-layers,0.054,0.052,0.18,Q1
controlled,2026-08-31_0135_zipvoice_b4_rms00,b2f89fb5dc,B782be9,2026-08-31T00:50:10.199036+00:00,zipvoice,rate_volume_pitch,S04,Q4,0.6,-0.6,0.7,0.928,0.65,1.042,no,0.202,no,fixed-text,The report on the table covers the past three months and will be read by the committee later next week.,research\sessions\2026-08-31_0135_zipvoice_b4_rms00\audio\zipvoice\rate_volume_pitch\S04_Q4.wav,bb645c09521cb9dbeb1e5c6bc914afa17b58404644c49e14a73f129508b91b78,5ccba87,v0.7-layers,-0.159,-0.279,-0.051,Q3
controlled,2026-08-31_0135_zipvoice_b4_rms00,c6bcf95e1b,Bd06136,2026-08-31T00:48:49.785517+00:00,zipvoice,rate_volume_pitch,S04,Q2,-0.6,0.6,0.7,1.072,0.95,0.958,no,8.261,yes,fixed-text,The report on the table covers the past three months and will be read by the committee later next week.,research\sessions\2026-08-31_0135_zipvoice_b4_rms00\audio\zipvoice\rate_volume_pitch\S04_Q2.wav,06ebe1ec9f964cb0d634e9ea1e8196d5d7640d5cd37405549b2429a273544c83,5ccba87,v0.7-layers,0.575,-0.062,0.585,Q2
controlled,2026-08-31_0135_zipvoice_b4_rms00,c9668ca3a4,B5e7eb2,2026-08-31T00:52:11.869836+00:00,zipvoice,rate_volume_pitch,S05,Q2,-0.6,0.6,0.7,1.072,0.95,0.958,no,8.401,yes,fixed-text,"He parked near the corner shop, bought a loaf of bread and a carton of milk, and walked home slowly.",research\sessions\2026-08-31_0135_zipvoice_b4_rms00\audio\zipvoice\rate_volume_pitch\S05_Q2.wav,1f484ec5f399af02b4277dbfd739b7720772c32ba49ce8ca94b5b15625ddea9a,5ccba87,v0.7-layers,0.564,-0.076,0.613,Q2
controlled,2026-08-31_0135_zipvoice_b4_rms00,cdc8acda77,B1c53d6,2026-08-31T00:41:06.861623+00:00,zipvoice,rate_volume_pitch,S02,Q1,0.6,0.6,0.7,1.168,0.89,1.2,no,5.799,yes,fixed-text,"She placed the grey folder on the shelf, checked the list of names again, and returned to the meeting room.",research\sessions\2026-08-31_0135_zipvoice_b4_rms00\audio\zipvoice\rate_volume_pitch\S02_Q1.wav,8c6016da7f263848e30a69e29d6a9b60ebb0800ce2b6515de7b2e4e62c9f768e,5ccba87,v0.7-layers,0.178,-0.024,0.292,Q2
controlled,2026-08-31_0135_zipvoice_b4_rms00,d122616393,Bd99e0f,2026-08-31T00:40:18.926756+00:00,zipvoice,rate_volume_pitch,S01,Q4,0.6,-0.6,0.7,0.928,0.65,1.042,no,0.185,no,fixed-text,"The train from the coast reaches the station after noon, and the passengers collect their bags before the doors open.",research\sessions\2026-08-31_0135_zipvoice_b4_rms00\audio\zipvoice\rate_volume_pitch\S01_Q4.wav,438b76e78ce30ba301c0b73ed443569b89cf21a649f7fce6d65adc6991765f34,5ccba87,v0.7-layers,-0.233,-0.308,-0.218,Q3
controlled,2026-08-31_0135_zipvoice_b4_rms00,d90b7db578,Be79724,2026-08-31T00:53:21.653568+00:00,zipvoice,rate_volume_pitch,S05,Q3,-0.6,-0.6,0.7,0.832,0.71,0.8,no,8.033,yes,fixed-text,"He parked near the corner shop, bought a loaf of bread and a carton of milk, and walked home slowly.",research\sessions\2026-08-31_0135_zipvoice_b4_rms00\audio\zipvoice\rate_volume_pitch\S05_Q3.wav,6b62810c07166aa473ecc344c14a5ccbc0362a31cf37bf0a15979871e64f36d0,5ccba87,v0.7-layers,-0.275,-0.064,-0.063,Q3
controlled,2026-08-31_0135_zipvoice_b4_rms00,de68a4aecb,B2ff224,2026-08-31T00:40:04.983606+00:00,zipvoice,rate_volume_pitch,S01,Q3,-0.6,-0.6,0.7,0.832,0.71,0.8,no,7.197,yes,fixed-text,"The train from the coast reaches the station after noon, and the passengers collect their bags before the doors open.",research\sessions\2026-08-31_0135_zipvoice_b4_rms00\audio\zipvoice\rate_volume_pitch\S01_Q3.wav,d4f80eb4ce79e0d82db7269e7242f9a2e3e8ce1b3b073ef8062a61b5f9f30379,5ccba87,v0.7-layers,-0.305,-0.076,-0.091,Q3
controlled,2026-08-31_0135_zipvoice_b4_rms00,e3c5b0df08,Bc6c2f6,2026-08-31T00:37:25.587687+00:00,zipvoice,rate_volume_pitch,S01,Q1,0.6,0.6,0.7,1.168,0.89,1.2,no,6.327,yes,fixed-text,"The train from the coast reaches the station after noon, and the passengers collect their bags before the doors open.",research\sessions\2026-08-31_0135_zipvoice_b4_rms00\audio\zipvoice\rate_volume_pitch\S01_Q1.wav,33a72624d0f57a0f49c8a5943581e66ef276ccca759933e8180fc4d54776645a,5ccba87,v0.7-layers,0.019,-0.097,0.176,Q2
controlled,2026-08-31_0135_zipvoice_b4_rms00,fef373a1e2,B90856b,2026-08-31T00:45:32.450766+00:00,zipvoice,rate_volume_pitch,S03,Q2,-0.6,0.6,0.7,1.072,0.95,0.958,no,8.301,yes,fixed-text,"After the rain had stopped, the workers opened the gates and stacked the empty boxes along the far wall.",research\sessions\2026-08-31_0135_zipvoice_b4_rms00\audio\zipvoice\rate_volume_pitch\S03_Q2.wav,5650e39f1447ccc8967e174d47bb49c9ee0c88a92840ca202991e987d5a6870c,5ccba87,v0.7-layers,0.695,-0.518,0.677,Q2
controlled,2026-08-31_1241_zipvoice_b4_matched,0ef9900318,Bf1ac19,2026-08-31T11:51:31.115867+00:00,zipvoice,rate_volume_pitch,S02,Q4,0.6,-0.6,0.7,0.928,0.65,1.042,no,7.778,yes,fixed-text,"She placed the grey folder on the shelf, checked the list of names again, and returned to the meeting room.",research\sessions\2026-08-31_1241_zipvoice_b4_matched\audio\zipvoice\rate_volume_pitch\S02_Q4.wav,545b4acc1f5db2bc73fd714bf4c1dc19b42c381ace614bda482e1c643a4dbce2,5ccba87,v0.7-layers,-0.354,-0.11,-0.071,Q3
controlled,2026-08-31_1241_zipvoice_b4_matched,39c5ebf849,B786070,2026-08-31T11:52:16.082834+00:00,zipvoice,rate_volume_pitch,S03,Q1,0.6,0.6,0.7,1.168,0.89,1.2,no,6.057,yes,fixed-text,"After the rain had stopped, the workers opened the gates and stacked the empty boxes along the far wall.",research\sessions\2026-08-31_1241_zipvoice_b4_matched\audio\zipvoice\rate_volume_pitch\S03_Q1.wav,bfb64a462dab7ef414bbec089c155d59d5dc02553f24b82d5b931a8d4501459a,5ccba87,v0.7-layers,0.1,-0.31,0.23,Q2
controlled,2026-08-31_1241_zipvoice_b4_matched,43eb8319d8,B064197,2026-08-31T12:04:20.863602+00:00,zipvoice,rate_volume_pitch,S05,Q4,0.6,-0.6,0.7,0.928,0.65,1.042,no,8.218,yes,fixed-text,"He parked near the corner shop, bought a loaf of bread and a carton of milk, and walked home slowly.",research\sessions\2026-08-31_1241_zipvoice_b4_matched\audio\zipvoice\rate_volume_pitch\S05_Q4.wav,804e73d4c348d07a7e757220e5c20a52ff9b9861041bc7e1cc7c95998f861d40,5ccba87,v0.7-layers,-0.234,-0.106,0.006,Q3
controlled,2026-08-31_1241_zipvoice_b4_matched,509ac0230b,Bd784e7,2026-08-31T11:43:32.808569+00:00,zipvoice,rate_volume_pitch,S01,Q2,-0.6,0.6,0.7,1.072,0.95,0.958,no,8.624,yes,fixed-text,"The train from the coast reaches the station after noon, and the passengers collect their bags before the doors open.",research\sessions\2026-08-31_1241_zipvoice_b4_matched\audio\zipvoice\rate_volume_pitch\S01_Q2.wav,6b45ff3bf59fd7b84c7fe0325842958a36720b769bf98cc2fdb0ea921f099fc4,5ccba87,v0.7-layers,0.768,-0.071,0.722,Q2
controlled,2026-08-31_1241_zipvoice_b4_matched,54bc11ee8f,Bfef226,2026-08-31T11:54:54.402703+00:00,zipvoice,rate_volume_pitch,S03,Q3,-0.6,-0.6,0.7,0.832,0.71,0.8,no,11.865,yes,fixed-text,"After the rain had stopped, the workers opened the gates and stacked the empty boxes along the far wall.",research\sessions\2026-08-31_1241_zipvoice_b4_matched\audio\zipvoice\rate_volume_pitch\S03_Q3.wav,2dd22c3da6a3a14408013ea301a5a64c51bae5f23944a022ed46c2402d488ef1,5ccba87,v0.7-layers,-0.57,-0.476,-0.324,Q3
controlled,2026-08-31_1241_zipvoice_b4_matched,6cf1ebe354,B7cfe68,2026-08-31T12:00:48.129181+00:00,zipvoice,rate_volume_pitch,S05,Q1,0.6,0.6,0.7,1.168,0.89,1.2,no,6.077,yes,fixed-text,"He parked near the corner shop, bought a loaf of bread and a carton of milk, and walked home slowly.",research\sessions\2026-08-31_1241_zipvoice_b4_matched\audio\zipvoice\rate_volume_pitch\S05_Q1.wav,77cb3f44e450b578f984f06defadd9835e89489d30dbccba80a2e0ae17406bf6,5ccba87,v0.7-layers,0.038,0.002,0.21,Q1
controlled,2026-08-31_1241_zipvoice_b4_matched,7e7c23770a,Be8ea23,2026-08-31T11:59:07.967954+00:00,zipvoice,rate_volume_pitch,S04,Q3,-0.6,-0.6,0.7,0.832,0.71,0.8,no,12.01,yes,fixed-text,The report on the table covers the past three months and will be read by the committee later next week.,research\sessions\2026-08-31_1241_zipvoice_b4_matched\audio\zipvoice\rate_volume_pitch\S04_Q3.wav,c5422d825ea4253a339672c16cdaf313a0c1bd05381a9e7bbc3462c357633fe8,5ccba87,v0.7-layers,-0.602,-0.119,-0.317,Q3
controlled,2026-08-31_1241_zipvoice_b4_matched,8baa81b900,B2e20e7,2026-08-31T11:55:53.374199+00:00,zipvoice,rate_volume_pitch,S03,Q4,0.6,-0.6,0.7,0.928,0.65,1.042,no,8.128,yes,fixed-text,"After the rain had stopped, the workers opened the gates and stacked the empty boxes along the far wall.",research\sessions\2026-08-31_1241_zipvoice_b4_matched\audio\zipvoice\rate_volume_pitch\S03_Q4.wav,c1dd671135d7385f28c66d6ed056a846fbad9ed47ba9880a8007b21480002523,5ccba87,v0.7-layers,-0.416,-0.434,-0.155,Q3
controlled,2026-08-31_1241_zipvoice_b4_matched,8e08aaf725,Bc84251,2026-08-31T11:50:27.867245+00:00,zipvoice,rate_volume_pitch,S02,Q3,-0.6,-0.6,0.7,0.832,0.71,0.8,no,11.875,yes,fixed-text,"She placed the grey folder on the shelf, checked the list of names again, and returned to the meeting room.",research\sessions\2026-08-31_1241_zipvoice_b4_matched\audio\zipvoice\rate_volume_pitch\S02_Q3.wav,9bc8a830920b2af826a5ae5c318b6b620e8de4146386726d0f270ae96d982bc3,5ccba87,v0.7-layers,-0.398,-0.173,-0.16,Q3
controlled,2026-08-31_1241_zipvoice_b4_matched,99ba8027ef,B4218e6,2026-08-31T11:48:45.911303+00:00,zipvoice,rate_volume_pitch,S02,Q2,-0.6,0.6,0.7,1.072,0.95,0.958,no,7.823,yes,fixed-text,"She placed the grey folder on the shelf, checked the list of names again, and returned to the meeting room.",research\sessions\2026-08-31_1241_zipvoice_b4_matched\audio\zipvoice\rate_volume_pitch\S02_Q2.wav,ff0a89f356fc09411adeaf31be4ef3432e212e98b05d98f63b99f98585491fc6,5ccba87,v0.7-layers,0.614,-0.028,0.604,Q2
controlled,2026-08-31_1241_zipvoice_b4_matched,a97d0135c0,B817966,2026-08-31T11:56:36.292081+00:00,zipvoice,rate_volume_pitch,S04,Q1,0.6,0.6,0.7,1.168,0.89,1.2,no,5.94,yes,fixed-text,The report on the table covers the past three months and will be read by the committee later next week.,research\sessions\2026-08-31_1241_zipvoice_b4_matched\audio\zipvoice\rate_volume_pitch\S04_Q1.wav,8c572fcea605cb70e78bdd037d6299c1b9aaca5e5d05743634218aa7dac7f08f,5ccba87,v0.7-layers,0.002,0.066,0.131,Q1
controlled,2026-08-31_1241_zipvoice_b4_matched,b2f89fb5dc,B782be9,2026-08-31T12:00:04.420454+00:00,zipvoice,rate_volume_pitch,S04,Q4,0.6,-0.6,0.7,0.928,0.65,1.042,no,8.038,yes,fixed-text,The report on the table covers the past three months and will be read by the committee later next week.,research\sessions\2026-08-31_1241_zipvoice_b4_matched\audio\zipvoice\rate_volume_pitch\S04_Q4.wav,eb4d4535ae06981382408bead035f64a211dd1711c37fc2dd1f05b9ce143b9e6,5ccba87,v0.7-layers,-0.61,-0.141,-0.3,Q3
controlled,2026-08-31_1241_zipvoice_b4_matched,c6bcf95e1b,Bd06136,2026-08-31T11:57:30.853071+00:00,zipvoice,rate_volume_pitch,S04,Q2,-0.6,0.6,0.7,1.072,0.95,0.958,no,7.675,yes,fixed-text,The report on the table covers the past three months and will be read by the committee later next week.,research\sessions\2026-08-31_1241_zipvoice_b4_matched\audio\zipvoice\rate_volume_pitch\S04_Q2.wav,7a58c0918358d9376f8cc6a226e8e650e2e6ce9fe4f4f790a757fe02d0a228f9,5ccba87,v0.7-layers,0.638,-0.116,0.627,Q2
controlled,2026-08-31_1241_zipvoice_b4_matched,c9668ca3a4,B5e7eb2,2026-08-31T12:01:42.726380+00:00,zipvoice,rate_volume_pitch,S05,Q2,-0.6,0.6,0.7,1.072,0.95,0.958,no,7.773,yes,fixed-text,"He parked near the corner shop, bought a loaf of bread and a carton of milk, and walked home slowly.",research\sessions\2026-08-31_1241_zipvoice_b4_matched\audio\zipvoice\rate_volume_pitch\S05_Q2.wav,828c88993d6b606ce752577b5feb47bbecfa7bcc9bf0b32de4990efa0e87bea4,5ccba87,v0.7-layers,0.469,-0.041,0.543,Q2
controlled,2026-08-31_1241_zipvoice_b4_matched,cdc8acda77,B1c53d6,2026-08-31T11:47:49.140741+00:00,zipvoice,rate_volume_pitch,S02,Q1,0.6,0.6,0.7,1.168,0.89,1.2,no,6.117,yes,fixed-text,"She placed the grey folder on the shelf, checked the list of names again, and returned to the meeting room.",research\sessions\2026-08-31_1241_zipvoice_b4_matched\audio\zipvoice\rate_volume_pitch\S02_Q1.wav,bcd829f6ab195437319a1567c5dcb94fea4a9152bb2d06451f263040290fee93,5ccba87,v0.7-layers,0.041,-0.039,0.207,Q2
controlled,2026-08-31_1241_zipvoice_b4_matched,d122616393,Bd99e0f,2026-08-31T11:47:02.344976+00:00,zipvoice,rate_volume_pitch,S01,Q4,0.6,-0.6,0.7,0.928,0.65,1.042,no,9.051,yes,fixed-text,"The train from the coast reaches the station after noon, and the passengers collect their bags before the doors open.",research\sessions\2026-08-31_1241_zipvoice_b4_matched\audio\zipvoice\rate_volume_pitch\S01_Q4.wav,fdff508cf48a495c166f1351de778791356b0fb79dd956397aebb91522cdf852,5ccba87,v0.7-layers,-0.448,-0.306,-0.154,Q3
controlled,2026-08-31_1241_zipvoice_b4_matched,d90b7db578,Be79724,2026-08-31T12:03:22.317660+00:00,zipvoice,rate_volume_pitch,S05,Q3,-0.6,-0.6,0.7,0.832,0.71,0.8,no,11.875,yes,fixed-text,"He parked near the corner shop, bought a loaf of bread and a carton of milk, and walked home slowly.",research\sessions\2026-08-31_1241_zipvoice_b4_matched\audio\zipvoice\rate_volume_pitch\S05_Q3.wav,748a5884717a8aa2057bf05082c417051dde4edf50adf0a9bea53ce52d053ff9,5ccba87,v0.7-layers,-0.437,-0.205,-0.173,Q3
controlled,2026-08-31_1241_zipvoice_b4_matched,de68a4aecb,B2ff224,2026-08-31T11:45:37.802225+00:00,zipvoice,rate_volume_pitch,S01,Q3,-0.6,-0.6,0.7,0.832,0.71,0.8,no,13.611,yes,fixed-text,"The train from the coast reaches the station after noon, and the passengers collect their bags before the doors open.",research\sessions\2026-08-31_1241_zipvoice_b4_matched\audio\zipvoice\rate_volume_pitch\S01_Q3.wav,df3a3c9f381cbaec2e6928042519121a06c7365f0e802aae094a3c09e7158537,5ccba87,v0.7-layers,-0.6,-0.319,-0.289,Q3
controlled,2026-08-31_1241_zipvoice_b4_matched,e3c5b0df08,Bc6c2f6,2026-08-31T11:42:16.974111+00:00,zipvoice,rate_volume_pitch,S01,Q1,0.6,0.6,0.7,1.168,0.89,1.2,no,6.567,yes,fixed-text,"The train from the coast reaches the station after noon, and the passengers collect their bags before the doors open.",research\sessions\2026-08-31_1241_zipvoice_b4_matched\audio\zipvoice\rate_volume_pitch\S01_Q1.wav,cd2a946cd5f41522777ffd0afa88c1dbdaf7636201350dbc10bbff3333e154ff,5ccba87,v0.7-layers,0.136,-0.087,0.25,Q2
controlled,2026-08-31_1241_zipvoice_b4_matched,fef373a1e2,B90856b,2026-08-31T11:53:13.204138+00:00,zipvoice,rate_volume_pitch,S03,Q2,-0.6,0.6,0.7,1.072,0.95,0.958,no,7.763,yes,fixed-text,"After the rain had stopped, the workers opened the gates and stacked the empty boxes along the far wall.",research\sessions\2026-08-31_1241_zipvoice_b4_matched\audio\zipvoice\rate_volume_pitch\S03_Q2.wav,64073e4b257046bb2ee56b79f14bd5615acb3899b8f61004c546f14d881ab6cb,5ccba87,v0.7-layers,0.53,-0.435,0.566,Q2
controlled,2026-08-31_2226_parlertts_b4_negative,1408669dd4,B6c7658,2026-08-31T21:41:26.621339+00:00,parlertts,rate_volume_pitch,S02,Q4,0.6,-0.6,0.7,0.928,0.65,1.042,no,5.805,yes,fixed-text,"She placed the grey folder on the shelf, checked the list of names again, and returned to the meeting room.",research\sessions\2026-08-31_2226_parlertts_b4_negative\audio\parlertts\rate_volume_pitch\S02_Q4.wav,85a2090adf3be44d3ed7a09647366922f2db645662c0fa71714646656fb3a9e9,c4f2ab0,v0.7-layers,-0.118,-0.08,0.044,Q3
controlled,2026-08-31_2226_parlertts_b4_negative,19c40e0cd4,B506816,2026-08-31T21:43:03.591768+00:00,parlertts,rate_volume_pitch,S03,Q1,0.6,0.6,0.7,1.168,0.89,1.2,no,5.271,yes,fixed-text,"After the rain had stopped, the workers opened the gates and stacked the empty boxes along the far wall.",research\sessions\2026-08-31_2226_parlertts_b4_negative\audio\parlertts\rate_volume_pitch\S03_Q1.wav,0681d8f70464dae7faf34e0b1ae0296bf6e29a2a12508c09eb1db83c7a83a8ba,c4f2ab0,v0.7-layers,-0.204,-0.316,-0.024,Q3
controlled,2026-08-31_2226_parlertts_b4_negative,2aae57eb51,B976932,2026-08-31T21:44:45.823799+00:00,parlertts,rate_volume_pitch,S03,Q2,-0.6,0.6,0.7,1.072,0.95,0.958,no,5.097,yes,fixed-text,"After the rain had stopped, the workers opened the gates and stacked the empty boxes along the far wall.",research\sessions\2026-08-31_2226_parlertts_b4_negative\audio\parlertts\rate_volume_pitch\S03_Q2.wav,0982fb307ebb12c736a6b53f66b2818370f7a0ae6e5783a9b902257e5a0ffbcc,c4f2ab0,v0.7-layers,-0.128,-0.339,0.031,Q3
controlled,2026-08-31_2226_parlertts_b4_negative,2cebf469ea,B108bca,2026-08-31T21:56:48.078738+00:00,parlertts,rate_volume_pitch,S05,Q1,0.6,0.6,0.7,1.168,0.89,1.2,no,6.084,yes,fixed-text,"He parked near the corner shop, bought a loaf of bread and a carton of milk, and walked home slowly.",research\sessions\2026-08-31_2226_parlertts_b4_negative\audio\parlertts\rate_volume_pitch\S05_Q1.wav,d5d203983bddd80e30b25ddfaa19efb4df92e5c39fe52dc574bf945324a1a5b3,c4f2ab0,v0.7-layers,-0.138,-0.033,0.058,Q3
controlled,2026-08-31_2226_parlertts_b4_negative,41e34b26e6,B6cd567,2026-08-31T21:32:29.242261+00:00,parlertts,rate_volume_pitch,S01,Q3,-0.6,-0.6,0.7,0.832,0.71,0.8,no,6.269,yes,fixed-text,"The train from the coast reaches the station after noon, and the passengers collect their bags before the doors open.",research\sessions\2026-08-31_2226_parlertts_b4_negative\audio\parlertts\rate_volume_pitch\S01_Q3.wav,b17d147991b6da08194552fadc0ee3e3c750c16c03b1006e1c66f52a499478cd,c4f2ab0,v0.7-layers,-0.093,-0.178,0.083,Q3
controlled,2026-08-31_2226_parlertts_b4_negative,466ebeaf8e,B8d1875,2026-08-31T21:39:42.459973+00:00,parlertts,rate_volume_pitch,S02,Q3,-0.6,-0.6,0.7,0.832,0.71,0.8,no,5.805,yes,fixed-text,"She placed the grey folder on the shelf, checked the list of names again, and returned to the meeting room.",research\sessions\2026-08-31_2226_parlertts_b4_negative\audio\parlertts\rate_volume_pitch\S02_Q3.wav,14671fe5e6cbe3eab95ea779eabe2602d4c6d79f36af3b1cf229cfd730f1498d,c4f2ab0,v0.7-layers,-0.173,-0.078,0.019,Q3
controlled,2026-08-31_2226_parlertts_b4_negative,476c1a2576,B59cfc5,2026-08-31T22:00:24.731111+00:00,parlertts,rate_volume_pitch,S05,Q3,-0.6,-0.6,0.7,0.832,0.71,0.8,no,6.629,yes,fixed-text,"He parked near the corner shop, bought a loaf of bread and a carton of milk, and walked home slowly.",research\sessions\2026-08-31_2226_parlertts_b4_negative\audio\parlertts\rate_volume_pitch\S05_Q3.wav,cfecfe2dd4b6731333ae2d69cda7a7ef94474dc20e2321beaceeadb4ab89067b,c4f2ab0,v0.7-layers,-0.028,0.013,0.151,Q4
controlled,2026-08-31_2226_parlertts_b4_negative,4c0194f5b6,B438290,2026-08-31T21:28:51.789489+00:00,parlertts,rate_volume_pitch,S01,Q1,0.6,0.6,0.7,1.168,0.89,1.2,no,6.269,yes,fixed-text,"The train from the coast reaches the station after noon, and the passengers collect their bags before the doors open.",research\sessions\2026-08-31_2226_parlertts_b4_negative\audio\parlertts\rate_volume_pitch\S01_Q1.wav,774a92a9ea4a0c04130b3001786f2e84d019896c4a94b1c88b6d00055d2806a9,c4f2ab0,v0.7-layers,-0.219,-0.172,-0.017,Q3
controlled,2026-08-31_2226_parlertts_b4_negative,65a7f54445,Bdffa51,2026-08-31T21:55:06.118379+00:00,parlertts,rate_volume_pitch,S04,Q4,0.6,-0.6,0.7,0.928,0.65,1.042,no,5.457,yes,fixed-text,The report on the table covers the past three months and will be read by the committee later next week.,research\sessions\2026-08-31_2226_parlertts_b4_negative\audio\parlertts\rate_volume_pitch\S04_Q4.wav,ca241b62d0dd6e41e93983cbd272c6895456c66a82bcac02ffa90ea770a72d86,c4f2ab0,v0.7-layers,-0.212,0.106,-0.021,Q4
controlled,2026-08-31_2226_parlertts_b4_negative,6c0e83ce2f,Bfb5e5e,2026-08-31T21:30:43.016105+00:00,parlertts,rate_volume_pitch,S01,Q2,-0.6,0.6,0.7,1.072,0.95,0.958,no,6.304,yes,fixed-text,"The train from the coast reaches the station after noon, and the passengers collect their bags before the doors open.",research\sessions\2026-08-31_2226_parlertts_b4_negative\audio\parlertts\rate_volume_pitch\S01_Q2.wav,17cda3690ee833bb55b5bfb417b67f50f4000578642007c963d68ce556fb6cde,c4f2ab0,v0.7-layers,-0.223,-0.16,-0.008,Q3
controlled,2026-08-31_2226_parlertts_b4_negative,7c33918067,B624a15,2026-08-31T21:48:15.903358+00:00,parlertts,rate_volume_pitch,S03,Q4,0.6,-0.6,0.7,0.928,0.65,1.042,no,5.921,yes,fixed-text,"After the rain had stopped, the workers opened the gates and stacked the empty boxes along the far wall.",research\sessions\2026-08-31_2226_parlertts_b4_negative\audio\parlertts\rate_volume_pitch\S03_Q4.wav,7ace6d6ae16bd75b4a6c3da695c8ee3df423f606634e2adf7153935e48584691,c4f2ab0,v0.7-layers,-0.303,-0.387,-0.078,Q3
controlled,2026-08-31_2226_parlertts_b4_negative,804659cbcb,B0b68c9,2026-08-31T21:53:31.710896+00:00,parlertts,rate_volume_pitch,S04,Q3,-0.6,-0.6,0.7,0.832,0.71,0.8,no,5.944,yes,fixed-text,The report on the table covers the past three months and will be read by the committee later next week.,research\sessions\2026-08-31_2226_parlertts_b4_negative\audio\parlertts\rate_volume_pitch\S04_Q3.wav,f42dd60da5898c6c5b9a15abae81cac0b4b5a85af0ed7044fb4926d7ba37bf0a,c4f2ab0,v0.7-layers,-0.447,-0.035,-0.208,Q3
controlled,2026-08-31_2226_parlertts_b4_negative,8bc7d20d1a,B7d9656,2026-08-31T21:37:44.536667+00:00,parlertts,rate_volume_pitch,S02,Q2,-0.6,0.6,0.7,1.072,0.95,0.958,no,4.946,yes,fixed-text,"She placed the grey folder on the shelf, checked the list of names again, and returned to the meeting room.",research\sessions\2026-08-31_2226_parlertts_b4_negative\audio\parlertts\rate_volume_pitch\S02_Q2.wav,37e199909fb3079b65ad9fbb60a625dcd24a1d9d037944dd54624c1ed5ad546d,c4f2ab0,v0.7-layers,-0.009,-0.05,0.138,Q3
controlled,2026-08-31_2226_parlertts_b4_negative,8c22125a0b,B337c82,2026-08-31T21:34:26.605174+00:00,parlertts,rate_volume_pitch,S01,Q4,0.6,-0.6,0.7,0.928,0.65,1.042,no,6.269,yes,fixed-text,"The train from the coast reaches the station after noon, and the passengers collect their bags before the doors open.",research\sessions\2026-08-31_2226_parlertts_b4_negative\audio\parlertts\rate_volume_pitch\S01_Q4.wav,daf207a26e9df1f751b745983a95201d363fd1900716ac05cb2bfa9147abc287,c4f2ab0,v0.7-layers,-0.284,-0.147,-0.07,Q3
controlled,2026-08-31_2226_parlertts_b4_negative,aaa26745db,B8f703b,2026-08-31T21:58:32.677257+00:00,parlertts,rate_volume_pitch,S05,Q2,-0.6,0.6,0.7,1.072,0.95,0.958,no,6.026,yes,fixed-text,"He parked near the corner shop, bought a loaf of bread and a carton of milk, and walked home slowly.",research\sessions\2026-08-31_2226_parlertts_b4_negative\audio\parlertts\rate_volume_pitch\S05_Q2.wav,678a1bf3843cdf5bac3c55880189e2f013462f959822df7162a2e502fb054be3,c4f2ab0,v0.7-layers,-0.031,0.054,0.148,Q4
controlled,2026-08-31_2226_parlertts_b4_negative,b373f080e6,B471f88,2026-08-31T22:02:16.371807+00:00,parlertts,rate_volume_pitch,S05,Q4,0.6,-0.6,0.7,0.928,0.65,1.042,no,6.734,yes,fixed-text,"He parked near the corner shop, bought a loaf of bread and a carton of milk, and walked home slowly.",research\sessions\2026-08-31_2226_parlertts_b4_negative\audio\parlertts\rate_volume_pitch\S05_Q4.wav,ed5f16d16b7200d4edee66ee09c2be4902f02c5cbdf0a8c8f5bbf6e74f18c0dc,c4f2ab0,v0.7-layers,-0.168,-0.034,0.034,Q3
controlled,2026-08-31_2226_parlertts_b4_negative,b62fc73d7c,Ba2c23a,2026-08-31T21:51:49.422865+00:00,parlertts,rate_volume_pitch,S04,Q2,-0.6,0.6,0.7,1.072,0.95,0.958,no,5.805,yes,fixed-text,The report on the table covers the past three months and will be read by the committee later next week.,research\sessions\2026-08-31_2226_parlertts_b4_negative\audio\parlertts\rate_volume_pitch\S04_Q2.wav,4d3a283e9806912e334a8c3bff534b2bd2366116f37d08660a88681e8518fa6b,c4f2ab0,v0.7-layers,-0.188,-0.034,-0.019,Q3
controlled,2026-08-31_2226_parlertts_b4_negative,cedf0ec149,B6abb14,2026-08-31T21:46:26.739520+00:00,parlertts,rate_volume_pitch,S03,Q3,-0.6,-0.6,0.7,0.832,0.71,0.8,no,5.097,yes,fixed-text,"After the rain had stopped, the workers opened the gates and stacked the empty boxes along the far wall.",research\sessions\2026-08-31_2226_parlertts_b4_negative\audio\parlertts\rate_volume_pitch\S03_Q3.wav,c32a5432146d1dea9ee9065cf43865df8d958c074c959576e3fd8e555208ed70,c4f2ab0,v0.7-layers,-0.122,-0.285,0.031,Q3
controlled,2026-08-31_2226_parlertts_b4_negative,d8d25701a6,B40b995,2026-08-31T21:50:06.566091+00:00,parlertts,rate_volume_pitch,S04,Q1,0.6,0.6,0.7,1.168,0.89,1.2,no,6.153,yes,fixed-text,The report on the table covers the past three months and will be read by the committee later next week.,research\sessions\2026-08-31_2226_parlertts_b4_negative\audio\parlertts\rate_volume_pitch\S04_Q1.wav,a6fb74d6824e441015866960c574f25d7914e07ac8ce50d8a837a2c42b6f0066,c4f2ab0,v0.7-layers,-0.468,-0.087,-0.214,Q3
controlled,2026-08-31_2226_parlertts_b4_negative,e79a1f0d70,Bf31fec,2026-08-31T21:36:11.200348+00:00,parlertts,rate_volume_pitch,S02,Q1,0.6,0.6,0.7,1.168,0.89,1.2,no,5.515,yes,fixed-text,"She placed the grey folder on the shelf, checked the list of names again, and returned to the meeting room.",research\sessions\2026-08-31_2226_parlertts_b4_negative\audio\parlertts\rate_volume_pitch\S02_Q1.wav,78c1b670b392bd1c5f31f3115c3ab7909c7e2f852d7bc3d58083e30cae2c34f1,c4f2ab0,v0.7-layers,-0.071,0.011,0.079,Q4
controlled,2026-08-31_2302_chatterbox_x2_matched_v2,0f1ce549cb,B2a6c0d,2026-08-31T22:09:38.441371+00:00,chatterbox,rate_volume_pitch,S03,Q1,0.6,0.6,0.7,1.168,0.89,1.2,no,4.98,yes,fixed-text,"After the rain had stopped, the workers opened the gates and stacked the empty boxes along the far wall.",research\sessions\2026-08-31_2302_chatterbox_x2_matched_v2\audio\chatterbox\rate_volume_pitch\S03_Q1.wav,8d01ac7673ccdddcc36cb4d9eee07fe3f0cc8f188e9a24a0f1dbd220d478f8c6,c4f2ab0,v0.7-layers,0.422,-0.267,0.404,Q2
controlled,2026-08-31_2302_chatterbox_x2_matched_v2,0fa812db5c,Ba383cd,2026-08-31T22:14:03.070260+00:00,chatterbox,rate_volume_pitch,S04,Q4,0.6,-0.6,0.7,0.928,0.65,1.042,no,5.18,yes,fixed-text,The report on the table covers the past three months and will be read by the committee later next week.,research\sessions\2026-08-31_2302_chatterbox_x2_matched_v2\audio\chatterbox\rate_volume_pitch\S04_Q4.wav,0579fe2296adde6a922c8a0706e2d150783e0ab63a2c7e01e74b83cedc4d3f18,c4f2ab0,v0.7-layers,-0.305,0.067,-0.074,Q4
controlled,2026-08-31_2302_chatterbox_x2_matched_v2,21698370c1,B6d9a71,2026-08-31T22:06:17.719632+00:00,chatterbox,rate_volume_pitch,S01,Q4,0.6,-0.6,0.7,0.928,0.65,1.042,no,6.38,yes,fixed-text,"The train from the coast reaches the station after noon, and the passengers collect their bags before the doors open.",research\sessions\2026-08-31_2302_chatterbox_x2_matched_v2\audio\chatterbox\rate_volume_pitch\S01_Q4.wav,6d62cee27a0de7e50c0be9d041e36a38cf65da0751300c6b78b485de0b665039,c4f2ab0,v0.7-layers,-0.352,-0.133,-0.11,Q3
controlled,2026-08-31_2302_chatterbox_x2_matched_v2,2fe570a3ae,Bcf4f64,2026-08-31T22:12:11.036873+00:00,chatterbox,rate_volume_pitch,S04,Q1,0.6,0.6,0.7,1.168,0.89,1.2,no,5.3,yes,fixed-text,The report on the table covers the past three months and will be read by the committee later next week.,research\sessions\2026-08-31_2302_chatterbox_x2_matched_v2\audio\chatterbox\rate_volume_pitch\S04_Q1.wav,8b7b9cf377d89bebda08520afe6f3c1d86c083abf989ab9745ecfe13a5a7cccc,c4f2ab0,v0.7-layers,0.309,0.14,0.35,Q1
controlled,2026-08-31_2302_chatterbox_x2_matched_v2,4d041e87ae,Bc65038,2026-08-31T22:07:39.439360+00:00,chatterbox,rate_volume_pitch,S02,Q2,-0.6,0.6,0.7,1.072,0.95,0.958,no,6.42,yes,fixed-text,"She placed the grey folder on the shelf, checked the list of names again, and returned to the meeting room.",research\sessions\2026-08-31_2302_chatterbox_x2_matched_v2\audio\chatterbox\rate_volume_pitch\S02_Q2.wav,680ff9be87f4e5d6206107166c6b4c953a0419f0fcbfb353d93569ceffe14ab3,c4f2ab0,v0.7-layers,0.541,0.11,0.56,Q1
controlled,2026-08-31_2302_chatterbox_x2_matched_v2,56c564e565,Bd72722,2026-08-31T22:06:54.362202+00:00,chatterbox,rate_volume_pitch,S02,Q1,0.6,0.6,0.7,1.168,0.89,1.2,no,5.38,yes,fixed-text,"She placed the grey folder on the shelf, checked the list of names again, and returned to the meeting room.",research\sessions\2026-08-31_2302_chatterbox_x2_matched_v2\audio\chatterbox\rate_volume_pitch\S02_Q1.wav,67885e88d2639e58b916b26ad64ac473ddf1752b940230f70e312ba1bf3af4cf,c4f2ab0,v0.7-layers,0.292,0.102,0.366,Q1
controlled,2026-08-31_2302_chatterbox_x2_matched_v2,7734b62711,B11d995,2026-08-31T22:17:01.017734+00:00,chatterbox,rate_volume_pitch,S05,Q4,0.6,-0.6,0.7,0.928,0.65,1.042,no,6.1,yes,fixed-text,"He parked near the corner shop, bought a loaf of bread and a carton of milk, and walked home slowly.",research\sessions\2026-08-31_2302_chatterbox_x2_matched_v2\audio\chatterbox\rate_volume_pitch\S05_Q4.wav,3b973d87c741beb4c316dcb352e2b30f8b388cde95361dd5adf7e15a3d3acb32,c4f2ab0,v0.7-layers,-0.311,-0.04,-0.071,Q3
controlled,2026-08-31_2302_chatterbox_x2_matched_v2,82d2421790,B23dc09,2026-08-31T22:04:51.488231+00:00,chatterbox,rate_volume_pitch,S01,Q2,-0.6,0.6,0.7,1.072,0.95,0.958,no,6.66,yes,fixed-text,"The train from the coast reaches the station after noon, and the passengers collect their bags before the doors open.",research\sessions\2026-08-31_2302_chatterbox_x2_matched_v2\audio\chatterbox\rate_volume_pitch\S01_Q2.wav,0d65e4ce9ff0ec5616639915a50282448ec17a6916a8749472105686e5c90857,c4f2ab0,v0.7-layers,0.688,-0.065,0.632,Q2
controlled,2026-08-31_2302_chatterbox_x2_matched_v2,86137d9a2f,B8c34ee,2026-08-31T22:09:01.992344+00:00,chatterbox,rate_volume_pitch,S02,Q4,0.6,-0.6,0.7,0.928,0.65,1.042,no,5.3,yes,fixed-text,"She placed the grey folder on the shelf, checked the list of names again, and returned to the meeting room.",research\sessions\2026-08-31_2302_chatterbox_x2_matched_v2\audio\chatterbox\rate_volume_pitch\S02_Q4.wav,6eff2c02ab0f89813757f324623634f918d0c5d153181d99c579d703aa4819cf,c4f2ab0,v0.7-layers,-0.422,-0.017,-0.161,Q3
controlled,2026-08-31_2302_chatterbox_x2_matched_v2,8be1567f72,B325681,2026-08-31T22:13:27.635088+00:00,chatterbox,rate_volume_pitch,S04,Q3,-0.6,-0.6,0.7,0.832,0.71,0.8,no,4.88,yes,fixed-text,The report on the table covers the past three months and will be read by the committee later next week.,research\sessions\2026-08-31_2302_chatterbox_x2_matched_v2\audio\chatterbox\rate_volume_pitch\S04_Q3.wav,831ce78c9457505af84e4c29f863a12c2490fa2855c395799a7614242e6c8753,c4f2ab0,v0.7-layers,-0.257,0.091,-0.069,Q4
controlled,2026-08-31_2302_chatterbox_x2_matched_v2,9041f50b80,B20189a,2026-08-31T22:04:05.123489+00:00,chatterbox,rate_volume_pitch,S01,Q1,0.6,0.6,0.7,1.168,0.89,1.2,no,5.3,yes,fixed-text,"The train from the coast reaches the station after noon, and the passengers collect their bags before the doors open.",research\sessions\2026-08-31_2302_chatterbox_x2_matched_v2\audio\chatterbox\rate_volume_pitch\S01_Q1.wav,0ae21657595475de3d82da2a7d67f724eb6e2e63e89adba87731354c92bc1a57,c4f2ab0,v0.7-layers,0.256,0.007,0.318,Q1
controlled,2026-08-31_2302_chatterbox_x2_matched_v2,9151383744,Bb6728c,2026-08-31T22:14:39.972818+00:00,chatterbox,rate_volume_pitch,S05,Q1,0.6,0.6,0.7,1.168,0.89,1.2,no,5.26,yes,fixed-text,"He parked near the corner shop, bought a loaf of bread and a carton of milk, and walked home slowly.",research\sessions\2026-08-31_2302_chatterbox_x2_matched_v2\audio\chatterbox\rate_volume_pitch\S05_Q1.wav,229d996f4fe7c2e37c76b140f41eb1ace2c6603329c2e8cf8121d0372ed0a307,c4f2ab0,v0.7-layers,0.322,0.183,0.385,Q1
controlled,2026-08-31_2302_chatterbox_x2_matched_v2,962d670285,B880245,2026-08-31T22:05:34.035865+00:00,chatterbox,rate_volume_pitch,S01,Q3,-0.6,-0.6,0.7,0.832,0.71,0.8,no,6.04,yes,fixed-text,"The train from the coast reaches the station after noon, and the passengers collect their bags before the doors open.",research\sessions\2026-08-31_2302_chatterbox_x2_matched_v2\audio\chatterbox\rate_volume_pitch\S01_Q3.wav,1310b53fcc1b396154a24db1c206138c2f501b73b723bbd5449b4b58a08a401e,c4f2ab0,v0.7-layers,-0.191,-0.072,-0.013,Q3
controlled,2026-08-31_2302_chatterbox_x2_matched_v2,a25353419b,Ba55525,2026-08-31T22:08:18.466852+00:00,chatterbox,rate_volume_pitch,S02,Q3,-0.6,-0.6,0.7,0.832,0.71,0.8,no,5.24,yes,fixed-text,"She placed the grey folder on the shelf, checked the list of names again, and returned to the meeting room.",research\sessions\2026-08-31_2302_chatterbox_x2_matched_v2\audio\chatterbox\rate_volume_pitch\S02_Q3.wav,120b4d90c3589132adaab120846e0b26538e941cc107274a349c1cf9a9a5831f,c4f2ab0,v0.7-layers,-0.262,-0.009,-0.052,Q3
controlled,2026-08-31_2302_chatterbox_x2_matched_v2,a7944cc9b8,B72f78c,2026-08-31T22:10:19.270888+00:00,chatterbox,rate_volume_pitch,S03,Q2,-0.6,0.6,0.7,1.072,0.95,0.958,no,5.7,yes,fixed-text,"After the rain had stopped, the workers opened the gates and stacked the empty boxes along the far wall.",research\sessions\2026-08-31_2302_chatterbox_x2_matched_v2\audio\chatterbox\rate_volume_pitch\S03_Q2.wav,48215e18d6cc3e93b470250cb2d18ee848bec9ddf216150032d6719166ce4573,c4f2ab0,v0.7-layers,0.522,-0.332,0.511,Q2
controlled,2026-08-31_2302_chatterbox_x2_matched_v2,bf290b5081,B9c37c0,2026-08-31T22:16:16.654094+00:00,chatterbox,rate_volume_pitch,S05,Q3,-0.6,-0.6,0.7,0.832,0.71,0.8,no,6.04,yes,fixed-text,"He parked near the corner shop, bought a loaf of bread and a carton of milk, and walked home slowly.",research\sessions\2026-08-31_2302_chatterbox_x2_matched_v2\audio\chatterbox\rate_volume_pitch\S05_Q3.wav,3c9a6aab8cb97b81303fec8eaaab1187c6ec24112472ddb6c848caf742222ad5,c4f2ab0,v0.7-layers,-0.263,-0.003,-0.059,Q3
controlled,2026-08-31_2302_chatterbox_x2_matched_v2,d2c89429c1,B96fb04,2026-08-31T22:11:33.019877+00:00,chatterbox,rate_volume_pitch,S03,Q4,0.6,-0.6,0.7,0.928,0.65,1.042,no,5.26,yes,fixed-text,"After the rain had stopped, the workers opened the gates and stacked the empty boxes along the far wall.",research\sessions\2026-08-31_2302_chatterbox_x2_matched_v2\audio\chatterbox\rate_volume_pitch\S03_Q4.wav,f1476c2c9ab991ad019260606c463240a21cac9fddbfdd4a4a4be56f4e360089,c4f2ab0,v0.7-layers,-0.275,-0.27,-0.068,Q3
controlled,2026-08-31_2302_chatterbox_x2_matched_v2,e0c70e1c13,Be1168b,2026-08-31T22:10:56.674942+00:00,chatterbox,rate_volume_pitch,S03,Q3,-0.6,-0.6,0.7,0.832,0.71,0.8,no,5.48,yes,fixed-text,"After the rain had stopped, the workers opened the gates and stacked the empty boxes along the far wall.",research\sessions\2026-08-31_2302_chatterbox_x2_matched_v2\audio\chatterbox\rate_volume_pitch\S03_Q3.wav,f544c1d2d32cfe91f8bf25e5ef387ba86c3b33ca0b24df96217a8b88564d9e1e,c4f2ab0,v0.7-layers,-0.328,-0.302,-0.125,Q3
controlled,2026-08-31_2302_chatterbox_x2_matched_v2,e32ceed720,B3111d9,2026-08-31T22:12:51.004709+00:00,chatterbox,rate_volume_pitch,S04,Q2,-0.6,0.6,0.7,1.072,0.95,0.958,no,4.78,yes,fixed-text,The report on the table covers the past three months and will be read by the committee later next week.,research\sessions\2026-08-31_2302_chatterbox_x2_matched_v2\audio\chatterbox\rate_volume_pitch\S04_Q2.wav,c12bc18ef9c722b149ffcc5e2f979683498a38609318dab0e69912f712fe0ef3,c4f2ab0,v0.7-layers,0.418,0.194,0.418,Q1
controlled,2026-08-31_2302_chatterbox_x2_matched_v2,f8e7843b79,Bd0199e,2026-08-31T22:15:28.937533+00:00,chatterbox,rate_volume_pitch,S05,Q2,-0.6,0.6,0.7,1.072,0.95,0.958,no,6.62,yes,fixed-text,"He parked near the corner shop, bought a loaf of bread and a carton of milk, and walked home slowly.",research\sessions\2026-08-31_2302_chatterbox_x2_matched_v2\audio\chatterbox\rate_volume_pitch\S05_Q2.wav,09c27a7577c7a138757f56104b7c700c733b3296a25d7898e199cfe41e6fb585,c4f2ab0,v0.7-layers,0.469,0.105,0.507,Q1
