source,session,clip_id,blind_id,created,engine,param_set,stimulus_id,quadrant,valence,arousal,intensity,rate,volume,pitch,pitch_rendered,duration_s,duration_ok,model,text,audio_path,sha256,commit,tag
controlled,2026-07-26_1733_sapi_e6_realtest,057172f2b2,Bc93897,2026-07-26T16:33:37.454742+00:00,sapi5xml,rate,S05,Q3,-0.6,-0.6,0.7,0.832,1.0,1.0,yes,9.243,yes,fixed-text,"He parked near the corner shop, bought a loaf of bread and a carton of milk, and walked home slowly.",research\sessions\2026-07-26_1733_sapi_e6_realtest\audio\sapi5xml\rate\S05_Q3.wav,6cddac943ad75e755cb50821471bda8cf878438abdb23ac1800ec7ded3448a97,0061ab2,v0.2-voice-params
controlled,2026-07-26_1733_sapi_e6_realtest,058f86660f,B7b8989,2026-07-26T16:33:35.984563+00:00,sapi5xml,neutral,S04,Q2,-0.6,0.6,0.7,1.0,1.0,1.0,yes,5.833,yes,fixed-text,The report on the table covers the past three months and will be read by the committee later next week.,research\sessions\2026-07-26_1733_sapi_e6_realtest\audio\sapi5xml\neutral\S04_Q2.wav,243df97ebed357a0b328852e7be39dc34e7ea3d7279d00c6581d12aa108756b3,0061ab2,v0.2-voice-params
controlled,2026-07-26_1733_sapi_e6_realtest,081b0c9d68,B7d666e,2026-07-26T16:33:37.557750+00:00,sapi5xml,rate_volume,S01,Q1,0.6,0.6,0.7,1.168,0.89,1.0,yes,4.995,yes,fixed-text,"The train from the coast reaches the station after noon, and the passengers collect their bags before the doors open.",research\sessions\2026-07-26_1733_sapi_e6_realtest\audio\sapi5xml\rate_volume\S01_Q1.wav,9d8a2ce2748518988b86b0543536cd62f1e1f8659ed931884b2063a0438a1221,0061ab2,v0.2-voice-params
controlled,2026-07-26_1733_sapi_e6_realtest,0bd13fe38e,B0f4b7d,2026-07-26T16:33:38.115117+00:00,sapi5xml,rate_volume,S03,Q3,-0.6,-0.6,0.7,0.832,0.71,1.0,yes,8.958,yes,fixed-text,"After the rain had stopped, the workers opened the gates and stacked the empty boxes along the far wall.",research\sessions\2026-07-26_1733_sapi_e6_realtest\audio\sapi5xml\rate_volume\S03_Q3.wav,5cdb3196a37240e82b6358a3ca74b85af7b39f744118b75bee918720a702f56a,0061ab2,v0.2-voice-params
controlled,2026-07-26_1733_sapi_e6_realtest,10fd23ae8f,B5e8487,2026-07-26T16:33:36.345563+00:00,sapi5xml,neutral,S05,Q4,0.6,-0.6,0.7,1.0,1.0,1.0,yes,6.754,yes,fixed-text,"He parked near the corner shop, bought a loaf of bread and a carton of milk, and walked home slowly.",research\sessions\2026-07-26_1733_sapi_e6_realtest\audio\sapi5xml\neutral\S05_Q4.wav,60e09d23f0e7750fe1fcbdf34e110d5ff360be97080b6f7a982e4401a86c02a3,0061ab2,v0.2-voice-params
controlled,2026-07-26_1733_sapi_e6_realtest,15c2a4c975,B7d6790,2026-07-26T16:33:36.590567+00:00,sapi5xml,rate,S01,Q4,0.6,-0.6,0.7,0.928,1.0,1.0,yes,7.848,yes,fixed-text,"The train from the coast reaches the station after noon, and the passengers collect their bags before the doors open.",research\sessions\2026-07-26_1733_sapi_e6_realtest\audio\sapi5xml\rate\S01_Q4.wav,b4ae03cae6212357878492e5dee9c05396ae899f6a356f420deb8274577fe71f,0061ab2,v0.2-voice-params
controlled,2026-07-26_1733_sapi_e6_realtest,16178d31d3,B0b1fbb,2026-07-26T16:33:35.522562+00:00,sapi5xml,neutral,S02,Q2,-0.6,0.6,0.7,1.0,1.0,1.0,yes,6.823,yes,fixed-text,"She placed the grey folder on the shelf, checked the list of names again, and returned to the meeting room.",research\sessions\2026-07-26_1733_sapi_e6_realtest\audio\sapi5xml\neutral\S02_Q2.wav,019fbc47306192f661425aa6a278de3da8cc2c4bffcf8107fd690ab41667dc0b,0061ab2,v0.2-voice-params
controlled,2026-07-26_1733_sapi_e6_realtest,185007da25,B7ecb39,2026-07-26T16:33:35.688568+00:00,sapi5xml,neutral,S03,Q1,0.6,0.6,0.7,1.0,1.0,1.0,yes,6.578,yes,fixed-text,"After the rain had stopped, the workers opened the gates and stacked the empty boxes along the far wall.",research\sessions\2026-07-26_1733_sapi_e6_realtest\audio\sapi5xml\neutral\S03_Q1.wav,addd7d545f53a2d059274183fc612136c373c653e23f8edb1954ffddcd7d7872,0061ab2,v0.2-voice-params
controlled,2026-07-26_1733_sapi_e6_realtest,1b170ef9bf,Bde8768,2026-07-26T16:33:35.468564+00:00,sapi5xml,neutral,S02,Q1,0.6,0.6,0.7,1.0,1.0,1.0,yes,6.823,yes,fixed-text,"She placed the grey folder on the shelf, checked the list of names again, and returned to the meeting room.",research\sessions\2026-07-26_1733_sapi_e6_realtest\audio\sapi5xml\neutral\S02_Q1.wav,019fbc47306192f661425aa6a278de3da8cc2c4bffcf8107fd690ab41667dc0b,0061ab2,v0.2-voice-params
controlled,2026-07-26_1733_sapi_e6_realtest,1d38e2d54e,B78841a,2026-07-26T16:33:35.929562+00:00,sapi5xml,neutral,S04,Q1,0.6,0.6,0.7,1.0,1.0,1.0,yes,5.833,yes,fixed-text,The report on the table covers the past three months and will be read by the committee later next week.,research\sessions\2026-07-26_1733_sapi_e6_realtest\audio\sapi5xml\neutral\S04_Q1.wav,243df97ebed357a0b328852e7be39dc34e7ea3d7279d00c6581d12aa108756b3,0061ab2,v0.2-voice-params
controlled,2026-07-26_1733_sapi_e6_realtest,1f6899152a,B0b8209,2026-07-26T16:33:35.574562+00:00,sapi5xml,neutral,S02,Q3,-0.6,-0.6,0.7,1.0,1.0,1.0,yes,6.823,yes,fixed-text,"She placed the grey folder on the shelf, checked the list of names again, and returned to the meeting room.",research\sessions\2026-07-26_1733_sapi_e6_realtest\audio\sapi5xml\neutral\S02_Q3.wav,019fbc47306192f661425aa6a278de3da8cc2c4bffcf8107fd690ab41667dc0b,0061ab2,v0.2-voice-params
controlled,2026-07-26_1733_sapi_e6_realtest,1f9daef729,B976114,2026-07-26T16:33:37.770540+00:00,sapi5xml,rate_volume,S02,Q1,0.6,0.6,0.7,1.168,0.89,1.0,yes,4.716,yes,fixed-text,"She placed the grey folder on the shelf, checked the list of names again, and returned to the meeting room.",research\sessions\2026-07-26_1733_sapi_e6_realtest\audio\sapi5xml\rate_volume\S02_Q1.wav,ba20b42dae5d72d28e794b6e01718ad4e67c8a914e6fb433bd824cb4d8e67ecc,0061ab2,v0.2-voice-params
controlled,2026-07-26_1733_sapi_e6_realtest,2015ecddd6,B4936af,2026-07-26T16:33:36.094569+00:00,sapi5xml,neutral,S04,Q4,0.6,-0.6,0.7,1.0,1.0,1.0,yes,5.833,yes,fixed-text,The report on the table covers the past three months and will be read by the committee later next week.,research\sessions\2026-07-26_1733_sapi_e6_realtest\audio\sapi5xml\neutral\S04_Q4.wav,243df97ebed357a0b328852e7be39dc34e7ea3d7279d00c6581d12aa108756b3,0061ab2,v0.2-voice-params
controlled,2026-07-26_1733_sapi_e6_realtest,2a4a2ced3e,B75d699,2026-07-26T16:33:35.812564+00:00,sapi5xml,neutral,S03,Q3,-0.6,-0.6,0.7,1.0,1.0,1.0,yes,6.578,yes,fixed-text,"After the rain had stopped, the workers opened the gates and stacked the empty boxes along the far wall.",research\sessions\2026-07-26_1733_sapi_e6_realtest\audio\sapi5xml\neutral\S03_Q3.wav,addd7d545f53a2d059274183fc612136c373c653e23f8edb1954ffddcd7d7872,0061ab2,v0.2-voice-params
controlled,2026-07-26_1733_sapi_e6_realtest,3230cfe4d7,B003388,2026-07-26T16:33:40.179267+00:00,sapi5xml,rate_volume_pitch,S05,Q4,0.6,-0.6,0.7,0.928,0.65,1.042,yes,7.388,yes,fixed-text,"He parked near the corner shop, bought a loaf of bread and a carton of milk, and walked home slowly.",research\sessions\2026-07-26_1733_sapi_e6_realtest\audio\sapi5xml\rate_volume_pitch\S05_Q4.wav,9d8ff19f3e644728e325a728423b9be2f07ca29bdecadd6affd26226b4ef1216,0061ab2,v0.2-voice-params
controlled,2026-07-26_1733_sapi_e6_realtest,3328e91ede,B12aef7,2026-07-26T16:33:39.426270+00:00,sapi5xml,rate_volume_pitch,S03,Q3,-0.6,-0.6,0.7,0.832,0.71,0.8,yes,8.958,yes,fixed-text,"After the rain had stopped, the workers opened the gates and stacked the empty boxes along the far wall.",research\sessions\2026-07-26_1733_sapi_e6_realtest\audio\sapi5xml\rate_volume_pitch\S03_Q3.wav,8dbfd200d23a0104de13a5e0012360ec5a12e910564c1d7f7b1ac0bbc0559e60,0061ab2,v0.2-voice-params
controlled,2026-07-26_1733_sapi_e6_realtest,34ec1dca5d,Ba9b920,2026-07-26T16:33:36.040568+00:00,sapi5xml,neutral,S04,Q3,-0.6,-0.6,0.7,1.0,1.0,1.0,yes,5.833,yes,fixed-text,The report on the table covers the past three months and will be read by the committee later next week.,research\sessions\2026-07-26_1733_sapi_e6_realtest\audio\sapi5xml\neutral\S04_Q3.wav,243df97ebed357a0b328852e7be39dc34e7ea3d7279d00c6581d12aa108756b3,0061ab2,v0.2-voice-params
controlled,2026-07-26_1733_sapi_e6_realtest,36303c399d,B70a689,2026-07-26T16:33:37.666539+00:00,sapi5xml,rate_volume,S01,Q3,-0.6,-0.6,0.7,0.832,0.71,1.0,yes,9.843,yes,fixed-text,"The train from the coast reaches the station after noon, and the passengers collect their bags before the doors open.",research\sessions\2026-07-26_1733_sapi_e6_realtest\audio\sapi5xml\rate_volume\S01_Q3.wav,30dbcb13b3945cad90bc9ee80b86f512777e30a898e89a07037d8b2262394b02,0061ab2,v0.2-voice-params
controlled,2026-07-26_1733_sapi_e6_realtest,38755a7b77,Bc1c31b,2026-07-26T16:33:37.956118+00:00,sapi5xml,rate_volume,S02,Q4,0.6,-0.6,0.7,0.928,0.65,1.0,yes,7.438,yes,fixed-text,"She placed the grey folder on the shelf, checked the list of names again, and returned to the meeting room.",research\sessions\2026-07-26_1733_sapi_e6_realtest\audio\sapi5xml\rate_volume\S02_Q4.wav,e8e60552e67d5ced0c7ce7eba5a221ff8d9356e453f25838374e1d84f791a5d7,0061ab2,v0.2-voice-params
controlled,2026-07-26_1733_sapi_e6_realtest,3cf0407c4b,B0241e7,2026-07-26T16:33:38.594131+00:00,sapi5xml,rate_volume,S05,Q4,0.6,-0.6,0.7,0.928,0.65,1.0,yes,7.388,yes,fixed-text,"He parked near the corner shop, bought a loaf of bread and a carton of milk, and walked home slowly.",research\sessions\2026-07-26_1733_sapi_e6_realtest\audio\sapi5xml\rate_volume\S05_Q4.wav,0052e762b82be1a55266f6a03661508914c97e8430eeaad707f546f584f1a450,0061ab2,v0.2-voice-params
controlled,2026-07-26_1733_sapi_e6_realtest,3d5eec054f,Bd0d422,2026-07-26T16:33:38.892703+00:00,sapi5xml,rate_volume_pitch,S01,Q4,0.6,-0.6,0.7,0.928,0.65,1.042,yes,7.848,yes,fixed-text,"The train from the coast reaches the station after noon, and the passengers collect their bags before the doors open.",research\sessions\2026-07-26_1733_sapi_e6_realtest\audio\sapi5xml\rate_volume_pitch\S01_Q4.wav,ecfc3c430b8b72ab1dc32ca0a462f0501fa12cb6194e1dba1552d89481bd9d80,0061ab2,v0.2-voice-params
controlled,2026-07-26_1733_sapi_e6_realtest,4449b89741,B011948,2026-07-26T16:33:36.161563+00:00,sapi5xml,neutral,S05,Q1,0.6,0.6,0.7,1.0,1.0,1.0,yes,6.754,yes,fixed-text,"He parked near the corner shop, bought a loaf of bread and a carton of milk, and walked home slowly.",research\sessions\2026-07-26_1733_sapi_e6_realtest\audio\sapi5xml\neutral\S05_Q1.wav,60e09d23f0e7750fe1fcbdf34e110d5ff360be97080b6f7a982e4401a86c02a3,0061ab2,v0.2-voice-params
controlled,2026-07-26_1733_sapi_e6_realtest,4a5b1f2a86,B113927,2026-07-26T16:33:39.836269+00:00,sapi5xml,rate_volume_pitch,S04,Q4,0.6,-0.6,0.7,0.928,0.65,1.042,yes,6.368,yes,fixed-text,The report on the table covers the past three months and will be read by the committee later next week.,research\sessions\2026-07-26_1733_sapi_e6_realtest\audio\sapi5xml\rate_volume_pitch\S04_Q4.wav,198adfb8467b3c6765339846c828e71aa6cac10f63dffac9f193a6e6f8f8f613,0061ab2,v0.2-voice-params
controlled,2026-07-26_1733_sapi_e6_realtest,4c233a5fdd,Bfd3944,2026-07-26T16:33:38.469134+00:00,sapi5xml,rate_volume,S05,Q2,-0.6,0.6,0.7,1.072,0.95,1.0,yes,5.863,yes,fixed-text,"He parked near the corner shop, bought a loaf of bread and a carton of milk, and walked home slowly.",research\sessions\2026-07-26_1733_sapi_e6_realtest\audio\sapi5xml\rate_volume\S05_Q2.wav,a0064f57bf2653d908ae32a03819618a80f6f7c63484b2a2af066954f3ee8d41,0061ab2,v0.2-voice-params
controlled,2026-07-26_1733_sapi_e6_realtest,4f94b7e984,B7ce8ee,2026-07-26T16:33:36.908709+00:00,sapi5xml,rate,S03,Q1,0.6,0.6,0.7,1.168,1.0,1.0,yes,4.548,yes,fixed-text,"After the rain had stopped, the workers opened the gates and stacked the empty boxes along the far wall.",research\sessions\2026-07-26_1733_sapi_e6_realtest\audio\sapi5xml\rate\S03_Q1.wav,c4d1d1a6ef56d543eff016e5da8b5e36a1053af943d0eca7ebe9aad8391f0c50,0061ab2,v0.2-voice-params
controlled,2026-07-26_1733_sapi_e6_realtest,51da75bce2,Bc770c2,2026-07-26T16:33:39.052275+00:00,sapi5xml,rate_volume_pitch,S02,Q2,-0.6,0.6,0.7,1.072,0.95,0.958,yes,5.948,yes,fixed-text,"She placed the grey folder on the shelf, checked the list of names again, and returned to the meeting room.",research\sessions\2026-07-26_1733_sapi_e6_realtest\audio\sapi5xml\rate_volume_pitch\S02_Q2.wav,f25fa298fedfdb10be84a322e8920bafa0d6214bd0e2767382ffa83f5a520e99,0061ab2,v0.2-voice-params
controlled,2026-07-26_1733_sapi_e6_realtest,578d891447,B45b713,2026-07-26T16:33:36.780711+00:00,sapi5xml,rate,S02,Q3,-0.6,-0.6,0.7,0.832,1.0,1.0,yes,9.328,yes,fixed-text,"She placed the grey folder on the shelf, checked the list of names again, and returned to the meeting room.",research\sessions\2026-07-26_1733_sapi_e6_realtest\audio\sapi5xml\rate\S02_Q3.wav,b3429dfbf2aa669f5fbbde33cdd71b1180ada0e929beb855f782516e9c20cb20,0061ab2,v0.2-voice-params
controlled,2026-07-26_1733_sapi_e6_realtest,58274c1360,B6698e0,2026-07-26T16:33:37.087926+00:00,sapi5xml,rate,S03,Q4,0.6,-0.6,0.7,0.928,1.0,1.0,yes,7.163,yes,fixed-text,"After the rain had stopped, the workers opened the gates and stacked the empty boxes along the far wall.",research\sessions\2026-07-26_1733_sapi_e6_realtest\audio\sapi5xml\rate\S03_Q4.wav,0c5fe9f1021c17291306e9739195586faee2316284d53ec8cd94f11cada4499b,0061ab2,v0.2-voice-params
controlled,2026-07-26_1733_sapi_e6_realtest,63fe0c2466,B1b0add,2026-07-26T16:33:38.411939+00:00,sapi5xml,rate_volume,S05,Q1,0.6,0.6,0.7,1.168,0.89,1.0,yes,4.692,yes,fixed-text,"He parked near the corner shop, bought a loaf of bread and a carton of milk, and walked home slowly.",research\sessions\2026-07-26_1733_sapi_e6_realtest\audio\sapi5xml\rate_volume\S05_Q1.wav,2fec289a8eb60dde6fc84d1f13b14a3d732bafec62f630d37e0786d246038a6c,0061ab2,v0.2-voice-params
controlled,2026-07-26_1733_sapi_e6_realtest,68eea7ec12,Ba673f8,2026-07-26T16:33:37.830544+00:00,sapi5xml,rate_volume,S02,Q2,-0.6,0.6,0.7,1.072,0.95,1.0,yes,5.948,yes,fixed-text,"She placed the grey folder on the shelf, checked the list of names again, and returned to the meeting room.",research\sessions\2026-07-26_1733_sapi_e6_realtest\audio\sapi5xml\rate_volume\S02_Q2.wav,fe1bd1182c68cf2c12a41492e521bb093d153b54921f8a6b7266449b1e920142,0061ab2,v0.2-voice-params
controlled,2026-07-26_1733_sapi_e6_realtest,69580b5861,Beaffdc,2026-07-26T16:33:38.060118+00:00,sapi5xml,rate_volume,S03,Q2,-0.6,0.6,0.7,1.072,0.95,1.0,yes,5.712,yes,fixed-text,"After the rain had stopped, the workers opened the gates and stacked the empty boxes along the far wall.",research\sessions\2026-07-26_1733_sapi_e6_realtest\audio\sapi5xml\rate_volume\S03_Q2.wav,b6cab511502e1ed6ea31b837dabbd52f598acc53ed909229a521101fb62da59c,0061ab2,v0.2-voice-params
controlled,2026-07-26_1733_sapi_e6_realtest,6b07b6ccc4,Bd38ca8,2026-07-26T16:33:35.387563+00:00,sapi5xml,neutral,S01,Q4,0.6,-0.6,0.7,1.0,1.0,1.0,yes,7.213,yes,fixed-text,"The train from the coast reaches the station after noon, and the passengers collect their bags before the doors open.",research\sessions\2026-07-26_1733_sapi_e6_realtest\audio\sapi5xml\neutral\S01_Q4.wav,a5ec1bb6db1bcc3f205df601dea73279762fd0503d804e39489277fed6ff772d,0061ab2,v0.2-voice-params
controlled,2026-07-26_1733_sapi_e6_realtest,6b531b5ff3,Baae56c,2026-07-26T16:33:37.505793+00:00,sapi5xml,rate,S05,Q4,0.6,-0.6,0.7,0.928,1.0,1.0,yes,7.388,yes,fixed-text,"He parked near the corner shop, bought a loaf of bread and a carton of milk, and walked home slowly.",research\sessions\2026-07-26_1733_sapi_e6_realtest\audio\sapi5xml\rate\S05_Q4.wav,3be51699b89f913147474b37c7c4dec96999f8e791f60d698c1f37ec02b0e8d9,0061ab2,v0.2-voice-params
controlled,2026-07-26_1733_sapi_e6_realtest,6fd156c61c,Bdfbfd6,2026-07-26T16:33:36.215563+00:00,sapi5xml,neutral,S05,Q2,-0.6,0.6,0.7,1.0,1.0,1.0,yes,6.754,yes,fixed-text,"He parked near the corner shop, bought a loaf of bread and a carton of milk, and walked home slowly.",research\sessions\2026-07-26_1733_sapi_e6_realtest\audio\sapi5xml\neutral\S05_Q2.wav,60e09d23f0e7750fe1fcbdf34e110d5ff360be97080b6f7a982e4401a86c02a3,0061ab2,v0.2-voice-params
controlled,2026-07-26_1733_sapi_e6_realtest,7023afddf9,B062e19,2026-07-26T16:33:37.196929+00:00,sapi5xml,rate,S04,Q2,-0.6,0.6,0.7,1.072,1.0,1.0,yes,5.04,yes,fixed-text,The report on the table covers the past three months and will be read by the committee later next week.,research\sessions\2026-07-26_1733_sapi_e6_realtest\audio\sapi5xml\rate\S04_Q2.wav,e366bd42d3a5d8e6358d5a7acf9c7783e0646eb6e408711588acffd607f65609,0061ab2,v0.2-voice-params
controlled,2026-07-26_1733_sapi_e6_realtest,70cc6d9881,B113556,2026-07-26T16:33:38.540133+00:00,sapi5xml,rate_volume,S05,Q3,-0.6,-0.6,0.7,0.832,0.71,1.0,yes,9.243,yes,fixed-text,"He parked near the corner shop, bought a loaf of bread and a carton of milk, and walked home slowly.",research\sessions\2026-07-26_1733_sapi_e6_realtest\audio\sapi5xml\rate_volume\S05_Q3.wav,1425952a0f409b98fb34b96c5f05a81b574d710f2b4d31a30e14a37d8bdf5dcf,0061ab2,v0.2-voice-params
controlled,2026-07-26_1733_sapi_e6_realtest,710f136509,Ba31ee3,2026-07-26T16:33:37.025926+00:00,sapi5xml,rate,S03,Q3,-0.6,-0.6,0.7,0.832,1.0,1.0,yes,8.958,yes,fixed-text,"After the rain had stopped, the workers opened the gates and stacked the empty boxes along the far wall.",research\sessions\2026-07-26_1733_sapi_e6_realtest\audio\sapi5xml\rate\S03_Q3.wav,7fa3f6496604ee1de9a94b3e563a649a9144e4d370195244e87aae0994fcd82d,0061ab2,v0.2-voice-params
controlled,2026-07-26_1733_sapi_e6_realtest,74688150ae,B985c70,2026-07-26T16:33:38.362156+00:00,sapi5xml,rate_volume,S04,Q4,0.6,-0.6,0.7,0.928,0.65,1.0,yes,6.368,yes,fixed-text,The report on the table covers the past three months and will be read by the committee later next week.,research\sessions\2026-07-26_1733_sapi_e6_realtest\audio\sapi5xml\rate_volume\S04_Q4.wav,f3025810b7e79175ffee9689372ccdfc62d4df5237235058be0f82f648c20263,0061ab2,v0.2-voice-params
controlled,2026-07-26_1733_sapi_e6_realtest,82e31a2bf0,Bb18d22,2026-07-26T16:33:38.260123+00:00,sapi5xml,rate_volume,S04,Q2,-0.6,0.6,0.7,1.072,0.95,1.0,yes,5.04,yes,fixed-text,The report on the table covers the past three months and will be read by the committee later next week.,research\sessions\2026-07-26_1733_sapi_e6_realtest\audio\sapi5xml\rate_volume\S04_Q2.wav,8cf5b2f904c2db0c771668cdf1c6fd086cf1393bde8385c6485b0175628de1aa,0061ab2,v0.2-voice-params
controlled,2026-07-26_1733_sapi_e6_realtest,84fc48efed,B47336e,2026-07-26T16:33:35.215471+00:00,sapi5xml,neutral,S01,Q1,0.6,0.6,0.7,1.0,1.0,1.0,yes,7.213,yes,fixed-text,"The train from the coast reaches the station after noon, and the passengers collect their bags before the doors open.",research\sessions\2026-07-26_1733_sapi_e6_realtest\audio\sapi5xml\neutral\S01_Q1.wav,a5ec1bb6db1bcc3f205df601dea73279762fd0503d804e39489277fed6ff772d,0061ab2,v0.2-voice-params
controlled,2026-07-26_1733_sapi_e6_realtest,8f8b2a7403,B642b8d,2026-07-26T16:33:39.320267+00:00,sapi5xml,rate_volume_pitch,S03,Q2,-0.6,0.6,0.7,1.072,0.95,0.958,yes,5.712,yes,fixed-text,"After the rain had stopped, the workers opened the gates and stacked the empty boxes along the far wall.",research\sessions\2026-07-26_1733_sapi_e6_realtest\audio\sapi5xml\rate_volume_pitch\S03_Q2.wav,249d0258afbbd8f7c0138e3865128682ae340df4af84ca5d65d93eca6f418964,0061ab2,v0.2-voice-params
controlled,2026-07-26_1733_sapi_e6_realtest,8fdeb5e16e,B6af5ae,2026-07-26T16:33:35.335475+00:00,sapi5xml,neutral,S01,Q3,-0.6,-0.6,0.7,1.0,1.0,1.0,yes,7.213,yes,fixed-text,"The train from the coast reaches the station after noon, and the passengers collect their bags before the doors open.",research\sessions\2026-07-26_1733_sapi_e6_realtest\audio\sapi5xml\neutral\S01_Q3.wav,a5ec1bb6db1bcc3f205df601dea73279762fd0503d804e39489277fed6ff772d,0061ab2,v0.2-voice-params
controlled,2026-07-26_1733_sapi_e6_realtest,95a2fd8266,Bbaf721,2026-07-26T16:33:38.165118+00:00,sapi5xml,rate_volume,S03,Q4,0.6,-0.6,0.7,0.928,0.65,1.0,yes,7.163,yes,fixed-text,"After the rain had stopped, the workers opened the gates and stacked the empty boxes along the far wall.",research\sessions\2026-07-26_1733_sapi_e6_realtest\audio\sapi5xml\rate_volume\S03_Q4.wav,a99dc4eb5547940d6937882feca98e88047f8624f62a79b50e48c700b5b0f45f,0061ab2,v0.2-voice-params
controlled,2026-07-26_1733_sapi_e6_realtest,96e30f94a7,Bb5a493,2026-07-26T16:33:38.709702+00:00,sapi5xml,rate_volume_pitch,S01,Q2,-0.6,0.6,0.7,1.072,0.95,0.958,yes,6.265,yes,fixed-text,"The train from the coast reaches the station after noon, and the passengers collect their bags before the doors open.",research\sessions\2026-07-26_1733_sapi_e6_realtest\audio\sapi5xml\rate_volume_pitch\S01_Q2.wav,3d7aaf7155778ee0db2c334fe4149f7c5887dc4e451a634c44a67e9f48bea60d,0061ab2,v0.2-voice-params
controlled,2026-07-26_1733_sapi_e6_realtest,97a45c7b91,B190bd3,2026-07-26T16:33:39.741267+00:00,sapi5xml,rate_volume_pitch,S04,Q3,-0.6,-0.6,0.7,0.832,0.71,0.8,yes,7.918,yes,fixed-text,The report on the table covers the past three months and will be read by the committee later next week.,research\sessions\2026-07-26_1733_sapi_e6_realtest\audio\sapi5xml\rate_volume_pitch\S04_Q3.wav,51e6b1c01c122eca51f02900f0c8ed0a35256e8c9992e22e3a92fc67406d856d,0061ab2,v0.2-voice-params
controlled,2026-07-26_1733_sapi_e6_realtest,9dfd6bdb49,Bb80724,2026-07-26T16:33:39.526267+00:00,sapi5xml,rate_volume_pitch,S03,Q4,0.6,-0.6,0.7,0.928,0.65,1.042,yes,7.163,yes,fixed-text,"After the rain had stopped, the workers opened the gates and stacked the empty boxes along the far wall.",research\sessions\2026-07-26_1733_sapi_e6_realtest\audio\sapi5xml\rate_volume_pitch\S03_Q4.wav,c378493002b02e759734e790c6906a3660b19b9538f9dd23a55a2058be3f779f,0061ab2,v0.2-voice-params
controlled,2026-07-26_1733_sapi_e6_realtest,9e45a89cbb,B5934b6,2026-07-26T16:33:37.302963+00:00,sapi5xml,rate,S04,Q4,0.6,-0.6,0.7,0.928,1.0,1.0,yes,6.368,yes,fixed-text,The report on the table covers the past three months and will be read by the committee later next week.,research\sessions\2026-07-26_1733_sapi_e6_realtest\audio\sapi5xml\rate\S04_Q4.wav,25d290ffa4a2f10193864f824cd4bf0a5a2635627f2db40038f362d242fd820d,0061ab2,v0.2-voice-params
controlled,2026-07-26_1733_sapi_e6_realtest,9e5246321f,Bf1e84b,2026-07-26T16:33:36.528563+00:00,sapi5xml,rate,S01,Q3,-0.6,-0.6,0.7,0.832,1.0,1.0,yes,9.843,yes,fixed-text,"The train from the coast reaches the station after noon, and the passengers collect their bags before the doors open.",research\sessions\2026-07-26_1733_sapi_e6_realtest\audio\sapi5xml\rate\S01_Q3.wav,c3f845bb59d2eae83663c72e89bdfa4cae6e3614b2e712403c061a7863c52cba,0061ab2,v0.2-voice-params
controlled,2026-07-26_1733_sapi_e6_realtest,9e7248cc59,B08ebd6,2026-07-26T16:33:37.400927+00:00,sapi5xml,rate,S05,Q2,-0.6,0.6,0.7,1.072,1.0,1.0,yes,5.863,yes,fixed-text,"He parked near the corner shop, bought a loaf of bread and a carton of milk, and walked home slowly.",research\sessions\2026-07-26_1733_sapi_e6_realtest\audio\sapi5xml\rate\S05_Q2.wav,0106db37a475f198a3c932f684c9fa1115421d59b6f0efe3570fd5149f8af6a1,0061ab2,v0.2-voice-params
controlled,2026-07-26_1733_sapi_e6_realtest,a090f9911d,B187f76,2026-07-26T16:33:39.110265+00:00,sapi5xml,rate_volume_pitch,S02,Q3,-0.6,-0.6,0.7,0.832,0.71,0.8,yes,9.328,yes,fixed-text,"She placed the grey folder on the shelf, checked the list of names again, and returned to the meeting room.",research\sessions\2026-07-26_1733_sapi_e6_realtest\audio\sapi5xml\rate_volume_pitch\S02_Q3.wav,d218eed0b8210a79a89ea1751c155d57bd036025295a94077affeb6a0da5005f,0061ab2,v0.2-voice-params
controlled,2026-07-26_1733_sapi_e6_realtest,ae95663fbc,Bb2944d,2026-07-26T16:33:36.465582+00:00,sapi5xml,rate,S01,Q2,-0.6,0.6,0.7,1.072,1.0,1.0,yes,6.265,yes,fixed-text,"The train from the coast reaches the station after noon, and the passengers collect their bags before the doors open.",research\sessions\2026-07-26_1733_sapi_e6_realtest\audio\sapi5xml\rate\S01_Q2.wav,7c73949a6629543475ac02f4f549a4f028964a62997d4dfd07230aa3eef6dace,0061ab2,v0.2-voice-params
controlled,2026-07-26_1733_sapi_e6_realtest,afbb74056f,Bc3b703,2026-07-26T16:33:35.624562+00:00,sapi5xml,neutral,S02,Q4,0.6,-0.6,0.7,1.0,1.0,1.0,yes,6.823,yes,fixed-text,"She placed the grey folder on the shelf, checked the list of names again, and returned to the meeting room.",research\sessions\2026-07-26_1733_sapi_e6_realtest\audio\sapi5xml\neutral\S02_Q4.wav,019fbc47306192f661425aa6a278de3da8cc2c4bffcf8107fd690ab41667dc0b,0061ab2,v0.2-voice-params
controlled,2026-07-26_1733_sapi_e6_realtest,b29370a2e8,B195c65,2026-07-26T16:33:39.935269+00:00,sapi5xml,rate_volume_pitch,S05,Q1,0.6,0.6,0.7,1.168,0.89,1.2,yes,4.693,yes,fixed-text,"He parked near the corner shop, bought a loaf of bread and a carton of milk, and walked home slowly.",research\sessions\2026-07-26_1733_sapi_e6_realtest\audio\sapi5xml\rate_volume_pitch\S05_Q1.wav,6e4d978422b54ead7b75444a9222e6aedfe5c9728c1d246f5a2aaf5eb399d830,0061ab2,v0.2-voice-params
controlled,2026-07-26_1733_sapi_e6_realtest,b819b180cb,B92cd90,2026-07-26T16:33:40.113265+00:00,sapi5xml,rate_volume_pitch,S05,Q3,-0.6,-0.6,0.7,0.832,0.71,0.8,yes,9.243,yes,fixed-text,"He parked near the corner shop, bought a loaf of bread and a carton of milk, and walked home slowly.",research\sessions\2026-07-26_1733_sapi_e6_realtest\audio\sapi5xml\rate_volume_pitch\S05_Q3.wav,bc86c030886cc4edf52e6365e60fcf9b0079a54d61bb2b427889308229e23095,0061ab2,v0.2-voice-params
controlled,2026-07-26_1733_sapi_e6_realtest,be7fd1a0f9,Bdbe1fc,2026-07-26T16:33:35.747563+00:00,sapi5xml,neutral,S03,Q2,-0.6,0.6,0.7,1.0,1.0,1.0,yes,6.578,yes,fixed-text,"After the rain had stopped, the workers opened the gates and stacked the empty boxes along the far wall.",research\sessions\2026-07-26_1733_sapi_e6_realtest\audio\sapi5xml\neutral\S03_Q2.wav,addd7d545f53a2d059274183fc612136c373c653e23f8edb1954ffddcd7d7872,0061ab2,v0.2-voice-params
controlled,2026-07-26_1733_sapi_e6_realtest,bebf463b9c,B46ee25,2026-07-26T16:33:37.350963+00:00,sapi5xml,rate,S05,Q1,0.6,0.6,0.7,1.168,1.0,1.0,yes,4.692,yes,fixed-text,"He parked near the corner shop, bought a loaf of bread and a carton of milk, and walked home slowly.",research\sessions\2026-07-26_1733_sapi_e6_realtest\audio\sapi5xml\rate\S05_Q1.wav,c1238924993b97e79ab057a537a2d499138501976e401faa3ab6fb3378567ffa,0061ab2,v0.2-voice-params
controlled,2026-07-26_1733_sapi_e6_realtest,bfac5e6f71,B631a03,2026-07-26T16:33:37.723539+00:00,sapi5xml,rate_volume,S01,Q4,0.6,-0.6,0.7,0.928,0.65,1.0,yes,7.848,yes,fixed-text,"The train from the coast reaches the station after noon, and the passengers collect their bags before the doors open.",research\sessions\2026-07-26_1733_sapi_e6_realtest\audio\sapi5xml\rate_volume\S01_Q4.wav,247fb82b1afbb72da7f5a12725f731ed2ef3a6a15d260dcd77445bac172c7784,0061ab2,v0.2-voice-params
controlled,2026-07-26_1733_sapi_e6_realtest,bfda49b137,Bc9e7f8,2026-07-26T16:33:36.849754+00:00,sapi5xml,rate,S02,Q4,0.6,-0.6,0.7,0.928,1.0,1.0,yes,7.438,yes,fixed-text,"She placed the grey folder on the shelf, checked the list of names again, and returned to the meeting room.",research\sessions\2026-07-26_1733_sapi_e6_realtest\audio\sapi5xml\rate\S02_Q4.wav,9875f410a2904e7135b1de4df305fe65d6b420b367f94612ca3d8c1cc172b393,0061ab2,v0.2-voice-params
controlled,2026-07-26_1733_sapi_e6_realtest,c11aaf48d4,B89334b,2026-07-26T16:33:37.253924+00:00,sapi5xml,rate,S04,Q3,-0.6,-0.6,0.7,0.832,1.0,1.0,yes,7.918,yes,fixed-text,The report on the table covers the past three months and will be read by the committee later next week.,research\sessions\2026-07-26_1733_sapi_e6_realtest\audio\sapi5xml\rate\S04_Q3.wav,90a91c0d16dda9e5bc5804a65ad4b7fea35fb9764db093719bdb7ce5f44ebafd,0061ab2,v0.2-voice-params
controlled,2026-07-26_1733_sapi_e6_realtest,c26f055638,B17b1ac,2026-07-26T16:33:39.186267+00:00,sapi5xml,rate_volume_pitch,S02,Q4,0.6,-0.6,0.7,0.928,0.65,1.042,yes,7.438,yes,fixed-text,"She placed the grey folder on the shelf, checked the list of names again, and returned to the meeting room.",research\sessions\2026-07-26_1733_sapi_e6_realtest\audio\sapi5xml\rate_volume_pitch\S02_Q4.wav,4be4f129402fbea5d9b651243e875d6d6fb9d1e172a23a504040e1e7f505bcad,0061ab2,v0.2-voice-params
controlled,2026-07-26_1733_sapi_e6_realtest,cc52187694,B766b07,2026-07-26T16:33:38.309123+00:00,sapi5xml,rate_volume,S04,Q3,-0.6,-0.6,0.7,0.832,0.71,1.0,yes,7.918,yes,fixed-text,The report on the table covers the past three months and will be read by the committee later next week.,research\sessions\2026-07-26_1733_sapi_e6_realtest\audio\sapi5xml\rate_volume\S04_Q3.wav,aa30ca5fecfd518aa701a98a658dec2b5acd7e575597cb2208985c1adcb5e6f6,0061ab2,v0.2-voice-params
controlled,2026-07-26_1733_sapi_e6_realtest,d1e4f8566f,Bc99ce3,2026-07-26T16:33:36.710713+00:00,sapi5xml,rate,S02,Q2,-0.6,0.6,0.7,1.072,1.0,1.0,yes,5.948,yes,fixed-text,"She placed the grey folder on the shelf, checked the list of names again, and returned to the meeting room.",research\sessions\2026-07-26_1733_sapi_e6_realtest\audio\sapi5xml\rate\S02_Q2.wav,aa6c3c1c99186074d9f648052b1620819d7a22924a3b5fafb5563921824f4fdc,0061ab2,v0.2-voice-params
controlled,2026-07-26_1733_sapi_e6_realtest,d1ea96ea6b,B7d2892,2026-07-26T16:33:37.607797+00:00,sapi5xml,rate_volume,S01,Q2,-0.6,0.6,0.7,1.072,0.95,1.0,yes,6.265,yes,fixed-text,"The train from the coast reaches the station after noon, and the passengers collect their bags before the doors open.",research\sessions\2026-07-26_1733_sapi_e6_realtest\audio\sapi5xml\rate_volume\S01_Q2.wav,98df2457832780d87846b39609589acc600a4c8c54dba6355156a4a1914f2b90,0061ab2,v0.2-voice-params
controlled,2026-07-26_1733_sapi_e6_realtest,d29751c359,B73576d,2026-07-26T16:33:38.818703+00:00,sapi5xml,rate_volume_pitch,S01,Q3,-0.6,-0.6,0.7,0.832,0.71,0.8,yes,9.843,yes,fixed-text,"The train from the coast reaches the station after noon, and the passengers collect their bags before the doors open.",research\sessions\2026-07-26_1733_sapi_e6_realtest\audio\sapi5xml\rate_volume_pitch\S01_Q3.wav,3d9833f5fc5b903ff7826d370b4375820518a7e9efde8bf155b53b5a103d1304,0061ab2,v0.2-voice-params
controlled,2026-07-26_1733_sapi_e6_realtest,d416053a2b,B1baa43,2026-07-26T16:33:37.900539+00:00,sapi5xml,rate_volume,S02,Q3,-0.6,-0.6,0.7,0.832,0.71,1.0,yes,9.328,yes,fixed-text,"She placed the grey folder on the shelf, checked the list of names again, and returned to the meeting room.",research\sessions\2026-07-26_1733_sapi_e6_realtest\audio\sapi5xml\rate_volume\S02_Q3.wav,6dec974eb6e4b00bd81319eeae36c3f7f1ecfb40bcb151554598adc3b1ee5cd3,0061ab2,v0.2-voice-params
controlled,2026-07-26_1733_sapi_e6_realtest,d782458add,B8f17f1,2026-07-26T16:33:38.006123+00:00,sapi5xml,rate_volume,S03,Q1,0.6,0.6,0.7,1.168,0.89,1.0,yes,4.548,yes,fixed-text,"After the rain had stopped, the workers opened the gates and stacked the empty boxes along the far wall.",research\sessions\2026-07-26_1733_sapi_e6_realtest\audio\sapi5xml\rate_volume\S03_Q1.wav,705e358069fa8e9b5888e1864f2fbcff9075ac7206b6f6f91a5dde8abad87ee5,0061ab2,v0.2-voice-params
controlled,2026-07-26_1733_sapi_e6_realtest,dc605b966f,Babfe26,2026-07-26T16:33:36.960924+00:00,sapi5xml,rate,S03,Q2,-0.6,0.6,0.7,1.072,1.0,1.0,yes,5.712,yes,fixed-text,"After the rain had stopped, the workers opened the gates and stacked the empty boxes along the far wall.",research\sessions\2026-07-26_1733_sapi_e6_realtest\audio\sapi5xml\rate\S03_Q2.wav,02c323aef2b0e57035fbfb98bbc7c3eab98d76cbca687f8c40dd58f6fa63c813,0061ab2,v0.2-voice-params
controlled,2026-07-26_1733_sapi_e6_realtest,dcb9e97283,B5c345e,2026-07-26T16:33:39.591272+00:00,sapi5xml,rate_volume_pitch,S04,Q1,0.6,0.6,0.7,1.168,0.89,1.2,yes,4.021,yes,fixed-text,The report on the table covers the past three months and will be read by the committee later next week.,research\sessions\2026-07-26_1733_sapi_e6_realtest\audio\sapi5xml\rate_volume_pitch\S04_Q1.wav,3af4d20efcb6f4f9647cb0a38d1a366800c6ed44bc7544ae011a5e0693bd19aa,0061ab2,v0.2-voice-params
controlled,2026-07-26_1733_sapi_e6_realtest,de31f4fbb6,B066471,2026-07-26T16:33:39.659268+00:00,sapi5xml,rate_volume_pitch,S04,Q2,-0.6,0.6,0.7,1.072,0.95,0.958,yes,5.04,yes,fixed-text,The report on the table covers the past three months and will be read by the committee later next week.,research\sessions\2026-07-26_1733_sapi_e6_realtest\audio\sapi5xml\rate_volume_pitch\S04_Q2.wav,3803d8bc0453ee13adf224302164e47d1f22e3aff0506d2e5313f0e5cfee169f,0061ab2,v0.2-voice-params
controlled,2026-07-26_1733_sapi_e6_realtest,de637a334e,Be75e56,2026-07-26T16:33:36.406563+00:00,sapi5xml,rate,S01,Q1,0.6,0.6,0.7,1.168,1.0,1.0,yes,4.995,yes,fixed-text,"The train from the coast reaches the station after noon, and the passengers collect their bags before the doors open.",research\sessions\2026-07-26_1733_sapi_e6_realtest\audio\sapi5xml\rate\S01_Q1.wav,1b30abc6149651597b9b901febb1a35999122331919a060954bfaa93595e5e8c,0061ab2,v0.2-voice-params
controlled,2026-07-26_1733_sapi_e6_realtest,e2c1c4bb3d,B51752c,2026-07-26T16:33:37.143929+00:00,sapi5xml,rate,S04,Q1,0.6,0.6,0.7,1.168,1.0,1.0,yes,4.025,yes,fixed-text,The report on the table covers the past three months and will be read by the committee later next week.,research\sessions\2026-07-26_1733_sapi_e6_realtest\audio\sapi5xml\rate\S04_Q1.wav,11fd885db30f3357a42508a39e38c10b7878e6f520a73af16281d5df8eb16a3b,0061ab2,v0.2-voice-params
controlled,2026-07-26_1733_sapi_e6_realtest,e7ed60afa2,B66de32,2026-07-26T16:33:35.277473+00:00,sapi5xml,neutral,S01,Q2,-0.6,0.6,0.7,1.0,1.0,1.0,yes,7.213,yes,fixed-text,"The train from the coast reaches the station after noon, and the passengers collect their bags before the doors open.",research\sessions\2026-07-26_1733_sapi_e6_realtest\audio\sapi5xml\neutral\S01_Q2.wav,a5ec1bb6db1bcc3f205df601dea73279762fd0503d804e39489277fed6ff772d,0061ab2,v0.2-voice-params
controlled,2026-07-26_1733_sapi_e6_realtest,eb1195250b,B33377e,2026-07-26T16:33:36.278563+00:00,sapi5xml,neutral,S05,Q3,-0.6,-0.6,0.7,1.0,1.0,1.0,yes,6.754,yes,fixed-text,"He parked near the corner shop, bought a loaf of bread and a carton of milk, and walked home slowly.",research\sessions\2026-07-26_1733_sapi_e6_realtest\audio\sapi5xml\neutral\S05_Q3.wav,60e09d23f0e7750fe1fcbdf34e110d5ff360be97080b6f7a982e4401a86c02a3,0061ab2,v0.2-voice-params
controlled,2026-07-26_1733_sapi_e6_realtest,ecbd01eddb,Bbd88f8,2026-07-26T16:33:36.647102+00:00,sapi5xml,rate,S02,Q1,0.6,0.6,0.7,1.168,1.0,1.0,yes,4.716,yes,fixed-text,"She placed the grey folder on the shelf, checked the list of names again, and returned to the meeting room.",research\sessions\2026-07-26_1733_sapi_e6_realtest\audio\sapi5xml\rate\S02_Q1.wav,3a340392ab2450bdd790697434c70282431f9ee9eb1cd34571c2c2f6a2b183e0,0061ab2,v0.2-voice-params
controlled,2026-07-26_1733_sapi_e6_realtest,efa6d9d353,B3f1f95,2026-07-26T16:33:38.212117+00:00,sapi5xml,rate_volume,S04,Q1,0.6,0.6,0.7,1.168,0.89,1.0,yes,4.025,yes,fixed-text,The report on the table covers the past three months and will be read by the committee later next week.,research\sessions\2026-07-26_1733_sapi_e6_realtest\audio\sapi5xml\rate_volume\S04_Q1.wav,7ebe9a22e15ed2c28a4d53f03f93293b3f5c3d7c7ee626f14431aa272d668b29,0061ab2,v0.2-voice-params
controlled,2026-07-26_1733_sapi_e6_realtest,efcc05b85f,B056d74,2026-07-26T16:33:35.869569+00:00,sapi5xml,neutral,S03,Q4,0.6,-0.6,0.7,1.0,1.0,1.0,yes,6.578,yes,fixed-text,"After the rain had stopped, the workers opened the gates and stacked the empty boxes along the far wall.",research\sessions\2026-07-26_1733_sapi_e6_realtest\audio\sapi5xml\neutral\S03_Q4.wav,addd7d545f53a2d059274183fc612136c373c653e23f8edb1954ffddcd7d7872,0061ab2,v0.2-voice-params
controlled,2026-07-26_1733_sapi_e6_realtest,f455cc5139,B4e17c7,2026-07-26T16:33:38.995267+00:00,sapi5xml,rate_volume_pitch,S02,Q1,0.6,0.6,0.7,1.168,0.89,1.2,yes,4.718,yes,fixed-text,"She placed the grey folder on the shelf, checked the list of names again, and returned to the meeting room.",research\sessions\2026-07-26_1733_sapi_e6_realtest\audio\sapi5xml\rate_volume_pitch\S02_Q1.wav,2169a645013d0116d054700c78a0fb2366465aaf68630b5ade90d960181bd217,0061ab2,v0.2-voice-params
controlled,2026-07-26_1733_sapi_e6_realtest,f6e214786a,B66c22d,2026-07-26T16:33:40.026267+00:00,sapi5xml,rate_volume_pitch,S05,Q2,-0.6,0.6,0.7,1.072,0.95,0.958,yes,5.863,yes,fixed-text,"He parked near the corner shop, bought a loaf of bread and a carton of milk, and walked home slowly.",research\sessions\2026-07-26_1733_sapi_e6_realtest\audio\sapi5xml\rate_volume_pitch\S05_Q2.wav,e36589a1e7c710f829fbbe88b470dd2d8b46cc8bdf0ba88500df84ba5f7df46f,0061ab2,v0.2-voice-params
controlled,2026-07-26_1733_sapi_e6_realtest,f9f737544e,B09a684,2026-07-26T16:33:39.247268+00:00,sapi5xml,rate_volume_pitch,S03,Q1,0.6,0.6,0.7,1.168,0.89,1.2,yes,4.549,yes,fixed-text,"After the rain had stopped, the workers opened the gates and stacked the empty boxes along the far wall.",research\sessions\2026-07-26_1733_sapi_e6_realtest\audio\sapi5xml\rate_volume_pitch\S03_Q1.wav,48aa7d1543427915f5b5aa3a54f3c9f818121709c4b9c1e9ff24f283437eaac0,0061ab2,v0.2-voice-params
controlled,2026-07-26_1733_sapi_e6_realtest,fb278f842f,B7cc309,2026-07-26T16:33:38.649133+00:00,sapi5xml,rate_volume_pitch,S01,Q1,0.6,0.6,0.7,1.168,0.89,1.2,yes,4.998,yes,fixed-text,"The train from the coast reaches the station after noon, and the passengers collect their bags before the doors open.",research\sessions\2026-07-26_1733_sapi_e6_realtest\audio\sapi5xml\rate_volume_pitch\S01_Q1.wav,1addda84f4f649b6ed3e160a64d0fd2c9e1b12bc3f06979b0547495de179919f,0061ab2,v0.2-voice-params
controlled,2026-07-26_2340_espeak_check,019151ec91,B75593c,2026-07-26T22:40:35.106712+00:00,espeak,neutral,S01,Q4,0.6,-0.6,0.7,1.0,1.0,1.0,yes,6.332,yes,fixed-text,"The train from the coast reaches the station after noon, and the passengers collect their bags before the doors open.",research\sessions\2026-07-26_2340_espeak_check\audio\espeak\neutral\S01_Q4.wav,88db42484203fdc319df3381cd05cacb838fbcd25ab8545fe7177fdc1dd63c5a,f86923c,v0.3-evaluation
controlled,2026-07-26_2340_espeak_check,01f009f472,B9eee00,2026-07-26T22:40:35.557710+00:00,espeak,neutral,S02,Q3,-0.6,-0.6,0.7,1.0,1.0,1.0,yes,5.745,yes,fixed-text,"She placed the grey folder on the shelf, checked the list of names again, and returned to the meeting room.",research\sessions\2026-07-26_2340_espeak_check\audio\espeak\neutral\S02_Q3.wav,d2b2e60ee024b20ccfe4abcb181ebe4695f654b3ae95e5ac5bbff99422778abd,f86923c,v0.3-evaluation
controlled,2026-07-26_2340_espeak_check,0c01165129,B0d7ea1,2026-07-26T22:40:37.636423+00:00,espeak,rate,S01,Q2,-0.6,0.6,0.7,1.072,1.0,1.0,yes,5.881,yes,fixed-text,"The train from the coast reaches the station after noon, and the passengers collect their bags before the doors open.",research\sessions\2026-07-26_2340_espeak_check\audio\espeak\rate\S01_Q2.wav,5be9b53aeb13555f62b85bfbfb3f92799b6460cccc4224996d56bc9fc34b57ca,f86923c,v0.3-evaluation
controlled,2026-07-26_2340_espeak_check,0df3779fa4,Bc48988,2026-07-26T22:40:36.399424+00:00,espeak,neutral,S04,Q2,-0.6,0.6,0.7,1.0,1.0,1.0,yes,5.3,yes,fixed-text,The report on the table covers the past three months and will be read by the committee later next week.,research\sessions\2026-07-26_2340_espeak_check\audio\espeak\neutral\S04_Q2.wav,99c51e891a6133fa7060fe07ac2c4cd13c9ab1c5dc2824dc09a6fab259063452,f86923c,v0.3-evaluation
controlled,2026-07-26_2340_espeak_check,1204429f1b,Be23e15,2026-07-26T22:40:37.004420+00:00,espeak,neutral,S05,Q2,-0.6,0.6,0.7,1.0,1.0,1.0,yes,5.611,yes,fixed-text,"He parked near the corner shop, bought a loaf of bread and a carton of milk, and walked home slowly.",research\sessions\2026-07-26_2340_espeak_check\audio\espeak\neutral\S05_Q2.wav,d8b78c9137a60bf1f8b229085648c191dac8aea1b2a6580003507ee1ae3bbde6,f86923c,v0.3-evaluation
controlled,2026-07-26_2340_espeak_check,1d0375e86e,B326cc7,2026-07-26T22:40:43.362809+00:00,espeak,rate_volume_pitch,S03,Q1,0.6,0.6,0.7,1.168,0.89,1.2,yes,5.05,yes,fixed-text,"After the rain had stopped, the workers opened the gates and stacked the empty boxes along the far wall.",research\sessions\2026-07-26_2340_espeak_check\audio\espeak\rate_volume_pitch\S03_Q1.wav,8d6dc74d22de44e880f6714628df201e7f940ba05ac7bdb45b4f666d78d5a663,f86923c,v0.3-evaluation
controlled,2026-07-26_2340_espeak_check,1fbe2df2b4,B1cebcb,2026-07-26T22:40:37.768419+00:00,espeak,rate,S01,Q3,-0.6,-0.6,0.7,0.832,1.0,1.0,yes,7.556,yes,fixed-text,"The train from the coast reaches the station after noon, and the passengers collect their bags before the doors open.",research\sessions\2026-07-26_2340_espeak_check\audio\espeak\rate\S01_Q3.wav,807aac8d0c84f16120a15f18fe060670f2d26a96967cb6ffa5200015fae0eb1b,f86923c,v0.3-evaluation
controlled,2026-07-26_2340_espeak_check,22d7e325fd,B6dbbf4,2026-07-26T22:40:40.035084+00:00,espeak,rate_volume,S01,Q2,-0.6,0.6,0.7,1.072,0.95,1.0,yes,5.881,yes,fixed-text,"The train from the coast reaches the station after noon, and the passengers collect their bags before the doors open.",research\sessions\2026-07-26_2340_espeak_check\audio\espeak\rate_volume\S01_Q2.wav,67888faab377cf7c742bdcfdb00d1f4a11800fe14ee2fd72e1a6f338bd5efdeb,f86923c,v0.3-evaluation
controlled,2026-07-26_2340_espeak_check,29818eee10,Be689ef,2026-07-26T22:40:44.882341+00:00,espeak,rate_volume_pitch,S05,Q3,-0.6,-0.6,0.7,0.832,0.71,0.8,yes,6.831,yes,fixed-text,"He parked near the corner shop, bought a loaf of bread and a carton of milk, and walked home slowly.",research\sessions\2026-07-26_2340_espeak_check\audio\espeak\rate_volume_pitch\S05_Q3.wav,43902c81dc182381d534f162a0e548d93ac3a39fa8bb6ad95d449aaeafeeeba6,f86923c,v0.3-evaluation
controlled,2026-07-26_2340_espeak_check,2a160da6c3,B60bf51,2026-07-26T22:40:38.563597+00:00,espeak,rate,S03,Q1,0.6,0.6,0.7,1.168,1.0,1.0,yes,5.08,yes,fixed-text,"After the rain had stopped, the workers opened the gates and stacked the empty boxes along the far wall.",research\sessions\2026-07-26_2340_espeak_check\audio\espeak\rate\S03_Q1.wav,9ea74263118ef38cda19557064578db01f6902c6a1b3a652a3e679ae3c4b7efd,f86923c,v0.3-evaluation
controlled,2026-07-26_2340_espeak_check,2a198143ff,Bacf929,2026-07-26T22:40:41.977148+00:00,espeak,rate_volume,S05,Q3,-0.6,-0.6,0.7,0.832,0.71,1.0,yes,6.765,yes,fixed-text,"He parked near the corner shop, bought a loaf of bread and a carton of milk, and walked home slowly.",research\sessions\2026-07-26_2340_espeak_check\audio\espeak\rate_volume\S05_Q3.wav,da9064b21c1d64677ce107fdf205442e623856f0e794a3a4ea74d0d9681323d6,f86923c,v0.3-evaluation
controlled,2026-07-26_2340_espeak_check,2e0ad3ea45,Be69302,2026-07-26T22:40:42.325149+00:00,espeak,rate_volume_pitch,S01,Q2,-0.6,0.6,0.7,1.072,0.95,0.958,yes,5.877,yes,fixed-text,"The train from the coast reaches the station after noon, and the passengers collect their bags before the doors open.",research\sessions\2026-07-26_2340_espeak_check\audio\espeak\rate_volume_pitch\S01_Q2.wav,69736af3f6b635de1118161e2bb90d967f1fbae0293ee8d44341111c5e411f5b,f86923c,v0.3-evaluation
controlled,2026-07-26_2340_espeak_check,2eb33f2a56,Bc2f86d,2026-07-26T22:40:38.768265+00:00,espeak,rate,S03,Q3,-0.6,-0.6,0.7,0.832,1.0,1.0,yes,7.127,yes,fixed-text,"After the rain had stopped, the workers opened the gates and stacked the empty boxes along the far wall.",research\sessions\2026-07-26_2340_espeak_check\audio\espeak\rate\S03_Q3.wav,9eb8d1ee2b2bc74990065957b3b10a95a3d5a4a656fdef11d5beed68576ecd75,f86923c,v0.3-evaluation
controlled,2026-07-26_2340_espeak_check,30f0e41747,Be1c402,2026-07-26T22:40:42.583090+00:00,espeak,rate_volume_pitch,S01,Q4,0.6,-0.6,0.7,0.928,0.65,1.042,yes,6.814,yes,fixed-text,"The train from the coast reaches the station after noon, and the passengers collect their bags before the doors open.",research\sessions\2026-07-26_2340_espeak_check\audio\espeak\rate_volume_pitch\S01_Q4.wav,ada9826add2763f56eca3e5de8fa07cf711e7713d3612ef97335758cc1b7fe20,f86923c,v0.3-evaluation
controlled,2026-07-26_2340_espeak_check,3144c3c37c,Bec06df,2026-07-26T22:40:41.360408+00:00,espeak,rate_volume,S04,Q2,-0.6,0.6,0.7,1.072,0.95,1.0,yes,4.925,yes,fixed-text,The report on the table covers the past three months and will be read by the committee later next week.,research\sessions\2026-07-26_2340_espeak_check\audio\espeak\rate_volume\S04_Q2.wav,fa198964c2ce1631d654a1b3d9e0345f31c80e465aa50e690789261692c84e04,f86923c,v0.3-evaluation
controlled,2026-07-26_2340_espeak_check,32431c424c,Bb9a2e8,2026-07-26T22:40:41.768697+00:00,espeak,rate_volume,S05,Q1,0.6,0.6,0.7,1.168,0.89,1.0,yes,4.74,yes,fixed-text,"He parked near the corner shop, bought a loaf of bread and a carton of milk, and walked home slowly.",research\sessions\2026-07-26_2340_espeak_check\audio\espeak\rate_volume\S05_Q1.wav,67c83b438f7222a0ca5a6a5bad311e20b281b3efed273999056ac50353fc93f3,f86923c,v0.3-evaluation
controlled,2026-07-26_2340_espeak_check,378518e565,B2f575a,2026-07-26T22:40:40.508079+00:00,espeak,rate_volume,S02,Q2,-0.6,0.6,0.7,1.072,0.95,1.0,yes,5.326,yes,fixed-text,"She placed the grey folder on the shelf, checked the list of names again, and returned to the meeting room.",research\sessions\2026-07-26_2340_espeak_check\audio\espeak\rate_volume\S02_Q2.wav,f8510d5675f3a2a9e05cf1575103cbd14924e4aafbb4790365dc80ad4c75854e,f86923c,v0.3-evaluation
controlled,2026-07-26_2340_espeak_check,37e40d0f60,B13ca2d,2026-07-26T22:40:38.867265+00:00,espeak,rate,S03,Q4,0.6,-0.6,0.7,0.928,1.0,1.0,yes,6.436,yes,fixed-text,"After the rain had stopped, the workers opened the gates and stacked the empty boxes along the far wall.",research\sessions\2026-07-26_2340_espeak_check\audio\espeak\rate\S03_Q4.wav,393618f038499aaf7c596f0129ad0f338db40ed6a7cdbe5cfbbbb83c3382f9cf,f86923c,v0.3-evaluation
controlled,2026-07-26_2340_espeak_check,3abcf64976,B8fc0df,2026-07-26T22:40:35.962428+00:00,espeak,neutral,S03,Q2,-0.6,0.6,0.7,1.0,1.0,1.0,yes,5.953,yes,fixed-text,"After the rain had stopped, the workers opened the gates and stacked the empty boxes along the far wall.",research\sessions\2026-07-26_2340_espeak_check\audio\espeak\neutral\S03_Q2.wav,0bb61bcc9b0d93f431a36aa20871f3d8c8a947e26c60c5f03f89a2695d5603b4,f86923c,v0.3-evaluation
controlled,2026-07-26_2340_espeak_check,3dd71de7e1,B3b3fd6,2026-07-26T22:40:40.714079+00:00,espeak,rate_volume,S02,Q4,0.6,-0.6,0.7,0.928,0.65,1.0,yes,6.25,yes,fixed-text,"She placed the grey folder on the shelf, checked the list of names again, and returned to the meeting room.",research\sessions\2026-07-26_2340_espeak_check\audio\espeak\rate_volume\S02_Q4.wav,fe6040599ae62ebb3ddb60d8a9cff7ec09e238bad152f53b74fda53264afc952,f86923c,v0.3-evaluation
controlled,2026-07-26_2340_espeak_check,3ed0903b15,Be51c14,2026-07-26T22:40:45.021348+00:00,espeak,rate_volume_pitch,S05,Q4,0.6,-0.6,0.7,0.928,0.65,1.042,yes,6.065,yes,fixed-text,"He parked near the corner shop, bought a loaf of bread and a carton of milk, and walked home slowly.",research\sessions\2026-07-26_2340_espeak_check\audio\espeak\rate_volume_pitch\S05_Q4.wav,0b004f9b26de9c2aa03f99c98ce4042026366c7ad071f11ac27f1694e5984c65,f86923c,v0.3-evaluation
controlled,2026-07-26_2340_espeak_check,44b4badfb8,Bd75764,2026-07-26T22:40:41.630409+00:00,espeak,rate_volume,S04,Q4,0.6,-0.6,0.7,0.928,0.65,1.0,yes,5.75,yes,fixed-text,The report on the table covers the past three months and will be read by the committee later next week.,research\sessions\2026-07-26_2340_espeak_check\audio\espeak\rate_volume\S04_Q4.wav,e71ce1249bb3b48aa813e03db630429131211185fd7cfee9bb647678318b3c61,f86923c,v0.3-evaluation
controlled,2026-07-26_2340_espeak_check,4521ddccf8,B5e23ca,2026-07-26T22:40:42.938220+00:00,espeak,rate_volume_pitch,S02,Q2,-0.6,0.6,0.7,1.072,0.95,0.958,yes,5.333,yes,fixed-text,"She placed the grey folder on the shelf, checked the list of names again, and returned to the meeting room.",research\sessions\2026-07-26_2340_espeak_check\audio\espeak\rate_volume_pitch\S02_Q2.wav,9c4a30db0455b225b7a5dbd0d9d58ac7ab5f365c2e363a9cb976533e72978282,f86923c,v0.3-evaluation
controlled,2026-07-26_2340_espeak_check,485733f4b6,Bc8fa8a,2026-07-26T22:40:40.400085+00:00,espeak,rate_volume,S02,Q1,0.6,0.6,0.7,1.168,0.89,1.0,yes,4.93,yes,fixed-text,"She placed the grey folder on the shelf, checked the list of names again, and returned to the meeting room.",research\sessions\2026-07-26_2340_espeak_check\audio\espeak\rate_volume\S02_Q1.wav,eaf04f4c1f392afe0ab39e98f494eef14798f4f17ec39b20cb5c26f36e81037d,f86923c,v0.3-evaluation
controlled,2026-07-26_2340_espeak_check,4c9bfec58c,B7e85b7,2026-07-26T22:40:41.029085+00:00,espeak,rate_volume,S03,Q3,-0.6,-0.6,0.7,0.832,0.71,1.0,yes,7.127,yes,fixed-text,"After the rain had stopped, the workers opened the gates and stacked the empty boxes along the far wall.",research\sessions\2026-07-26_2340_espeak_check\audio\espeak\rate_volume\S03_Q3.wav,581b5ac74b67c6aaa9dc75d907e80388affb94d81a88bd341bbdacaeafbaf6e9,f86923c,v0.3-evaluation
controlled,2026-07-26_2340_espeak_check,4e979bfaf6,B2a91a4,2026-07-26T22:40:44.205653+00:00,espeak,rate_volume_pitch,S04,Q2,-0.6,0.6,0.7,1.072,0.95,0.958,yes,4.969,yes,fixed-text,The report on the table covers the past three months and will be read by the committee later next week.,research\sessions\2026-07-26_2340_espeak_check\audio\espeak\rate_volume_pitch\S04_Q2.wav,af82a08bf55eb6a07c693271bef329bf0e5b75f25f8138890906852987b960d9,f86923c,v0.3-evaluation
controlled,2026-07-26_2340_espeak_check,519b1de40c,B1c7e56,2026-07-26T22:40:43.235815+00:00,espeak,rate_volume_pitch,S02,Q4,0.6,-0.6,0.7,0.928,0.65,1.042,yes,6.24,yes,fixed-text,"She placed the grey folder on the shelf, checked the list of names again, and returned to the meeting room.",research\sessions\2026-07-26_2340_espeak_check\audio\espeak\rate_volume_pitch\S02_Q4.wav,88eae5daccaaf82574fd7e09e0bb2bd53c81cb43310583ac6e3615ff6ee049d5,f86923c,v0.3-evaluation
controlled,2026-07-26_2340_espeak_check,520bfe3886,Bc428da,2026-07-26T22:40:36.301436+00:00,espeak,neutral,S04,Q1,0.6,0.6,0.7,1.0,1.0,1.0,yes,5.3,yes,fixed-text,The report on the table covers the past three months and will be read by the committee later next week.,research\sessions\2026-07-26_2340_espeak_check\audio\espeak\neutral\S04_Q1.wav,99c51e891a6133fa7060fe07ac2c4cd13c9ab1c5dc2824dc09a6fab259063452,f86923c,v0.3-evaluation
controlled,2026-07-26_2340_espeak_check,59e9038b50,Bdf3aa9,2026-07-26T22:40:44.068652+00:00,espeak,rate_volume_pitch,S04,Q1,0.6,0.6,0.7,1.168,0.89,1.2,yes,4.583,yes,fixed-text,The report on the table covers the past three months and will be read by the committee later next week.,research\sessions\2026-07-26_2340_espeak_check\audio\espeak\rate_volume_pitch\S04_Q1.wav,b2fa772d80c4250feef1e71aa04f05d909c2ac8e4eb9807a761e43ac294ab319,f86923c,v0.3-evaluation
controlled,2026-07-26_2340_espeak_check,5beecfab71,B944f3c,2026-07-26T22:40:35.388710+00:00,espeak,neutral,S02,Q2,-0.6,0.6,0.7,1.0,1.0,1.0,yes,5.745,yes,fixed-text,"She placed the grey folder on the shelf, checked the list of names again, and returned to the meeting room.",research\sessions\2026-07-26_2340_espeak_check\audio\espeak\neutral\S02_Q2.wav,d2b2e60ee024b20ccfe4abcb181ebe4695f654b3ae95e5ac5bbff99422778abd,f86923c,v0.3-evaluation
controlled,2026-07-26_2340_espeak_check,5bf365a978,Bcb27c6,2026-07-26T22:40:34.694709+00:00,espeak,neutral,S01,Q1,0.6,0.6,0.7,1.0,1.0,1.0,yes,6.332,yes,fixed-text,"The train from the coast reaches the station after noon, and the passengers collect their bags before the doors open.",research\sessions\2026-07-26_2340_espeak_check\audio\espeak\neutral\S01_Q1.wav,88db42484203fdc319df3381cd05cacb838fbcd25ab8545fe7177fdc1dd63c5a,f86923c,v0.3-evaluation
controlled,2026-07-26_2340_espeak_check,5d1df81ad2,B743a24,2026-07-26T22:40:37.927040+00:00,espeak,rate,S01,Q4,0.6,-0.6,0.7,0.928,1.0,1.0,yes,6.849,yes,fixed-text,"The train from the coast reaches the station after noon, and the passengers collect their bags before the doors open.",research\sessions\2026-07-26_2340_espeak_check\audio\espeak\rate\S01_Q4.wav,062f90d69f2873afc1bba5384e8ecaee95e7e6341837a2a8e16e758d3d329f3f,f86923c,v0.3-evaluation
controlled,2026-07-26_2340_espeak_check,5faa5fdb97,B5080fe,2026-07-26T22:40:39.449258+00:00,espeak,rate,S05,Q1,0.6,0.6,0.7,1.168,1.0,1.0,yes,4.74,yes,fixed-text,"He parked near the corner shop, bought a loaf of bread and a carton of milk, and walked home slowly.",research\sessions\2026-07-26_2340_espeak_check\audio\espeak\rate\S05_Q1.wav,680845ba17a3d93ca4a56e57a417638b6f0a9630433c074c8c95998a2b93088d,f86923c,v0.3-evaluation
controlled,2026-07-26_2340_espeak_check,6524685ece,B3dd9e6,2026-07-26T22:40:35.672710+00:00,espeak,neutral,S02,Q4,0.6,-0.6,0.7,1.0,1.0,1.0,yes,5.745,yes,fixed-text,"She placed the grey folder on the shelf, checked the list of names again, and returned to the meeting room.",research\sessions\2026-07-26_2340_espeak_check\audio\espeak\neutral\S02_Q4.wav,d2b2e60ee024b20ccfe4abcb181ebe4695f654b3ae95e5ac5bbff99422778abd,f86923c,v0.3-evaluation
controlled,2026-07-26_2340_espeak_check,65c941ae5f,B2643f6,2026-07-26T22:40:40.615079+00:00,espeak,rate_volume,S02,Q3,-0.6,-0.6,0.7,0.832,0.71,1.0,yes,6.927,yes,fixed-text,"She placed the grey folder on the shelf, checked the list of names again, and returned to the meeting room.",research\sessions\2026-07-26_2340_espeak_check\audio\espeak\rate_volume\S02_Q3.wav,681d369476383ce021d505e0712ed30fba7acc24300561c6f5e9f88900974e18,f86923c,v0.3-evaluation
controlled,2026-07-26_2340_espeak_check,65e1f7f46c,Bcd1748,2026-07-26T22:40:38.667945+00:00,espeak,rate,S03,Q2,-0.6,0.6,0.7,1.072,1.0,1.0,yes,5.502,yes,fixed-text,"After the rain had stopped, the workers opened the gates and stacked the empty boxes along the far wall.",research\sessions\2026-07-26_2340_espeak_check\audio\espeak\rate\S03_Q2.wav,9f173bfde8a9f6e7e55a9ba97799f984737990a33deec32666e842075a224fe6,f86923c,v0.3-evaluation
controlled,2026-07-26_2340_espeak_check,66614d13da,Bffd9dd,2026-07-26T22:40:35.256710+00:00,espeak,neutral,S02,Q1,0.6,0.6,0.7,1.0,1.0,1.0,yes,5.745,yes,fixed-text,"She placed the grey folder on the shelf, checked the list of names again, and returned to the meeting room.",research\sessions\2026-07-26_2340_espeak_check\audio\espeak\neutral\S02_Q1.wav,d2b2e60ee024b20ccfe4abcb181ebe4695f654b3ae95e5ac5bbff99422778abd,f86923c,v0.3-evaluation
controlled,2026-07-26_2340_espeak_check,6ae85ae07f,B4fd481,2026-07-26T22:40:34.874708+00:00,espeak,neutral,S01,Q2,-0.6,0.6,0.7,1.0,1.0,1.0,yes,6.332,yes,fixed-text,"The train from the coast reaches the station after noon, and the passengers collect their bags before the doors open.",research\sessions\2026-07-26_2340_espeak_check\audio\espeak\neutral\S01_Q2.wav,88db42484203fdc319df3381cd05cacb838fbcd25ab8545fe7177fdc1dd63c5a,f86923c,v0.3-evaluation
controlled,2026-07-26_2340_espeak_check,6b66e4068c,Ba85b3b,2026-07-26T22:40:34.994709+00:00,espeak,neutral,S01,Q3,-0.6,-0.6,0.7,1.0,1.0,1.0,yes,6.332,yes,fixed-text,"The train from the coast reaches the station after noon, and the passengers collect their bags before the doors open.",research\sessions\2026-07-26_2340_espeak_check\audio\espeak\neutral\S01_Q3.wav,88db42484203fdc319df3381cd05cacb838fbcd25ab8545fe7177fdc1dd63c5a,f86923c,v0.3-evaluation
controlled,2026-07-26_2340_espeak_check,6f6aaa0840,B2935d9,2026-07-26T22:40:41.873154+00:00,espeak,rate_volume,S05,Q2,-0.6,0.6,0.7,1.072,0.95,1.0,yes,5.146,yes,fixed-text,"He parked near the corner shop, bought a loaf of bread and a carton of milk, and walked home slowly.",research\sessions\2026-07-26_2340_espeak_check\audio\espeak\rate_volume\S05_Q2.wav,1a3921a069ae7c10dd912eea2c3054098f673d84e68c704972c282e56d59c677,f86923c,v0.3-evaluation
controlled,2026-07-26_2340_espeak_check,71b03615e2,B98fc32,2026-07-26T22:40:41.250232+00:00,espeak,rate_volume,S04,Q1,0.6,0.6,0.7,1.168,0.89,1.0,yes,4.581,yes,fixed-text,The report on the table covers the past three months and will be read by the committee later next week.,research\sessions\2026-07-26_2340_espeak_check\audio\espeak\rate_volume\S04_Q1.wav,a0fbbb0391929525d02d5a9d814142f3b13620c2b73128c05b48dae6664d0086,f86923c,v0.3-evaluation
controlled,2026-07-26_2340_espeak_check,73aa59558e,Bc18116,2026-07-26T22:40:42.709219+00:00,espeak,rate_volume_pitch,S02,Q1,0.6,0.6,0.7,1.168,0.89,1.2,yes,4.907,yes,fixed-text,"She placed the grey folder on the shelf, checked the list of names again, and returned to the meeting room.",research\sessions\2026-07-26_2340_espeak_check\audio\espeak\rate_volume_pitch\S02_Q1.wav,0c28b0579f879dced04458435c938e2e3fe317484866cc004d5777b7983a8a1b,f86923c,v0.3-evaluation
controlled,2026-07-26_2340_espeak_check,74ff3a0f4f,B4f2ff9,2026-07-26T22:40:37.182487+00:00,espeak,neutral,S05,Q3,-0.6,-0.6,0.7,1.0,1.0,1.0,yes,5.611,yes,fixed-text,"He parked near the corner shop, bought a loaf of bread and a carton of milk, and walked home slowly.",research\sessions\2026-07-26_2340_espeak_check\audio\espeak\neutral\S05_Q3.wav,d8b78c9137a60bf1f8b229085648c191dac8aea1b2a6580003507ee1ae3bbde6,f86923c,v0.3-evaluation
controlled,2026-07-26_2340_espeak_check,7867a16147,Bfe2389,2026-07-26T22:40:36.074454+00:00,espeak,neutral,S03,Q3,-0.6,-0.6,0.7,1.0,1.0,1.0,yes,5.953,yes,fixed-text,"After the rain had stopped, the workers opened the gates and stacked the empty boxes along the far wall.",research\sessions\2026-07-26_2340_espeak_check\audio\espeak\neutral\S03_Q3.wav,0bb61bcc9b0d93f431a36aa20871f3d8c8a947e26c60c5f03f89a2695d5603b4,f86923c,v0.3-evaluation
controlled,2026-07-26_2340_espeak_check,7a2b628b7c,B530806,2026-07-26T22:40:41.489407+00:00,espeak,rate_volume,S04,Q3,-0.6,-0.6,0.7,0.832,0.71,1.0,yes,6.362,yes,fixed-text,The report on the table covers the past three months and will be read by the committee later next week.,research\sessions\2026-07-26_2340_espeak_check\audio\espeak\rate_volume\S04_Q3.wav,8a62debb12be031ef4e7a8ff62e57f751b48ce1787b213fc6a794f1bf570ec54,f86923c,v0.3-evaluation
controlled,2026-07-26_2340_espeak_check,7b2bae9fe2,B099dcf,2026-07-26T22:40:38.459597+00:00,espeak,rate,S02,Q4,0.6,-0.6,0.7,0.928,1.0,1.0,yes,6.25,yes,fixed-text,"She placed the grey folder on the shelf, checked the list of names again, and returned to the meeting room.",research\sessions\2026-07-26_2340_espeak_check\audio\espeak\rate\S02_Q4.wav,07168088c32a98f186cffcc12a1cf07a98b790f33c575be0f1e6c95b67a82032,f86923c,v0.3-evaluation
controlled,2026-07-26_2340_espeak_check,7ba6e8189f,B9d27b7,2026-07-26T22:40:36.501418+00:00,espeak,neutral,S04,Q3,-0.6,-0.6,0.7,1.0,1.0,1.0,yes,5.3,yes,fixed-text,The report on the table covers the past three months and will be read by the committee later next week.,research\sessions\2026-07-26_2340_espeak_check\audio\espeak\neutral\S04_Q3.wav,99c51e891a6133fa7060fe07ac2c4cd13c9ab1c5dc2824dc09a6fab259063452,f86923c,v0.3-evaluation
controlled,2026-07-26_2340_espeak_check,861cb45ed2,Bdcf564,2026-07-26T22:40:42.436149+00:00,espeak,rate_volume_pitch,S01,Q3,-0.6,-0.6,0.7,0.832,0.71,0.8,yes,7.562,yes,fixed-text,"The train from the coast reaches the station after noon, and the passengers collect their bags before the doors open.",research\sessions\2026-07-26_2340_espeak_check\audio\espeak\rate_volume_pitch\S01_Q3.wav,38f3b70bc47a9552619749819aa50fdc77a3f7bb632d2c980dece3aa6c6033d6,f86923c,v0.3-evaluation
controlled,2026-07-26_2340_espeak_check,86d18bd77b,B5668bb,2026-07-26T22:40:44.751346+00:00,espeak,rate_volume_pitch,S05,Q2,-0.6,0.6,0.7,1.072,0.95,0.958,yes,5.138,yes,fixed-text,"He parked near the corner shop, bought a loaf of bread and a carton of milk, and walked home slowly.",research\sessions\2026-07-26_2340_espeak_check\audio\espeak\rate_volume_pitch\S05_Q2.wav,8ee12b158553f354e892395f1bf6a173f0474599975a93262dfa8c4a31b9eaa0,f86923c,v0.3-evaluation
controlled,2026-07-26_2340_espeak_check,8ce6287f50,B11c3f7,2026-07-26T22:40:38.208597+00:00,espeak,rate,S02,Q2,-0.6,0.6,0.7,1.072,1.0,1.0,yes,5.326,yes,fixed-text,"She placed the grey folder on the shelf, checked the list of names again, and returned to the meeting room.",research\sessions\2026-07-26_2340_espeak_check\audio\espeak\rate\S02_Q2.wav,050b614b9ffc88c4b87cc34b44751071a45346cf904edfe3dc949589d99e81bb,f86923c,v0.3-evaluation
controlled,2026-07-26_2340_espeak_check,912d1ff730,B17e140,2026-07-26T22:40:39.574259+00:00,espeak,rate,S05,Q2,-0.6,0.6,0.7,1.072,1.0,1.0,yes,5.146,yes,fixed-text,"He parked near the corner shop, bought a loaf of bread and a carton of milk, and walked home slowly.",research\sessions\2026-07-26_2340_espeak_check\audio\espeak\rate\S05_Q2.wav,a8b7cb717b39ae9ff1c2be9d7f87b4563416d552d6e4e6182dec32ac6b5f1129,f86923c,v0.3-evaluation
controlled,2026-07-26_2340_espeak_check,93d00b9e9a,B7ac380,2026-07-26T22:40:44.622340+00:00,espeak,rate_volume_pitch,S05,Q1,0.6,0.6,0.7,1.168,0.89,1.2,yes,4.716,yes,fixed-text,"He parked near the corner shop, bought a loaf of bread and a carton of milk, and walked home slowly.",research\sessions\2026-07-26_2340_espeak_check\audio\espeak\rate_volume_pitch\S05_Q1.wav,2857fb63d2db584e4bad548ce6135efdc630323cc6c7d8319bfaf4ef1e43d95a,f86923c,v0.3-evaluation
controlled,2026-07-26_2340_espeak_check,9593c41c42,Bf1113d,2026-07-26T22:40:36.761435+00:00,espeak,neutral,S05,Q1,0.6,0.6,0.7,1.0,1.0,1.0,yes,5.611,yes,fixed-text,"He parked near the corner shop, bought a loaf of bread and a carton of milk, and walked home slowly.",research\sessions\2026-07-26_2340_espeak_check\audio\espeak\neutral\S05_Q1.wav,d8b78c9137a60bf1f8b229085648c191dac8aea1b2a6580003507ee1ae3bbde6,f86923c,v0.3-evaluation
controlled,2026-07-26_2340_espeak_check,970edd6b20,B03da36,2026-07-26T22:40:39.345301+00:00,espeak,rate,S04,Q4,0.6,-0.6,0.7,0.928,1.0,1.0,yes,5.75,yes,fixed-text,The report on the table covers the past three months and will be read by the committee later next week.,research\sessions\2026-07-26_2340_espeak_check\audio\espeak\rate\S04_Q4.wav,fb167f02b0c3f52c42ab213bb845fbcffdb6067615ab14d3d7f7d4e847489bd9,f86923c,v0.3-evaluation
controlled,2026-07-26_2340_espeak_check,97511f18d3,B4cc887,2026-07-26T22:40:40.284080+00:00,espeak,rate_volume,S01,Q4,0.6,-0.6,0.7,0.928,0.65,1.0,yes,6.849,yes,fixed-text,"The train from the coast reaches the station after noon, and the passengers collect their bags before the doors open.",research\sessions\2026-07-26_2340_espeak_check\audio\espeak\rate_volume\S01_Q4.wav,e00beea5334a4899c028f5968abc70bfb07e37a1b6026d68dead63a04e7a33d7,f86923c,v0.3-evaluation
controlled,2026-07-26_2340_espeak_check,9c295207a7,B3f9bc5,2026-07-26T22:40:41.129082+00:00,espeak,rate_volume,S03,Q4,0.6,-0.6,0.7,0.928,0.65,1.0,yes,6.436,yes,fixed-text,"After the rain had stopped, the workers opened the gates and stacked the empty boxes along the far wall.",research\sessions\2026-07-26_2340_espeak_check\audio\espeak\rate_volume\S03_Q4.wav,4abef56e27a5d6802c89243b229e8689b3c8fed9a65ec051c95e5903ea836707,f86923c,v0.3-evaluation
controlled,2026-07-26_2340_espeak_check,9cb9f14ad6,B7c9d31,2026-07-26T22:40:39.793873+00:00,espeak,rate,S05,Q4,0.6,-0.6,0.7,0.928,1.0,1.0,yes,6.066,yes,fixed-text,"He parked near the corner shop, bought a loaf of bread and a carton of milk, and walked home slowly.",research\sessions\2026-07-26_2340_espeak_check\audio\espeak\rate\S05_Q4.wav,2fa88b860681ac387f2c0073e1b5a2925f12697f0e177bbbdf3d34d5361c7cfc,f86923c,v0.3-evaluation
controlled,2026-07-26_2340_espeak_check,9defa52142,Bb3982d,2026-07-26T22:40:36.187418+00:00,espeak,neutral,S03,Q4,0.6,-0.6,0.7,1.0,1.0,1.0,yes,5.953,yes,fixed-text,"After the rain had stopped, the workers opened the gates and stacked the empty boxes along the far wall.",research\sessions\2026-07-26_2340_espeak_check\audio\espeak\neutral\S03_Q4.wav,0bb61bcc9b0d93f431a36aa20871f3d8c8a947e26c60c5f03f89a2695d5603b4,f86923c,v0.3-evaluation
controlled,2026-07-26_2340_espeak_check,a1c82c69f9,B02ecc3,2026-07-26T22:40:42.079150+00:00,espeak,rate_volume,S05,Q4,0.6,-0.6,0.7,0.928,0.65,1.0,yes,6.066,yes,fixed-text,"He parked near the corner shop, bought a loaf of bread and a carton of milk, and walked home slowly.",research\sessions\2026-07-26_2340_espeak_check\audio\espeak\rate_volume\S05_Q4.wav,d9675259797bec887b3c4cb0d661aec5600ab6ab25f39b692a00615f1133107d,f86923c,v0.3-evaluation
controlled,2026-07-26_2340_espeak_check,a3e153d802,B5854ac,2026-07-26T22:40:39.688265+00:00,espeak,rate,S05,Q3,-0.6,-0.6,0.7,0.832,1.0,1.0,yes,6.765,yes,fixed-text,"He parked near the corner shop, bought a loaf of bread and a carton of milk, and walked home slowly.",research\sessions\2026-07-26_2340_espeak_check\audio\espeak\rate\S05_Q3.wav,facde7de47cf0d5d4f4d0b65238f03b7c4ef412f744301f6010b74cdc2177c00,f86923c,v0.3-evaluation
controlled,2026-07-26_2340_espeak_check,af5684b13d,B24b265,2026-07-26T22:40:43.536810+00:00,espeak,rate_volume_pitch,S03,Q2,-0.6,0.6,0.7,1.072,0.95,0.958,yes,5.526,yes,fixed-text,"After the rain had stopped, the workers opened the gates and stacked the empty boxes along the far wall.",research\sessions\2026-07-26_2340_espeak_check\audio\espeak\rate_volume_pitch\S03_Q2.wav,d7c282846553a102be3d3b0645b09304f365ae86962f410dd833eba2eedaf638,f86923c,v0.3-evaluation
controlled,2026-07-26_2340_espeak_check,b028879b37,Bd7df8b,2026-07-26T22:40:37.310418+00:00,espeak,neutral,S05,Q4,0.6,-0.6,0.7,1.0,1.0,1.0,yes,5.611,yes,fixed-text,"He parked near the corner shop, bought a loaf of bread and a carton of milk, and walked home slowly.",research\sessions\2026-07-26_2340_espeak_check\audio\espeak\neutral\S05_Q4.wav,d8b78c9137a60bf1f8b229085648c191dac8aea1b2a6580003507ee1ae3bbde6,f86923c,v0.3-evaluation
controlled,2026-07-26_2340_espeak_check,b0d31cc2ed,B0d055a,2026-07-26T22:40:43.927690+00:00,espeak,rate_volume_pitch,S03,Q4,0.6,-0.6,0.7,0.928,0.65,1.042,yes,6.432,yes,fixed-text,"After the rain had stopped, the workers opened the gates and stacked the empty boxes along the far wall.",research\sessions\2026-07-26_2340_espeak_check\audio\espeak\rate_volume_pitch\S03_Q4.wav,8572eb63d148efe786d78a4a5242f1b13dbb5cb795d4393494a653c05311e020,f86923c,v0.3-evaluation
controlled,2026-07-26_2340_espeak_check,b6572747a4,B41011e,2026-07-26T22:40:40.176079+00:00,espeak,rate_volume,S01,Q3,-0.6,-0.6,0.7,0.832,0.71,1.0,yes,7.556,yes,fixed-text,"The train from the coast reaches the station after noon, and the passengers collect their bags before the doors open.",research\sessions\2026-07-26_2340_espeak_check\audio\espeak\rate_volume\S01_Q3.wav,913a46f5525b7307e132784f71f6da72b97f56349e729c31cf0b0fa299589905,f86923c,v0.3-evaluation
controlled,2026-07-26_2340_espeak_check,ba41998787,B39ed86,2026-07-26T22:40:40.812078+00:00,espeak,rate_volume,S03,Q1,0.6,0.6,0.7,1.168,0.89,1.0,yes,5.08,yes,fixed-text,"After the rain had stopped, the workers opened the gates and stacked the empty boxes along the far wall.",research\sessions\2026-07-26_2340_espeak_check\audio\espeak\rate_volume\S03_Q1.wav,22f982ec164e06869a75818e8b7293264ca78b7f45291bd3b5e38dc149b77326,f86923c,v0.3-evaluation
controlled,2026-07-26_2340_espeak_check,bfb9050f1a,B06b6a2,2026-07-26T22:40:43.742815+00:00,espeak,rate_volume_pitch,S03,Q3,-0.6,-0.6,0.7,0.832,0.71,0.8,yes,7.183,yes,fixed-text,"After the rain had stopped, the workers opened the gates and stacked the empty boxes along the far wall.",research\sessions\2026-07-26_2340_espeak_check\audio\espeak\rate_volume_pitch\S03_Q3.wav,3e00edfbeeabda3f382e25cbca8000413f47af2f812fe9ccb7eff7beb524006d,f86923c,v0.3-evaluation
controlled,2026-07-26_2340_espeak_check,c2ae8dad23,B06b3e8,2026-07-26T22:40:42.219162+00:00,espeak,rate_volume_pitch,S01,Q1,0.6,0.6,0.7,1.168,0.89,1.2,yes,5.403,yes,fixed-text,"The train from the coast reaches the station after noon, and the passengers collect their bags before the doors open.",research\sessions\2026-07-26_2340_espeak_check\audio\espeak\rate_volume_pitch\S01_Q1.wav,809fddf0f920dbf36c8f7b0ecba0a88620beb74eb0ac3a48d66d70717d430472,f86923c,v0.3-evaluation
controlled,2026-07-26_2340_espeak_check,c5b04d025d,Bf862ab,2026-07-26T22:40:37.479427+00:00,espeak,rate,S01,Q1,0.6,0.6,0.7,1.168,1.0,1.0,yes,5.434,yes,fixed-text,"The train from the coast reaches the station after noon, and the passengers collect their bags before the doors open.",research\sessions\2026-07-26_2340_espeak_check\audio\espeak\rate\S01_Q1.wav,d98bb861a824d3c2ccd471acab7856c76b397aa8d099a7f350a3c69a739c8706,f86923c,v0.3-evaluation
controlled,2026-07-26_2340_espeak_check,cee93c07ee,B22b715,2026-07-26T22:40:39.914125+00:00,espeak,rate_volume,S01,Q1,0.6,0.6,0.7,1.168,0.89,1.0,yes,5.434,yes,fixed-text,"The train from the coast reaches the station after noon, and the passengers collect their bags before the doors open.",research\sessions\2026-07-26_2340_espeak_check\audio\espeak\rate_volume\S01_Q1.wav,8ccebf36af238d9466720f41569d93fdc8f8b37ab53c79a7c2ff07495d627c4c,f86923c,v0.3-evaluation
controlled,2026-07-26_2340_espeak_check,cf183a41e6,B8f15eb,2026-07-26T22:40:39.237260+00:00,espeak,rate,S04,Q3,-0.6,-0.6,0.7,0.832,1.0,1.0,yes,6.362,yes,fixed-text,The report on the table covers the past three months and will be read by the committee later next week.,research\sessions\2026-07-26_2340_espeak_check\audio\espeak\rate\S04_Q3.wav,dde24a994eb236b526749be5fd7d4bf876f26016b3effcbc4ce1d961ba3ae5a8,f86923c,v0.3-evaluation
controlled,2026-07-26_2340_espeak_check,d99e569f88,B87dd17,2026-07-26T22:40:43.088212+00:00,espeak,rate_volume_pitch,S02,Q3,-0.6,-0.6,0.7,0.832,0.71,0.8,yes,6.895,yes,fixed-text,"She placed the grey folder on the shelf, checked the list of names again, and returned to the meeting room.",research\sessions\2026-07-26_2340_espeak_check\audio\espeak\rate_volume_pitch\S02_Q3.wav,5bcb47eb87d3d2e6e965b73342b276a860a934ec2e0b422fbc99f95e6b9d7cf7,f86923c,v0.3-evaluation
controlled,2026-07-26_2340_espeak_check,ddfdb5454f,Bade1f7,2026-07-26T22:40:38.343599+00:00,espeak,rate,S02,Q3,-0.6,-0.6,0.7,0.832,1.0,1.0,yes,6.927,yes,fixed-text,"She placed the grey folder on the shelf, checked the list of names again, and returned to the meeting room.",research\sessions\2026-07-26_2340_espeak_check\audio\espeak\rate\S02_Q3.wav,fa576c30f30d828c4322da931686520c0fb28d2710dd2f331204e68e3cb7399e,f86923c,v0.3-evaluation
controlled,2026-07-26_2340_espeak_check,e078df6471,B4e400b,2026-07-26T22:40:36.620419+00:00,espeak,neutral,S04,Q4,0.6,-0.6,0.7,1.0,1.0,1.0,yes,5.3,yes,fixed-text,The report on the table covers the past three months and will be read by the committee later next week.,research\sessions\2026-07-26_2340_espeak_check\audio\espeak\neutral\S04_Q4.wav,99c51e891a6133fa7060fe07ac2c4cd13c9ab1c5dc2824dc09a6fab259063452,f86923c,v0.3-evaluation
controlled,2026-07-26_2340_espeak_check,e0b8ec4be9,B6985b4,2026-07-26T22:40:38.049603+00:00,espeak,rate,S02,Q1,0.6,0.6,0.7,1.168,1.0,1.0,yes,4.93,yes,fixed-text,"She placed the grey folder on the shelf, checked the list of names again, and returned to the meeting room.",research\sessions\2026-07-26_2340_espeak_check\audio\espeak\rate\S02_Q1.wav,4c899dcd2e9401bd6930480fb23226a588302e3bd299025d2afd5a9d380b4c5c,f86923c,v0.3-evaluation
controlled,2026-07-26_2340_espeak_check,e45b75099f,B52ad5f,2026-07-26T22:40:35.808864+00:00,espeak,neutral,S03,Q1,0.6,0.6,0.7,1.0,1.0,1.0,yes,5.953,yes,fixed-text,"After the rain had stopped, the workers opened the gates and stacked the empty boxes along the far wall.",research\sessions\2026-07-26_2340_espeak_check\audio\espeak\neutral\S03_Q1.wav,0bb61bcc9b0d93f431a36aa20871f3d8c8a947e26c60c5f03f89a2695d5603b4,f86923c,v0.3-evaluation
controlled,2026-07-26_2340_espeak_check,e8a0242b55,B9f5a72,2026-07-26T22:40:40.923079+00:00,espeak,rate_volume,S03,Q2,-0.6,0.6,0.7,1.072,0.95,1.0,yes,5.502,yes,fixed-text,"After the rain had stopped, the workers opened the gates and stacked the empty boxes along the far wall.",research\sessions\2026-07-26_2340_espeak_check\audio\espeak\rate_volume\S03_Q2.wav,39fe751e0a9db797611cc9d59db82b4c1c4e04df348ecea5e4df6496b3d0d662,f86923c,v0.3-evaluation
controlled,2026-07-26_2340_espeak_check,ef2b082a40,B04bd2f,2026-07-26T22:40:39.129266+00:00,espeak,rate,S04,Q2,-0.6,0.6,0.7,1.072,1.0,1.0,yes,4.925,yes,fixed-text,The report on the table covers the past three months and will be read by the committee later next week.,research\sessions\2026-07-26_2340_espeak_check\audio\espeak\rate\S04_Q2.wav,bf8eb0aa38b675da057bd9fefa08177417f7105fd08eaef8f360d567b66d12ce,f86923c,v0.3-evaluation
controlled,2026-07-26_2340_espeak_check,f73c2a91e5,B331bcc,2026-07-26T22:40:44.364656+00:00,espeak,rate_volume_pitch,S04,Q3,-0.6,-0.6,0.7,0.832,0.71,0.8,yes,6.408,yes,fixed-text,The report on the table covers the past three months and will be read by the committee later next week.,research\sessions\2026-07-26_2340_espeak_check\audio\espeak\rate_volume_pitch\S04_Q3.wav,deea7f9d2c830e7b280d01a6dcc3e7461ad77189e98c0c11bbca645549fc35e9,f86923c,v0.3-evaluation
controlled,2026-07-26_2340_espeak_check,f94b1e3fb2,B61411f,2026-07-26T22:40:38.990265+00:00,espeak,rate,S04,Q1,0.6,0.6,0.7,1.168,1.0,1.0,yes,4.581,yes,fixed-text,The report on the table covers the past three months and will be read by the committee later next week.,research\sessions\2026-07-26_2340_espeak_check\audio\espeak\rate\S04_Q1.wav,78b848f9e3514a88d7fb2036ba904cb4c0010ec79247e408733b1c366a326024,f86923c,v0.3-evaluation
controlled,2026-07-26_2340_espeak_check,fd7bec6e19,B516434,2026-07-26T22:40:44.489654+00:00,espeak,rate_volume_pitch,S04,Q4,0.6,-0.6,0.7,0.928,0.65,1.042,yes,5.759,yes,fixed-text,The report on the table covers the past three months and will be read by the committee later next week.,research\sessions\2026-07-26_2340_espeak_check\audio\espeak\rate_volume_pitch\S04_Q4.wav,8994742eab1e276efabab9c90c6b4eefd8e66559a91674a1e87375c3bf3ed03c,f86923c,v0.3-evaluation
controlled,2026-07-27_0015_kokoro_check,002668fcc6,B724057,2026-07-26T23:19:24.875621+00:00,kokoro,rate_volume,S03,Q1,0.6,0.6,0.7,1.168,0.89,1.0,no,5.269,yes,fixed-text,"After the rain had stopped, the workers opened the gates and stacked the empty boxes along the far wall.",research\sessions\2026-07-27_0015_kokoro_check\audio\kokoro\rate_volume\S03_Q1.wav,6848b4f68e047e3611d07a26e9930c9c739f419ca024a175a14d813917ce236c,45194fe,v0.3-evaluation
controlled,2026-07-27_0015_kokoro_check,006c6863f3,B6eec95,2026-07-26T23:17:05.215459+00:00,kokoro,rate,S01,Q3,-0.6,-0.6,0.7,0.832,1.0,1.0,no,7.424,yes,fixed-text,"The train from the coast reaches the station after noon, and the passengers collect their bags before the doors open.",research\sessions\2026-07-27_0015_kokoro_check\audio\kokoro\rate\S01_Q3.wav,20b6256bc3ff3c6e237a28831c880d77b561c7e1f51f0a7f88636b1404c225b3,45194fe,v0.3-evaluation
controlled,2026-07-27_0015_kokoro_check,02934c4d15,Bb40a63,2026-07-26T23:15:14.751029+00:00,kokoro,neutral,S01,Q1,0.6,0.6,0.7,1.0,1.0,1.0,no,6.549,yes,fixed-text,"The train from the coast reaches the station after noon, and the passengers collect their bags before the doors open.",research\sessions\2026-07-27_0015_kokoro_check\audio\kokoro\neutral\S01_Q1.wav,f664a80189d0c39912b38f1baf0224700725e09f8c59b66df865726d04c6ebab,45194fe,v0.3-evaluation
controlled,2026-07-27_0015_kokoro_check,0c6a015560,B43f720,2026-07-26T23:19:46.790023+00:00,kokoro,rate_volume,S04,Q4,0.6,-0.6,0.7,0.928,0.65,1.0,no,5.781,yes,fixed-text,The report on the table covers the past three months and will be read by the committee later next week.,research\sessions\2026-07-27_0015_kokoro_check\audio\kokoro\rate_volume\S04_Q4.wav,9d8a7887e2f20f61b5de7c46365b1612e7458a54a210bc90d53e52cf9a793c44,45194fe,v0.3-evaluation
controlled,2026-07-27_0015_kokoro_check,0d9952bec2,B50f9cf,2026-07-26T23:20:13.187376+00:00,kokoro,rate_volume_pitch,S01,Q4,0.6,-0.6,0.7,0.928,0.65,1.042,no,6.827,yes,fixed-text,"The train from the coast reaches the station after noon, and the passengers collect their bags before the doors open.",research\sessions\2026-07-27_0015_kokoro_check\audio\kokoro\rate_volume_pitch\S01_Q4.wav,9c6c489dd87090703f7e860c9c7b32acc4636c8458914a9997d78ac4aaed3e96,45194fe,v0.3-evaluation
controlled,2026-07-27_0015_kokoro_check,1ce29a8847,Bbf44ae,2026-07-26T23:16:07.279925+00:00,kokoro,neutral,S03,Q4,0.6,-0.6,0.7,1.0,1.0,1.0,no,5.675,yes,fixed-text,"After the rain had stopped, the workers opened the gates and stacked the empty boxes along the far wall.",research\sessions\2026-07-27_0015_kokoro_check\audio\kokoro\neutral\S03_Q4.wav,d29a059f0f4b7f9b9bac7c08ad2c22d272b7c4eab678bc330411c4c6e083f685,45194fe,v0.3-evaluation
controlled,2026-07-27_0015_kokoro_check,1f8b11fcca,B6183ce,2026-07-26T23:20:02.603054+00:00,kokoro,rate_volume_pitch,S01,Q1,0.6,0.6,0.7,1.168,0.89,1.2,no,5.931,yes,fixed-text,"The train from the coast reaches the station after noon, and the passengers collect their bags before the doors open.",research\sessions\2026-07-27_0015_kokoro_check\audio\kokoro\rate_volume_pitch\S01_Q1.wav,e89503cab7ba32d5722889bf90e8e27bcfebaeeed05d98f30ba37bf551caf588,45194fe,v0.3-evaluation
controlled,2026-07-27_0015_kokoro_check,2fc6893dde,B5f2cd0,2026-07-26T23:19:28.567898+00:00,kokoro,rate_volume,S03,Q2,-0.6,0.6,0.7,1.072,0.95,1.0,no,5.525,yes,fixed-text,"After the rain had stopped, the workers opened the gates and stacked the empty boxes along the far wall.",research\sessions\2026-07-27_0015_kokoro_check\audio\kokoro\rate_volume\S03_Q2.wav,a4acc15c25b2ff2dab940e7ef75fe690d429086ebfd1b2e884cdc85ec2aa1c49,45194fe,v0.3-evaluation
controlled,2026-07-27_0015_kokoro_check,3207724e00,Bba30e6,2026-07-26T23:18:43.497048+00:00,kokoro,rate_volume,S01,Q2,-0.6,0.6,0.7,1.072,0.95,1.0,no,6.336,yes,fixed-text,"The train from the coast reaches the station after noon, and the passengers collect their bags before the doors open.",research\sessions\2026-07-27_0015_kokoro_check\audio\kokoro\rate_volume\S01_Q2.wav,605010793ab7503635c29fc6654122d1090099334f2f22167597e720ff79a422,45194fe,v0.3-evaluation
controlled,2026-07-27_0015_kokoro_check,3b84ecac1e,B880b1a,2026-07-26T23:18:29.144821+00:00,kokoro,rate,S05,Q3,-0.6,-0.6,0.7,0.832,1.0,1.0,no,6.187,yes,fixed-text,"He parked near the corner shop, bought a loaf of bread and a carton of milk, and walked home slowly.",research\sessions\2026-07-27_0015_kokoro_check\audio\kokoro\rate\S05_Q3.wav,f511662e61f2c0c2e1ff7037e320aa7817ee65b12610c67baad5789bb20b4733,45194fe,v0.3-evaluation
controlled,2026-07-27_0015_kokoro_check,42a55504c5,B868b76,2026-07-26T23:16:38.704866+00:00,kokoro,neutral,S05,Q3,-0.6,-0.6,0.7,1.0,1.0,1.0,no,5.461,yes,fixed-text,"He parked near the corner shop, bought a loaf of bread and a carton of milk, and walked home slowly.",research\sessions\2026-07-27_0015_kokoro_check\audio\kokoro\neutral\S05_Q3.wav,c8c6ba0e00a9d8197b83dfbd385ba2c7f90e628afbd5850b29e6b87b69b30734,45194fe,v0.3-evaluation
controlled,2026-07-27_0015_kokoro_check,47c7ebf4b4,B31d049,2026-07-26T23:16:12.605220+00:00,kokoro,neutral,S04,Q1,0.6,0.6,0.7,1.0,1.0,1.0,no,5.483,yes,fixed-text,The report on the table covers the past three months and will be read by the committee later next week.,research\sessions\2026-07-27_0015_kokoro_check\audio\kokoro\neutral\S04_Q1.wav,648de602ad99f6cdb8b4cda41d7734e5c00a17958b6593f79c505757745f515e,45194fe,v0.3-evaluation
controlled,2026-07-27_0015_kokoro_check,48fce62a04,B9fbc45,2026-07-26T23:16:19.090528+00:00,kokoro,neutral,S04,Q2,-0.6,0.6,0.7,1.0,1.0,1.0,no,5.483,yes,fixed-text,The report on the table covers the past three months and will be read by the committee later next week.,research\sessions\2026-07-27_0015_kokoro_check\audio\kokoro\neutral\S04_Q2.wav,648de602ad99f6cdb8b4cda41d7734e5c00a17958b6593f79c505757745f515e,45194fe,v0.3-evaluation
controlled,2026-07-27_0015_kokoro_check,4bce0cff85,B3f125e,2026-07-26T23:18:19.952317+00:00,kokoro,rate,S05,Q1,0.6,0.6,0.7,1.168,1.0,1.0,no,4.992,yes,fixed-text,"He parked near the corner shop, bought a loaf of bread and a carton of milk, and walked home slowly.",research\sessions\2026-07-27_0015_kokoro_check\audio\kokoro\rate\S05_Q1.wav,d51a89cc8c27a6fa3fdb7adae35b9bd7bdd9e6ad00238f57175f2338580a69df,45194fe,v0.3-evaluation
controlled,2026-07-27_0015_kokoro_check,4d11589881,B4ea744,2026-07-26T23:17:33.561096+00:00,kokoro,rate,S03,Q1,0.6,0.6,0.7,1.168,1.0,1.0,no,5.269,yes,fixed-text,"After the rain had stopped, the workers opened the gates and stacked the empty boxes along the far wall.",research\sessions\2026-07-27_0015_kokoro_check\audio\kokoro\rate\S03_Q1.wav,333c1d77a5c80e6a8dfdbaa707c8105db6091574182456d79e1d3b467f1620c0,45194fe,v0.3-evaluation
controlled,2026-07-27_0015_kokoro_check,5061dae228,Bf6bdd5,2026-07-26T23:15:19.785833+00:00,kokoro,neutral,S01,Q2,-0.6,0.6,0.7,1.0,1.0,1.0,no,6.549,yes,fixed-text,"The train from the coast reaches the station after noon, and the passengers collect their bags before the doors open.",research\sessions\2026-07-27_0015_kokoro_check\audio\kokoro\neutral\S01_Q2.wav,f664a80189d0c39912b38f1baf0224700725e09f8c59b66df865726d04c6ebab,45194fe,v0.3-evaluation
controlled,2026-07-27_0015_kokoro_check,5272b02af3,B95ba47,2026-07-26T23:19:55.261914+00:00,kokoro,rate_volume,S05,Q3,-0.6,-0.6,0.7,0.832,0.71,1.0,no,6.187,yes,fixed-text,"He parked near the corner shop, bought a loaf of bread and a carton of milk, and walked home slowly.",research\sessions\2026-07-27_0015_kokoro_check\audio\kokoro\rate_volume\S05_Q3.wav,92888df75d23622dd6baed0a0f81213e58089f68b5f0c0cfdab4b269b6267064,45194fe,v0.3-evaluation
controlled,2026-07-27_0015_kokoro_check,53caeec64f,B7b7763,2026-07-26T23:19:05.010754+00:00,kokoro,rate_volume,S02,Q2,-0.6,0.6,0.7,1.072,0.95,1.0,no,5.397,yes,fixed-text,"She placed the grey folder on the shelf, checked the list of names again, and returned to the meeting room.",research\sessions\2026-07-27_0015_kokoro_check\audio\kokoro\rate_volume\S02_Q2.wav,51ed89330912264dc439107b6e2aa9a2c26f0e66509b859fe37f951ef109c76e,45194fe,v0.3-evaluation
controlled,2026-07-27_0015_kokoro_check,569d5fda92,B9039ab,2026-07-26T23:17:29.805176+00:00,kokoro,rate,S02,Q4,0.6,-0.6,0.7,0.928,1.0,1.0,no,5.76,yes,fixed-text,"She placed the grey folder on the shelf, checked the list of names again, and returned to the meeting room.",research\sessions\2026-07-27_0015_kokoro_check\audio\kokoro\rate\S02_Q4.wav,7903a550800185f9535405d0f1c23f4398c41b8b68103bfc380853ca4ef25f4e,45194fe,v0.3-evaluation
controlled,2026-07-27_0015_kokoro_check,58e9a0b54c,Bfa3f07,2026-07-26T23:20:15.781538+00:00,kokoro,rate_volume_pitch,S02,Q1,0.6,0.6,0.7,1.168,0.89,1.2,no,5.184,yes,fixed-text,"She placed the grey folder on the shelf, checked the list of names again, and returned to the meeting room.",research\sessions\2026-07-27_0015_kokoro_check\audio\kokoro\rate_volume_pitch\S02_Q1.wav,84831a01ec76bba4ffdffa8493b5b61b562ae3e12ac70335e57e799fda84ac98,45194fe,v0.3-evaluation
controlled,2026-07-27_0015_kokoro_check,5cbbd024ff,Ba02ff4,2026-07-26T23:19:32.466065+00:00,kokoro,rate_volume,S03,Q3,-0.6,-0.6,0.7,0.832,0.71,1.0,no,6.613,yes,fixed-text,"After the rain had stopped, the workers opened the gates and stacked the empty boxes along the far wall.",research\sessions\2026-07-27_0015_kokoro_check\audio\kokoro\rate_volume\S03_Q3.wav,9825d362b7e441a8b19dfdd63c188eaa7941717376813b960c6d69083460b09d,45194fe,v0.3-evaluation
controlled,2026-07-27_0015_kokoro_check,5cdb2d98be,Bd6313f,2026-07-26T23:18:38.377982+00:00,kokoro,rate_volume,S01,Q1,0.6,0.6,0.7,1.168,0.89,1.0,no,5.931,yes,fixed-text,"The train from the coast reaches the station after noon, and the passengers collect their bags before the doors open.",research\sessions\2026-07-27_0015_kokoro_check\audio\kokoro\rate_volume\S01_Q1.wav,e89503cab7ba32d5722889bf90e8e27bcfebaeeed05d98f30ba37bf551caf588,45194fe,v0.3-evaluation
controlled,2026-07-27_0015_kokoro_check,6461ef42f3,B0541d9,2026-07-26T23:20:21.318782+00:00,kokoro,rate_volume_pitch,S02,Q3,-0.6,-0.6,0.7,0.832,0.71,0.8,no,6.421,yes,fixed-text,"She placed the grey folder on the shelf, checked the list of names again, and returned to the meeting room.",research\sessions\2026-07-27_0015_kokoro_check\audio\kokoro\rate_volume_pitch\S02_Q3.wav,9d0296dcf21457b8a8975ee49ba53180b8b5fed077fa4e3144c4318f6296436d,45194fe,v0.3-evaluation
controlled,2026-07-27_0015_kokoro_check,65e945a29a,Bc9e03c,2026-07-26T23:18:58.757709+00:00,kokoro,rate_volume,S02,Q1,0.6,0.6,0.7,1.168,0.89,1.0,no,5.184,yes,fixed-text,"She placed the grey folder on the shelf, checked the list of names again, and returned to the meeting room.",research\sessions\2026-07-27_0015_kokoro_check\audio\kokoro\rate_volume\S02_Q1.wav,84831a01ec76bba4ffdffa8493b5b61b562ae3e12ac70335e57e799fda84ac98,45194fe,v0.3-evaluation
controlled,2026-07-27_0015_kokoro_check,6799b1718d,B6af489,2026-07-26T23:18:24.119100+00:00,kokoro,rate,S05,Q2,-0.6,0.6,0.7,1.072,1.0,1.0,no,5.227,yes,fixed-text,"He parked near the corner shop, bought a loaf of bread and a carton of milk, and walked home slowly.",research\sessions\2026-07-27_0015_kokoro_check\audio\kokoro\rate\S05_Q2.wav,fc4a05e5770e02e5ece8d720c712d9646e3937100d562816154d807aea85dc26,45194fe,v0.3-evaluation
controlled,2026-07-27_0015_kokoro_check,7010cc8bb6,B5dce65,2026-07-26T23:17:24.894760+00:00,kokoro,rate,S02,Q3,-0.6,-0.6,0.7,0.832,1.0,1.0,no,6.421,yes,fixed-text,"She placed the grey folder on the shelf, checked the list of names again, and returned to the meeting room.",research\sessions\2026-07-27_0015_kokoro_check\audio\kokoro\rate\S02_Q3.wav,b2e5d7671cd15d209eac2e36f1fa3206b5bf3da5ccd29f2e3db83366394408ce,45194fe,v0.3-evaluation
controlled,2026-07-27_0015_kokoro_check,7319275e72,B9690ca,2026-07-26T23:20:47.324460+00:00,kokoro,rate_volume_pitch,S04,Q2,-0.6,0.6,0.7,1.072,0.95,0.958,no,5.291,yes,fixed-text,The report on the table covers the past three months and will be read by the committee later next week.,research\sessions\2026-07-27_0015_kokoro_check\audio\kokoro\rate_volume_pitch\S04_Q2.wav,2edbb15833e57816b78c9effe71a44dd7d0adcecfd37dfacd4670c8ba25f924b,45194fe,v0.3-evaluation
controlled,2026-07-27_0015_kokoro_check,742da3f8e1,B776e4f,2026-07-26T23:18:34.107875+00:00,kokoro,rate,S05,Q4,0.6,-0.6,0.7,0.928,1.0,1.0,no,5.632,yes,fixed-text,"He parked near the corner shop, bought a loaf of bread and a carton of milk, and walked home slowly.",research\sessions\2026-07-27_0015_kokoro_check\audio\kokoro\rate\S05_Q4.wav,fe1f09b17e3d959eb7acf09c3e44c941453734565c503e7b2bf37ad507ee8608,45194fe,v0.3-evaluation
controlled,2026-07-27_0015_kokoro_check,7433d804c6,B8d7387,2026-07-26T23:19:43.961384+00:00,kokoro,rate_volume,S04,Q3,-0.6,-0.6,0.7,0.832,0.71,1.0,no,6.421,yes,fixed-text,The report on the table covers the past three months and will be read by the committee later next week.,research\sessions\2026-07-27_0015_kokoro_check\audio\kokoro\rate_volume\S04_Q3.wav,ef5a30db6335100b9c6f544d1773a0efda9d58b6975c898a78ea5fc37959b386,45194fe,v0.3-evaluation
controlled,2026-07-27_0015_kokoro_check,74d4a91fe9,Bdef1ff,2026-07-26T23:15:24.350533+00:00,kokoro,neutral,S01,Q3,-0.6,-0.6,0.7,1.0,1.0,1.0,no,6.549,yes,fixed-text,"The train from the coast reaches the station after noon, and the passengers collect their bags before the doors open.",research\sessions\2026-07-27_0015_kokoro_check\audio\kokoro\neutral\S01_Q3.wav,f664a80189d0c39912b38f1baf0224700725e09f8c59b66df865726d04c6ebab,45194fe,v0.3-evaluation
controlled,2026-07-27_0015_kokoro_check,7807d9fbf6,B72d9da,2026-07-26T23:15:44.408933+00:00,kokoro,neutral,S02,Q4,0.6,-0.6,0.7,1.0,1.0,1.0,no,5.675,yes,fixed-text,"She placed the grey folder on the shelf, checked the list of names again, and returned to the meeting room.",research\sessions\2026-07-27_0015_kokoro_check\audio\kokoro\neutral\S02_Q4.wav,47fa3c370a39ea86f7cc7c928160e74c1262eba9e363eee9688ff6abfba782dc,45194fe,v0.3-evaluation
controlled,2026-07-27_0015_kokoro_check,7e96fd3d02,Bb02860,2026-07-26T23:18:15.088919+00:00,kokoro,rate,S04,Q4,0.6,-0.6,0.7,0.928,1.0,1.0,no,5.781,yes,fixed-text,The report on the table covers the past three months and will be read by the committee later next week.,research\sessions\2026-07-27_0015_kokoro_check\audio\kokoro\rate\S04_Q4.wav,b5c59ec88d4cb8ec047cac2838fd4bcb9cb12c1183d2f2f0ce7016cefc9c3162,45194fe,v0.3-evaluation
controlled,2026-07-27_0015_kokoro_check,830acbded2,B7fbed3,2026-07-26T23:19:51.872125+00:00,kokoro,rate_volume,S05,Q2,-0.6,0.6,0.7,1.072,0.95,1.0,no,5.227,yes,fixed-text,"He parked near the corner shop, bought a loaf of bread and a carton of milk, and walked home slowly.",research\sessions\2026-07-27_0015_kokoro_check\audio\kokoro\rate_volume\S05_Q2.wav,f2ad0af5d9e1812541d64b756ce73c2910e446df3506b1db58e1cf510a294b48,45194fe,v0.3-evaluation
controlled,2026-07-27_0015_kokoro_check,84a656765c,B785b9a,2026-07-26T23:21:05.431607+00:00,kokoro,rate_volume_pitch,S05,Q4,0.6,-0.6,0.7,0.928,0.65,1.042,no,5.632,yes,fixed-text,"He parked near the corner shop, bought a loaf of bread and a carton of milk, and walked home slowly.",research\sessions\2026-07-27_0015_kokoro_check\audio\kokoro\rate_volume_pitch\S05_Q4.wav,3dc6b80c74cd0be5faa9e815a65ed9e64078a10ed52dda98ee209b1905ae9bb0,45194fe,v0.3-evaluation
controlled,2026-07-27_0015_kokoro_check,88c5248cfc,B724f17,2026-07-26T23:19:49.126489+00:00,kokoro,rate_volume,S05,Q1,0.6,0.6,0.7,1.168,0.89,1.0,no,4.992,yes,fixed-text,"He parked near the corner shop, bought a loaf of bread and a carton of milk, and walked home slowly.",research\sessions\2026-07-27_0015_kokoro_check\audio\kokoro\rate_volume\S05_Q1.wav,84b4fcc33f6c00651336d46c69168531c4366b3fdd8d28a31f573bd99352e7e3,45194fe,v0.3-evaluation
controlled,2026-07-27_0015_kokoro_check,89d434e48d,B17315f,2026-07-26T23:15:33.330642+00:00,kokoro,neutral,S02,Q1,0.6,0.6,0.7,1.0,1.0,1.0,no,5.675,yes,fixed-text,"She placed the grey folder on the shelf, checked the list of names again, and returned to the meeting room.",research\sessions\2026-07-27_0015_kokoro_check\audio\kokoro\neutral\S02_Q1.wav,47fa3c370a39ea86f7cc7c928160e74c1262eba9e363eee9688ff6abfba782dc,45194fe,v0.3-evaluation
controlled,2026-07-27_0015_kokoro_check,8b040c3d8f,B1936bd,2026-07-26T23:20:09.807193+00:00,kokoro,rate_volume_pitch,S01,Q3,-0.6,-0.6,0.7,0.832,0.71,0.8,no,7.424,yes,fixed-text,"The train from the coast reaches the station after noon, and the passengers collect their bags before the doors open.",research\sessions\2026-07-27_0015_kokoro_check\audio\kokoro\rate_volume_pitch\S01_Q3.wav,9ce40259bf3c35fbd4b4e81c4557acea4d6b6ebe6026261178188b2c1b1adc05,45194fe,v0.3-evaluation
controlled,2026-07-27_0015_kokoro_check,8df0c90275,B165498,2026-07-26T23:17:56.225546+00:00,kokoro,rate,S04,Q1,0.6,0.6,0.7,1.168,1.0,1.0,no,5.077,yes,fixed-text,The report on the table covers the past three months and will be read by the committee later next week.,research\sessions\2026-07-27_0015_kokoro_check\audio\kokoro\rate\S04_Q1.wav,a93ca0c6fc8ab946ec4660a77d6972e18314e87038963db236e12b0f3a63d4ef,45194fe,v0.3-evaluation
controlled,2026-07-27_0015_kokoro_check,930bf7ac00,Bcea70f,2026-07-26T23:17:37.275606+00:00,kokoro,rate,S03,Q2,-0.6,0.6,0.7,1.072,1.0,1.0,no,5.525,yes,fixed-text,"After the rain had stopped, the workers opened the gates and stacked the empty boxes along the far wall.",research\sessions\2026-07-27_0015_kokoro_check\audio\kokoro\rate\S03_Q2.wav,d7e76181d3c325df09172648fb01046aad2d4f1cedbf04a477d819d60d652299,45194fe,v0.3-evaluation
controlled,2026-07-27_0015_kokoro_check,9319e3a618,B3cbf2f,2026-07-26T23:19:13.831372+00:00,kokoro,rate_volume,S02,Q3,-0.6,-0.6,0.7,0.832,0.71,1.0,no,6.421,yes,fixed-text,"She placed the grey folder on the shelf, checked the list of names again, and returned to the meeting room.",research\sessions\2026-07-27_0015_kokoro_check\audio\kokoro\rate_volume\S02_Q3.wav,9d0296dcf21457b8a8975ee49ba53180b8b5fed077fa4e3144c4318f6296436d,45194fe,v0.3-evaluation
controlled,2026-07-27_0015_kokoro_check,938c387906,B825a7f,2026-07-26T23:17:48.824463+00:00,kokoro,rate,S03,Q4,0.6,-0.6,0.7,0.928,1.0,1.0,no,5.867,yes,fixed-text,"After the rain had stopped, the workers opened the gates and stacked the empty boxes along the far wall.",research\sessions\2026-07-27_0015_kokoro_check\audio\kokoro\rate\S03_Q4.wav,b1f934856cf4f2954c02fecc8f1730667f2073e48243255dbf2083d100c1e3e8,45194fe,v0.3-evaluation
controlled,2026-07-27_0015_kokoro_check,93a703ed36,B8d3192,2026-07-26T23:16:58.424237+00:00,kokoro,rate,S01,Q2,-0.6,0.6,0.7,1.072,1.0,1.0,no,6.336,yes,fixed-text,"The train from the coast reaches the station after noon, and the passengers collect their bags before the doors open.",research\sessions\2026-07-27_0015_kokoro_check\audio\kokoro\rate\S01_Q2.wav,6c53495bbc7d09d2167a59fefc2a507ae2de1e2286239df24dcf637e0c7d97f5,45194fe,v0.3-evaluation
controlled,2026-07-27_0015_kokoro_check,95735245e4,B5eefa8,2026-07-26T23:19:35.484296+00:00,kokoro,rate_volume,S03,Q4,0.6,-0.6,0.7,0.928,0.65,1.0,no,5.867,yes,fixed-text,"After the rain had stopped, the workers opened the gates and stacked the empty boxes along the far wall.",research\sessions\2026-07-27_0015_kokoro_check\audio\kokoro\rate_volume\S03_Q4.wav,acd0bf4bb46ed2abb1a91ad75b9968468b9ab29a9bc1126800baaf9ad12d3c29,45194fe,v0.3-evaluation
controlled,2026-07-27_0015_kokoro_check,9688e0cdf9,B62369f,2026-07-26T23:15:39.782774+00:00,kokoro,neutral,S02,Q3,-0.6,-0.6,0.7,1.0,1.0,1.0,no,5.675,yes,fixed-text,"She placed the grey folder on the shelf, checked the list of names again, and returned to the meeting room.",research\sessions\2026-07-27_0015_kokoro_check\audio\kokoro\neutral\S02_Q3.wav,47fa3c370a39ea86f7cc7c928160e74c1262eba9e363eee9688ff6abfba782dc,45194fe,v0.3-evaluation
controlled,2026-07-27_0015_kokoro_check,9ced4aedc6,B35704e,2026-07-26T23:19:58.471442+00:00,kokoro,rate_volume,S05,Q4,0.6,-0.6,0.7,0.928,0.65,1.0,no,5.632,yes,fixed-text,"He parked near the corner shop, bought a loaf of bread and a carton of milk, and walked home slowly.",research\sessions\2026-07-27_0015_kokoro_check\audio\kokoro\rate_volume\S05_Q4.wav,3dc6b80c74cd0be5faa9e815a65ed9e64078a10ed52dda98ee209b1905ae9bb0,45194fe,v0.3-evaluation
controlled,2026-07-27_0015_kokoro_check,9e2c46c3b9,B7785a9,2026-07-26T23:18:54.913227+00:00,kokoro,rate_volume,S01,Q4,0.6,-0.6,0.7,0.928,0.65,1.0,no,6.827,yes,fixed-text,"The train from the coast reaches the station after noon, and the passengers collect their bags before the doors open.",research\sessions\2026-07-27_0015_kokoro_check\audio\kokoro\rate_volume\S01_Q4.wav,9c6c489dd87090703f7e860c9c7b32acc4636c8458914a9997d78ac4aaed3e96,45194fe,v0.3-evaluation
controlled,2026-07-27_0015_kokoro_check,a008553bb9,Bdce27d,2026-07-26T23:20:56.312889+00:00,kokoro,rate_volume_pitch,S05,Q1,0.6,0.6,0.7,1.168,0.89,1.2,no,4.992,yes,fixed-text,"He parked near the corner shop, bought a loaf of bread and a carton of milk, and walked home slowly.",research\sessions\2026-07-27_0015_kokoro_check\audio\kokoro\rate_volume_pitch\S05_Q1.wav,84b4fcc33f6c00651336d46c69168531c4366b3fdd8d28a31f573bd99352e7e3,45194fe,v0.3-evaluation
controlled,2026-07-27_0015_kokoro_check,a4f08e8390,Bccd555,2026-07-26T23:20:37.986227+00:00,kokoro,rate_volume_pitch,S03,Q3,-0.6,-0.6,0.7,0.832,0.71,0.8,no,6.613,yes,fixed-text,"After the rain had stopped, the workers opened the gates and stacked the empty boxes along the far wall.",research\sessions\2026-07-27_0015_kokoro_check\audio\kokoro\rate_volume_pitch\S03_Q3.wav,9825d362b7e441a8b19dfdd63c188eaa7941717376813b960c6d69083460b09d,45194fe,v0.3-evaluation
controlled,2026-07-27_0015_kokoro_check,a7e1a98582,B5fada9,2026-07-26T23:15:29.364043+00:00,kokoro,neutral,S01,Q4,0.6,-0.6,0.7,1.0,1.0,1.0,no,6.549,yes,fixed-text,"The train from the coast reaches the station after noon, and the passengers collect their bags before the doors open.",research\sessions\2026-07-27_0015_kokoro_check\audio\kokoro\neutral\S01_Q4.wav,f664a80189d0c39912b38f1baf0224700725e09f8c59b66df865726d04c6ebab,45194fe,v0.3-evaluation
controlled,2026-07-27_0015_kokoro_check,ab99afb772,B07ff8f,2026-07-26T23:20:41.623120+00:00,kokoro,rate_volume_pitch,S03,Q4,0.6,-0.6,0.7,0.928,0.65,1.042,no,5.867,yes,fixed-text,"After the rain had stopped, the workers opened the gates and stacked the empty boxes along the far wall.",research\sessions\2026-07-27_0015_kokoro_check\audio\kokoro\rate_volume_pitch\S03_Q4.wav,acd0bf4bb46ed2abb1a91ad75b9968468b9ab29a9bc1126800baaf9ad12d3c29,45194fe,v0.3-evaluation
controlled,2026-07-27_0015_kokoro_check,af9076ae71,Bcdb0ec,2026-07-26T23:16:42.001360+00:00,kokoro,neutral,S05,Q4,0.6,-0.6,0.7,1.0,1.0,1.0,no,5.461,yes,fixed-text,"He parked near the corner shop, bought a loaf of bread and a carton of milk, and walked home slowly.",research\sessions\2026-07-27_0015_kokoro_check\audio\kokoro\neutral\S05_Q4.wav,c8c6ba0e00a9d8197b83dfbd385ba2c7f90e628afbd5850b29e6b87b69b30734,45194fe,v0.3-evaluation
controlled,2026-07-27_0015_kokoro_check,b04a310725,Be99328,2026-07-26T23:18:01.541750+00:00,kokoro,rate,S04,Q2,-0.6,0.6,0.7,1.072,1.0,1.0,no,5.291,yes,fixed-text,The report on the table covers the past three months and will be read by the committee later next week.,research\sessions\2026-07-27_0015_kokoro_check\audio\kokoro\rate\S04_Q2.wav,984854483ab008dae11ae281f0bc4dfb89293dafdff5ff09fa66a643b2f6a440,45194fe,v0.3-evaluation
controlled,2026-07-27_0015_kokoro_check,b13ca2de05,B9b683c,2026-07-26T23:16:02.802532+00:00,kokoro,neutral,S03,Q3,-0.6,-0.6,0.7,1.0,1.0,1.0,no,5.675,yes,fixed-text,"After the rain had stopped, the workers opened the gates and stacked the empty boxes along the far wall.",research\sessions\2026-07-27_0015_kokoro_check\audio\kokoro\neutral\S03_Q3.wav,d29a059f0f4b7f9b9bac7c08ad2c22d272b7c4eab678bc330411c4c6e083f685,45194fe,v0.3-evaluation
controlled,2026-07-27_0015_kokoro_check,b8adf2a5bb,Bb210da,2026-07-26T23:16:27.962247+00:00,kokoro,neutral,S04,Q4,0.6,-0.6,0.7,1.0,1.0,1.0,no,5.483,yes,fixed-text,The report on the table covers the past three months and will be read by the committee later next week.,research\sessions\2026-07-27_0015_kokoro_check\audio\kokoro\neutral\S04_Q4.wav,648de602ad99f6cdb8b4cda41d7734e5c00a17958b6593f79c505757745f515e,45194fe,v0.3-evaluation
controlled,2026-07-27_0015_kokoro_check,bd729445fb,B2eecd4,2026-07-26T23:19:19.524252+00:00,kokoro,rate_volume,S02,Q4,0.6,-0.6,0.7,0.928,0.65,1.0,no,5.76,yes,fixed-text,"She placed the grey folder on the shelf, checked the list of names again, and returned to the meeting room.",research\sessions\2026-07-27_0015_kokoro_check\audio\kokoro\rate_volume\S02_Q4.wav,70135e3141a50111894f6594a36c6942592eccabd38e438f8a4c805d1650666a,45194fe,v0.3-evaluation
controlled,2026-07-27_0015_kokoro_check,c07928887c,B63e1d4,2026-07-26T23:17:19.488487+00:00,kokoro,rate,S02,Q2,-0.6,0.6,0.7,1.072,1.0,1.0,no,5.397,yes,fixed-text,"She placed the grey folder on the shelf, checked the list of names again, and returned to the meeting room.",research\sessions\2026-07-27_0015_kokoro_check\audio\kokoro\rate\S02_Q2.wav,9606e0ca0e98219b98a0f35797a599b98c74650a906430453bb6c2bd83f35b14,45194fe,v0.3-evaluation
controlled,2026-07-27_0015_kokoro_check,c2fff5e001,B895a3e,2026-07-26T23:20:28.459631+00:00,kokoro,rate_volume_pitch,S03,Q1,0.6,0.6,0.7,1.168,0.89,1.2,no,5.269,yes,fixed-text,"After the rain had stopped, the workers opened the gates and stacked the empty boxes along the far wall.",research\sessions\2026-07-27_0015_kokoro_check\audio\kokoro\rate_volume_pitch\S03_Q1.wav,6848b4f68e047e3611d07a26e9930c9c739f419ca024a175a14d813917ce236c,45194fe,v0.3-evaluation
controlled,2026-07-27_0015_kokoro_check,c3cc993af6,B911285,2026-07-26T23:19:38.109005+00:00,kokoro,rate_volume,S04,Q1,0.6,0.6,0.7,1.168,0.89,1.0,no,5.077,yes,fixed-text,The report on the table covers the past three months and will be read by the committee later next week.,research\sessions\2026-07-27_0015_kokoro_check\audio\kokoro\rate_volume\S04_Q1.wav,1d9bf1a3f9648a238c3a9d0003e341d2cfdb0d11c95a527d397f0b22d171db89,45194fe,v0.3-evaluation
controlled,2026-07-27_0015_kokoro_check,c746ba7554,B0c1a80,2026-07-26T23:16:48.055546+00:00,kokoro,rate,S01,Q1,0.6,0.6,0.7,1.168,1.0,1.0,no,5.931,yes,fixed-text,"The train from the coast reaches the station after noon, and the passengers collect their bags before the doors open.",research\sessions\2026-07-27_0015_kokoro_check\audio\kokoro\rate\S01_Q1.wav,6996114de192e34650dc47f1b3131fa65615f10b523c71df30b6aaedede234ae,45194fe,v0.3-evaluation
controlled,2026-07-27_0015_kokoro_check,c9f1c33539,B95e233,2026-07-26T23:20:25.132458+00:00,kokoro,rate_volume_pitch,S02,Q4,0.6,-0.6,0.7,0.928,0.65,1.042,no,5.76,yes,fixed-text,"She placed the grey folder on the shelf, checked the list of names again, and returned to the meeting room.",research\sessions\2026-07-27_0015_kokoro_check\audio\kokoro\rate_volume_pitch\S02_Q4.wav,70135e3141a50111894f6594a36c6942592eccabd38e438f8a4c805d1650666a,45194fe,v0.3-evaluation
controlled,2026-07-27_0015_kokoro_check,cdab5dacb6,B40d55a,2026-07-26T23:19:40.734996+00:00,kokoro,rate_volume,S04,Q2,-0.6,0.6,0.7,1.072,0.95,1.0,no,5.291,yes,fixed-text,The report on the table covers the past three months and will be read by the committee later next week.,research\sessions\2026-07-27_0015_kokoro_check\audio\kokoro\rate_volume\S04_Q2.wav,2edbb15833e57816b78c9effe71a44dd7d0adcecfd37dfacd4670c8ba25f924b,45194fe,v0.3-evaluation
controlled,2026-07-27_0015_kokoro_check,d10d164c8e,Bf1af5a,2026-07-26T23:17:15.225446+00:00,kokoro,rate,S02,Q1,0.6,0.6,0.7,1.168,1.0,1.0,no,5.184,yes,fixed-text,"She placed the grey folder on the shelf, checked the list of names again, and returned to the meeting room.",research\sessions\2026-07-27_0015_kokoro_check\audio\kokoro\rate\S02_Q1.wav,ca57ed09567fc3b889657f0b4dcff7e1a696b6f359a7c31605f1856a778e8a0b,45194fe,v0.3-evaluation
controlled,2026-07-27_0015_kokoro_check,d36d3b5e52,Ba608cc,2026-07-26T23:20:06.004758+00:00,kokoro,rate_volume_pitch,S01,Q2,-0.6,0.6,0.7,1.072,0.95,0.958,no,6.336,yes,fixed-text,"The train from the coast reaches the station after noon, and the passengers collect their bags before the doors open.",research\sessions\2026-07-27_0015_kokoro_check\audio\kokoro\rate_volume_pitch\S01_Q2.wav,605010793ab7503635c29fc6654122d1090099334f2f22167597e720ff79a422,45194fe,v0.3-evaluation
controlled,2026-07-27_0015_kokoro_check,d7cdd1facc,Bc127bf,2026-07-26T23:20:33.687907+00:00,kokoro,rate_volume_pitch,S03,Q2,-0.6,0.6,0.7,1.072,0.95,0.958,no,5.525,yes,fixed-text,"After the rain had stopped, the workers opened the gates and stacked the empty boxes along the far wall.",research\sessions\2026-07-27_0015_kokoro_check\audio\kokoro\rate_volume_pitch\S03_Q2.wav,a4acc15c25b2ff2dab940e7ef75fe690d429086ebfd1b2e884cdc85ec2aa1c49,45194fe,v0.3-evaluation
controlled,2026-07-27_0015_kokoro_check,dc5a7d42c8,Bf0281f,2026-07-26T23:20:59.144345+00:00,kokoro,rate_volume_pitch,S05,Q2,-0.6,0.6,0.7,1.072,0.95,0.958,no,5.227,yes,fixed-text,"He parked near the corner shop, bought a loaf of bread and a carton of milk, and walked home slowly.",research\sessions\2026-07-27_0015_kokoro_check\audio\kokoro\rate_volume_pitch\S05_Q2.wav,f2ad0af5d9e1812541d64b756ce73c2910e446df3506b1db58e1cf510a294b48,45194fe,v0.3-evaluation
controlled,2026-07-27_0015_kokoro_check,dcb896423e,B7f6d8e,2026-07-26T23:21:02.114808+00:00,kokoro,rate_volume_pitch,S05,Q3,-0.6,-0.6,0.7,0.832,0.71,0.8,no,6.187,yes,fixed-text,"He parked near the corner shop, bought a loaf of bread and a carton of milk, and walked home slowly.",research\sessions\2026-07-27_0015_kokoro_check\audio\kokoro\rate_volume_pitch\S05_Q3.wav,92888df75d23622dd6baed0a0f81213e58089f68b5f0c0cfdab4b269b6267064,45194fe,v0.3-evaluation
controlled,2026-07-27_0015_kokoro_check,ddcf36925b,B20b090,2026-07-26T23:15:36.547773+00:00,kokoro,neutral,S02,Q2,-0.6,0.6,0.7,1.0,1.0,1.0,no,5.675,yes,fixed-text,"She placed the grey folder on the shelf, checked the list of names again, and returned to the meeting room.",research\sessions\2026-07-27_0015_kokoro_check\audio\kokoro\neutral\S02_Q2.wav,47fa3c370a39ea86f7cc7c928160e74c1262eba9e363eee9688ff6abfba782dc,45194fe,v0.3-evaluation
controlled,2026-07-27_0015_kokoro_check,e3329f4bec,B8c2f7e,2026-07-26T23:20:53.537586+00:00,kokoro,rate_volume_pitch,S04,Q4,0.6,-0.6,0.7,0.928,0.65,1.042,no,5.781,yes,fixed-text,The report on the table covers the past three months and will be read by the committee later next week.,research\sessions\2026-07-27_0015_kokoro_check\audio\kokoro\rate_volume_pitch\S04_Q4.wav,9d8a7887e2f20f61b5de7c46365b1612e7458a54a210bc90d53e52cf9a793c44,45194fe,v0.3-evaluation
controlled,2026-07-27_0015_kokoro_check,e72aec85be,B7a9bc7,2026-07-26T23:20:44.785618+00:00,kokoro,rate_volume_pitch,S04,Q1,0.6,0.6,0.7,1.168,0.89,1.2,no,5.077,yes,fixed-text,The report on the table covers the past three months and will be read by the committee later next week.,research\sessions\2026-07-27_0015_kokoro_check\audio\kokoro\rate_volume_pitch\S04_Q1.wav,1d9bf1a3f9648a238c3a9d0003e341d2cfdb0d11c95a527d397f0b22d171db89,45194fe,v0.3-evaluation
controlled,2026-07-27_0015_kokoro_check,e7683cd2b0,B6cd982,2026-07-26T23:16:24.367701+00:00,kokoro,neutral,S04,Q3,-0.6,-0.6,0.7,1.0,1.0,1.0,no,5.483,yes,fixed-text,The report on the table covers the past three months and will be read by the committee later next week.,research\sessions\2026-07-27_0015_kokoro_check\audio\kokoro\neutral\S04_Q3.wav,648de602ad99f6cdb8b4cda41d7734e5c00a17958b6593f79c505757745f515e,45194fe,v0.3-evaluation
controlled,2026-07-27_0015_kokoro_check,ea5a00c072,B286134,2026-07-26T23:17:42.195465+00:00,kokoro,rate,S03,Q3,-0.6,-0.6,0.7,0.832,1.0,1.0,no,6.613,yes,fixed-text,"After the rain had stopped, the workers opened the gates and stacked the empty boxes along the far wall.",research\sessions\2026-07-27_0015_kokoro_check\audio\kokoro\rate\S03_Q3.wav,f01677767b398b5f5a241fbb36979c2f1cc4b64c575533633727e2854ffc6512,45194fe,v0.3-evaluation
controlled,2026-07-27_0015_kokoro_check,ece6b1fd61,B420d2a,2026-07-26T23:20:50.444047+00:00,kokoro,rate_volume_pitch,S04,Q3,-0.6,-0.6,0.7,0.832,0.71,0.8,no,6.421,yes,fixed-text,The report on the table covers the past three months and will be read by the committee later next week.,research\sessions\2026-07-27_0015_kokoro_check\audio\kokoro\rate_volume_pitch\S04_Q3.wav,ef5a30db6335100b9c6f544d1773a0efda9d58b6975c898a78ea5fc37959b386,45194fe,v0.3-evaluation
controlled,2026-07-27_0015_kokoro_check,ed72d1419b,Bce9e50,2026-07-26T23:18:08.118999+00:00,kokoro,rate,S04,Q3,-0.6,-0.6,0.7,0.832,1.0,1.0,no,6.421,yes,fixed-text,The report on the table covers the past three months and will be read by the committee later next week.,research\sessions\2026-07-27_0015_kokoro_check\audio\kokoro\rate\S04_Q3.wav,4e250ce90df8d39db240e1bb7e023004edf09ae28c60b3d6149276f80a26a232,45194fe,v0.3-evaluation
controlled,2026-07-27_0015_kokoro_check,f1ae2cad96,B99ba13,2026-07-26T23:16:35.585650+00:00,kokoro,neutral,S05,Q2,-0.6,0.6,0.7,1.0,1.0,1.0,no,5.461,yes,fixed-text,"He parked near the corner shop, bought a loaf of bread and a carton of milk, and walked home slowly.",research\sessions\2026-07-27_0015_kokoro_check\audio\kokoro\neutral\S05_Q2.wav,c8c6ba0e00a9d8197b83dfbd385ba2c7f90e628afbd5850b29e6b87b69b30734,45194fe,v0.3-evaluation
controlled,2026-07-27_0015_kokoro_check,f415787760,B4c7dd1,2026-07-26T23:20:18.209082+00:00,kokoro,rate_volume_pitch,S02,Q2,-0.6,0.6,0.7,1.072,0.95,0.958,no,5.397,yes,fixed-text,"She placed the grey folder on the shelf, checked the list of names again, and returned to the meeting room.",research\sessions\2026-07-27_0015_kokoro_check\audio\kokoro\rate_volume_pitch\S02_Q2.wav,51ed89330912264dc439107b6e2aa9a2c26f0e66509b859fe37f951ef109c76e,45194fe,v0.3-evaluation
controlled,2026-07-27_0015_kokoro_check,f45947c6b1,B67ffe9,2026-07-26T23:17:11.489899+00:00,kokoro,rate,S01,Q4,0.6,-0.6,0.7,0.928,1.0,1.0,no,6.827,yes,fixed-text,"The train from the coast reaches the station after noon, and the passengers collect their bags before the doors open.",research\sessions\2026-07-27_0015_kokoro_check\audio\kokoro\rate\S01_Q4.wav,bb2b256927e176eac3ff418da8d6dc59f40699bb2c89d98b6e10c0398ec746c6,45194fe,v0.3-evaluation
controlled,2026-07-27_0015_kokoro_check,f53ced793e,B565c5b,2026-07-26T23:16:31.780142+00:00,kokoro,neutral,S05,Q1,0.6,0.6,0.7,1.0,1.0,1.0,no,5.461,yes,fixed-text,"He parked near the corner shop, bought a loaf of bread and a carton of milk, and walked home slowly.",research\sessions\2026-07-27_0015_kokoro_check\audio\kokoro\neutral\S05_Q1.wav,c8c6ba0e00a9d8197b83dfbd385ba2c7f90e628afbd5850b29e6b87b69b30734,45194fe,v0.3-evaluation
controlled,2026-07-27_0015_kokoro_check,f57ae608c7,B0961f7,2026-07-26T23:15:57.763027+00:00,kokoro,neutral,S03,Q2,-0.6,0.6,0.7,1.0,1.0,1.0,no,5.675,yes,fixed-text,"After the rain had stopped, the workers opened the gates and stacked the empty boxes along the far wall.",research\sessions\2026-07-27_0015_kokoro_check\audio\kokoro\neutral\S03_Q2.wav,d29a059f0f4b7f9b9bac7c08ad2c22d272b7c4eab678bc330411c4c6e083f685,45194fe,v0.3-evaluation
controlled,2026-07-27_0015_kokoro_check,f67bb612b1,B8f480a,2026-07-26T23:18:49.860471+00:00,kokoro,rate_volume,S01,Q3,-0.6,-0.6,0.7,0.832,0.71,1.0,no,7.424,yes,fixed-text,"The train from the coast reaches the station after noon, and the passengers collect their bags before the doors open.",research\sessions\2026-07-27_0015_kokoro_check\audio\kokoro\rate_volume\S01_Q3.wav,9ce40259bf3c35fbd4b4e81c4557acea4d6b6ebe6026261178188b2c1b1adc05,45194fe,v0.3-evaluation
controlled,2026-07-27_0015_kokoro_check,fcba6ba917,B665fc9,2026-07-26T23:15:52.367910+00:00,kokoro,neutral,S03,Q1,0.6,0.6,0.7,1.0,1.0,1.0,no,5.675,yes,fixed-text,"After the rain had stopped, the workers opened the gates and stacked the empty boxes along the far wall.",research\sessions\2026-07-27_0015_kokoro_check\audio\kokoro\neutral\S03_Q1.wav,d29a059f0f4b7f9b9bac7c08ad2c22d272b7c4eab678bc330411c4c6e083f685,45194fe,v0.3-evaluation
controlled,2026-07-30_0217_chatterbox_x2,0f1ce549cb,B2a6c0d,2026-07-30T01:27:04.081813+00:00,chatterbox,rate_volume_pitch,S03,Q1,0.6,0.6,0.7,1.168,0.89,1.2,no,4.08,yes,fixed-text,"After the rain had stopped, the workers opened the gates and stacked the empty boxes along the far wall.",research\sessions\2026-07-30_0217_chatterbox_x2\audio\chatterbox\rate_volume_pitch\S03_Q1.wav,7095706599fc0a6a3b50d63fbae3ab2073b2adc38ed07507afed0703d4ce54c5,5e7d99b,v0.4-naturalness2
controlled,2026-07-30_0217_chatterbox_x2,0fa812db5c,Ba383cd,2026-07-30T01:33:05.311777+00:00,chatterbox,rate_volume_pitch,S04,Q4,0.6,-0.6,0.7,0.928,0.65,1.042,no,4.36,yes,fixed-text,The report on the table covers the past three months and will be read by the committee later next week.,research\sessions\2026-07-30_0217_chatterbox_x2\audio\chatterbox\rate_volume_pitch\S04_Q4.wav,539657521c79fc1a8116fbcd77977e58fd2ff3c797de9ce98a9494432c28a29e,5e7d99b,v0.4-naturalness2
controlled,2026-07-30_0217_chatterbox_x2,21698370c1,B6d9a71,2026-07-30T01:22:34.552963+00:00,chatterbox,rate_volume_pitch,S01,Q4,0.6,-0.6,0.7,0.928,0.65,1.042,no,5.44,yes,fixed-text,"The train from the coast reaches the station after noon, and the passengers collect their bags before the doors open.",research\sessions\2026-07-30_0217_chatterbox_x2\audio\chatterbox\rate_volume_pitch\S01_Q4.wav,6bc689e42766bcc0aff7874578b2146319210c9c09f60fffa5aa004a4f8908ba,5e7d99b,v0.4-naturalness2
controlled,2026-07-30_0217_chatterbox_x2,2fe570a3ae,Bcf4f64,2026-07-30T01:30:27.452105+00:00,chatterbox,rate_volume_pitch,S04,Q1,0.6,0.6,0.7,1.168,0.89,1.2,no,3.76,yes,fixed-text,The report on the table covers the past three months and will be read by the committee later next week.,research\sessions\2026-07-30_0217_chatterbox_x2\audio\chatterbox\rate_volume_pitch\S04_Q1.wav,9082e087f40f882a2d08f4c815d456695bb2fcd4cf2d5741636f5f1570582888,5e7d99b,v0.4-naturalness2
controlled,2026-07-30_0217_chatterbox_x2,4d041e87ae,Bc65038,2026-07-30T01:23:58.940248+00:00,chatterbox,rate_volume_pitch,S02,Q2,-0.6,0.6,0.7,1.072,0.95,0.958,no,3.96,yes,fixed-text,"She placed the grey folder on the shelf, checked the list of names again, and returned to the meeting room.",research\sessions\2026-07-30_0217_chatterbox_x2\audio\chatterbox\rate_volume_pitch\S02_Q2.wav,750f6c12b37fe90ff01cee5a314700cfc1f79e5154b85f04de11afe624c492ab,5e7d99b,v0.4-naturalness2
controlled,2026-07-30_0217_chatterbox_x2,56c564e565,Bd72722,2026-07-30T01:23:18.505985+00:00,chatterbox,rate_volume_pitch,S02,Q1,0.6,0.6,0.7,1.168,0.89,1.2,no,4.08,yes,fixed-text,"She placed the grey folder on the shelf, checked the list of names again, and returned to the meeting room.",research\sessions\2026-07-30_0217_chatterbox_x2\audio\chatterbox\rate_volume_pitch\S02_Q1.wav,fe5b3b6673787a46a660a1753a2c4e22ea92f9c288541dd94a7a7a23b4fb20a0,5e7d99b,v0.4-naturalness2
controlled,2026-07-30_0217_chatterbox_x2,7734b62711,B11d995,2026-07-30T01:36:10.455858+00:00,chatterbox,rate_volume_pitch,S05,Q4,0.6,-0.6,0.7,0.928,0.65,1.042,no,4.36,yes,fixed-text,"He parked near the corner shop, bought a loaf of bread and a carton of milk, and walked home slowly.",research\sessions\2026-07-30_0217_chatterbox_x2\audio\chatterbox\rate_volume_pitch\S05_Q4.wav,426867d67d9f5942e111abae70d4f86d11569f6c815bfb36bb8c45290725ea2b,5e7d99b,v0.4-naturalness2
controlled,2026-07-30_0217_chatterbox_x2,82d2421790,B23dc09,2026-07-30T01:20:37.614230+00:00,chatterbox,rate_volume_pitch,S01,Q2,-0.6,0.6,0.7,1.072,0.95,0.958,no,4.52,yes,fixed-text,"The train from the coast reaches the station after noon, and the passengers collect their bags before the doors open.",research\sessions\2026-07-30_0217_chatterbox_x2\audio\chatterbox\rate_volume_pitch\S01_Q2.wav,4cfe3b59c42f8c6a82580de5aec12b706c365951e0a5c931bfddd4ba151a0a1c,5e7d99b,v0.4-naturalness2
controlled,2026-07-30_0217_chatterbox_x2,86137d9a2f,B8c34ee,2026-07-30T01:25:49.990556+00:00,chatterbox,rate_volume_pitch,S02,Q4,0.6,-0.6,0.7,0.928,0.65,1.042,no,4.16,yes,fixed-text,"She placed the grey folder on the shelf, checked the list of names again, and returned to the meeting room.",research\sessions\2026-07-30_0217_chatterbox_x2\audio\chatterbox\rate_volume_pitch\S02_Q4.wav,b9775013e204d836e8419d50104d1dde4a1ead87212b90ad54addd398f054388,5e7d99b,v0.4-naturalness2
controlled,2026-07-30_0217_chatterbox_x2,8be1567f72,B325681,2026-07-30T01:32:10.332623+00:00,chatterbox,rate_volume_pitch,S04,Q3,-0.6,-0.6,0.7,0.832,0.71,0.8,no,4.32,yes,fixed-text,The report on the table covers the past three months and will be read by the committee later next week.,research\sessions\2026-07-30_0217_chatterbox_x2\audio\chatterbox\rate_volume_pitch\S04_Q3.wav,8c3371e1192ac71900d506eff8dd84923312600c33e2570e995d1eada17b1d85,5e7d99b,v0.4-naturalness2
controlled,2026-07-30_0217_chatterbox_x2,9041f50b80,B20189a,2026-07-30T01:19:32.817275+00:00,chatterbox,rate_volume_pitch,S01,Q1,0.6,0.6,0.7,1.168,0.89,1.2,no,4.4,yes,fixed-text,"The train from the coast reaches the station after noon, and the passengers collect their bags before the doors open.",research\sessions\2026-07-30_0217_chatterbox_x2\audio\chatterbox\rate_volume_pitch\S01_Q1.wav,1c3b8a57156a7c9bd1076a077ae997408a51cc52394a644aa4be246ec4ffe826,5e7d99b,v0.4-naturalness2
controlled,2026-07-30_0217_chatterbox_x2,9151383744,Bb6728c,2026-07-30T01:33:58.624675+00:00,chatterbox,rate_volume_pitch,S05,Q1,0.6,0.6,0.7,1.168,0.89,1.2,no,4.76,yes,fixed-text,"He parked near the corner shop, bought a loaf of bread and a carton of milk, and walked home slowly.",research\sessions\2026-07-30_0217_chatterbox_x2\audio\chatterbox\rate_volume_pitch\S05_Q1.wav,7842bd0ab4b9b91317f775df739fd04b02406e39fe4dfa56c11b7acb2bdb2b74,5e7d99b,v0.4-naturalness2
controlled,2026-07-30_0217_chatterbox_x2,962d670285,B880245,2026-07-30T01:21:35.882316+00:00,chatterbox,rate_volume_pitch,S01,Q3,-0.6,-0.6,0.7,0.832,0.71,0.8,no,5.2,yes,fixed-text,"The train from the coast reaches the station after noon, and the passengers collect their bags before the doors open.",research\sessions\2026-07-30_0217_chatterbox_x2\audio\chatterbox\rate_volume_pitch\S01_Q3.wav,5900cec8a57bf1f3c85239e1e15bdf3f878105873b66f360e1eaf2918597cffe,5e7d99b,v0.4-naturalness2
controlled,2026-07-30_0217_chatterbox_x2,a25353419b,Ba55525,2026-07-30T01:24:44.712714+00:00,chatterbox,rate_volume_pitch,S02,Q3,-0.6,-0.6,0.7,0.832,0.71,0.8,no,4.52,yes,fixed-text,"She placed the grey folder on the shelf, checked the list of names again, and returned to the meeting room.",research\sessions\2026-07-30_0217_chatterbox_x2\audio\chatterbox\rate_volume_pitch\S02_Q3.wav,c387cc100afcd69e5a88cc7094bb98592521bf9cc429dccb7e2d85508f3c82f5,5e7d99b,v0.4-naturalness2
controlled,2026-07-30_0217_chatterbox_x2,a7944cc9b8,B72f78c,2026-07-30T01:27:46.223105+00:00,chatterbox,rate_volume_pitch,S03,Q2,-0.6,0.6,0.7,1.072,0.95,0.958,no,3.96,yes,fixed-text,"After the rain had stopped, the workers opened the gates and stacked the empty boxes along the far wall.",research\sessions\2026-07-30_0217_chatterbox_x2\audio\chatterbox\rate_volume_pitch\S03_Q2.wav,57335db3729aa8940d0665ee69093221238974dc4e3b55a1a03e44b5f19c3ba2,5e7d99b,v0.4-naturalness2
controlled,2026-07-30_0217_chatterbox_x2,bf290b5081,B9c37c0,2026-07-30T01:35:27.603432+00:00,chatterbox,rate_volume_pitch,S05,Q3,-0.6,-0.6,0.7,0.832,0.71,0.8,no,4.72,yes,fixed-text,"He parked near the corner shop, bought a loaf of bread and a carton of milk, and walked home slowly.",research\sessions\2026-07-30_0217_chatterbox_x2\audio\chatterbox\rate_volume_pitch\S05_Q3.wav,bd813e01be67ca55142ec792c1b3f3d7ad9e754ee6e0b844e91d5cf0c389263b,5e7d99b,v0.4-naturalness2
controlled,2026-07-30_0217_chatterbox_x2,d2c89429c1,B96fb04,2026-07-30T01:29:47.312455+00:00,chatterbox,rate_volume_pitch,S03,Q4,0.6,-0.6,0.7,0.928,0.65,1.042,no,4.48,yes,fixed-text,"After the rain had stopped, the workers opened the gates and stacked the empty boxes along the far wall.",research\sessions\2026-07-30_0217_chatterbox_x2\audio\chatterbox\rate_volume_pitch\S03_Q4.wav,01cea19b4776df64ad58f600912360c9ae43278e33cd4b2bdf742b1148e24293,5e7d99b,v0.4-naturalness2
controlled,2026-07-30_0217_chatterbox_x2,e0c70e1c13,Be1168b,2026-07-30T01:28:39.727762+00:00,chatterbox,rate_volume_pitch,S03,Q3,-0.6,-0.6,0.7,0.832,0.71,0.8,no,4.52,yes,fixed-text,"After the rain had stopped, the workers opened the gates and stacked the empty boxes along the far wall.",research\sessions\2026-07-30_0217_chatterbox_x2\audio\chatterbox\rate_volume_pitch\S03_Q3.wav,16582406ba8dab7d27af3aa3a0b364b9f0456c9c6ac361dca9d07e7e18c7899d,5e7d99b,v0.4-naturalness2
controlled,2026-07-30_0217_chatterbox_x2,e32ceed720,B3111d9,2026-07-30T01:31:11.067957+00:00,chatterbox,rate_volume_pitch,S04,Q2,-0.6,0.6,0.7,1.072,0.95,0.958,no,3.4,yes,fixed-text,The report on the table covers the past three months and will be read by the committee later next week.,research\sessions\2026-07-30_0217_chatterbox_x2\audio\chatterbox\rate_volume_pitch\S04_Q2.wav,a075acfa62e1d4f3fd82ed2b0b5c4d1b778771d4cce7f4acc90eaabf7632d5fa,5e7d99b,v0.4-naturalness2
controlled,2026-07-30_0217_chatterbox_x2,f8e7843b79,Bd0199e,2026-07-30T01:34:42.455942+00:00,chatterbox,rate_volume_pitch,S05,Q2,-0.6,0.6,0.7,1.072,0.95,0.958,no,4.52,yes,fixed-text,"He parked near the corner shop, bought a loaf of bread and a carton of milk, and walked home slowly.",research\sessions\2026-07-30_0217_chatterbox_x2\audio\chatterbox\rate_volume_pitch\S05_Q2.wav,dfcc0b2e1efc97feeb815832233b1a655c81648229d32a417d20b74f23e058ad,5e7d99b,v0.4-naturalness2
controlled,2026-08-09_1911_chatterbox_x2_refs,0f1ce549cb,B2a6c0d,2026-08-09T18:26:20.630322+00:00,chatterbox,rate_volume_pitch,S03,Q1,0.6,0.6,0.7,1.168,0.89,1.2,no,4.8,yes,fixed-text,"After the rain had stopped, the workers opened the gates and stacked the empty boxes along the far wall.",research\sessions\2026-08-09_1911_chatterbox_x2_refs\audio\chatterbox\rate_volume_pitch\S03_Q1.wav,6039f2bffb176aab28943b261480b6462c91f14e75d20efcb3f4ccabf198563b,55383b5,v0.4-naturalness2
controlled,2026-08-09_1911_chatterbox_x2_refs,0fa812db5c,Ba383cd,2026-08-09T18:33:14.969699+00:00,chatterbox,rate_volume_pitch,S04,Q4,0.6,-0.6,0.7,0.928,0.65,1.042,no,5.02,yes,fixed-text,The report on the table covers the past three months and will be read by the committee later next week.,research\sessions\2026-08-09_1911_chatterbox_x2_refs\audio\chatterbox\rate_volume_pitch\S04_Q4.wav,7ba129bf974198dddeca2ed610d7cc5b376d5575c52ab788274146c7f52a5526,55383b5,v0.4-naturalness2
controlled,2026-08-09_1911_chatterbox_x2_refs,21698370c1,B6d9a71,2026-08-09T18:20:43.100317+00:00,chatterbox,rate_volume_pitch,S01,Q4,0.6,-0.6,0.7,0.928,0.65,1.042,no,5.58,yes,fixed-text,"The train from the coast reaches the station after noon, and the passengers collect their bags before the doors open.",research\sessions\2026-08-09_1911_chatterbox_x2_refs\audio\chatterbox\rate_volume_pitch\S01_Q4.wav,40acfefcdd71ca97304ca553cf2c00bdce0c26970a71e89d2416e59282869315,55383b5,v0.4-naturalness2
controlled,2026-08-09_1911_chatterbox_x2_refs,2fe570a3ae,Bcf4f64,2026-08-09T18:30:20.475180+00:00,chatterbox,rate_volume_pitch,S04,Q1,0.6,0.6,0.7,1.168,0.89,1.2,no,4.32,yes,fixed-text,The report on the table covers the past three months and will be read by the committee later next week.,research\sessions\2026-08-09_1911_chatterbox_x2_refs\audio\chatterbox\rate_volume_pitch\S04_Q1.wav,43b78d661a947c6a4def9a3d059eee8375efa41482f3d07eb727ae11de68124a,55383b5,v0.4-naturalness2
controlled,2026-08-09_1911_chatterbox_x2_refs,4d041e87ae,Bc65038,2026-08-09T18:22:47.686730+00:00,chatterbox,rate_volume_pitch,S02,Q2,-0.6,0.6,0.7,1.072,0.95,0.958,no,4.32,yes,fixed-text,"She placed the grey folder on the shelf, checked the list of names again, and returned to the meeting room.",research\sessions\2026-08-09_1911_chatterbox_x2_refs\audio\chatterbox\rate_volume_pitch\S02_Q2.wav,fb9bd2aa34afaf7a17ce7ba9ffd310c83534462d5acb2620f9440fdfdaf8282e,55383b5,v0.4-naturalness2
controlled,2026-08-09_1911_chatterbox_x2_refs,56c564e565,Bd72722,2026-08-09T18:21:45.047754+00:00,chatterbox,rate_volume_pitch,S02,Q1,0.6,0.6,0.7,1.168,0.89,1.2,no,4.84,yes,fixed-text,"She placed the grey folder on the shelf, checked the list of names again, and returned to the meeting room.",research\sessions\2026-08-09_1911_chatterbox_x2_refs\audio\chatterbox\rate_volume_pitch\S02_Q1.wav,dfad42f69f2d26b817647bde69c6817ac343eb00a56455b258461e5ee501386a,55383b5,v0.4-naturalness2
controlled,2026-08-09_1911_chatterbox_x2_refs,7734b62711,B11d995,2026-08-09T18:37:23.278061+00:00,chatterbox,rate_volume_pitch,S05,Q4,0.6,-0.6,0.7,0.928,0.65,1.042,no,5.1,yes,fixed-text,"He parked near the corner shop, bought a loaf of bread and a carton of milk, and walked home slowly.",research\sessions\2026-08-09_1911_chatterbox_x2_refs\audio\chatterbox\rate_volume_pitch\S05_Q4.wav,d0ae68121df0948020b225804f5892eb54f7aedb6d8393c34f1e86ca4184cdc2,55383b5,v0.4-naturalness2
controlled,2026-08-09_1911_chatterbox_x2_refs,82d2421790,B23dc09,2026-08-09T18:18:23.820168+00:00,chatterbox,rate_volume_pitch,S01,Q2,-0.6,0.6,0.7,1.072,0.95,0.958,no,5.12,yes,fixed-text,"The train from the coast reaches the station after noon, and the passengers collect their bags before the doors open.",research\sessions\2026-08-09_1911_chatterbox_x2_refs\audio\chatterbox\rate_volume_pitch\S01_Q2.wav,6a739c686196d7f0198013a01e2b54018d1909a94b0193035dbac1fe949a9e6e,55383b5,v0.4-naturalness2
controlled,2026-08-09_1911_chatterbox_x2_refs,86137d9a2f,B8c34ee,2026-08-09T18:25:20.659484+00:00,chatterbox,rate_volume_pitch,S02,Q4,0.6,-0.6,0.7,0.928,0.65,1.042,no,5.14,yes,fixed-text,"She placed the grey folder on the shelf, checked the list of names again, and returned to the meeting room.",research\sessions\2026-08-09_1911_chatterbox_x2_refs\audio\chatterbox\rate_volume_pitch\S02_Q4.wav,0cda9eda413efd11d8dffa0b4ac7413a31a5f1d5a9a813604e1637323b435cc4,55383b5,v0.4-naturalness2
controlled,2026-08-09_1911_chatterbox_x2_refs,8be1567f72,B325681,2026-08-09T18:32:13.848550+00:00,chatterbox,rate_volume_pitch,S04,Q3,-0.6,-0.6,0.7,0.832,0.71,0.8,no,4.98,yes,fixed-text,The report on the table covers the past three months and will be read by the committee later next week.,research\sessions\2026-08-09_1911_chatterbox_x2_refs\audio\chatterbox\rate_volume_pitch\S04_Q3.wav,d60370ba027d8dceb5de5bebd30f64463ef2a2059071357f8b1440b8bd82e015,55383b5,v0.4-naturalness2
controlled,2026-08-09_1911_chatterbox_x2_refs,9041f50b80,B20189a,2026-08-09T18:17:14.112893+00:00,chatterbox,rate_volume_pitch,S01,Q1,0.6,0.6,0.7,1.168,0.89,1.2,no,5.44,yes,fixed-text,"The train from the coast reaches the station after noon, and the passengers collect their bags before the doors open.",research\sessions\2026-08-09_1911_chatterbox_x2_refs\audio\chatterbox\rate_volume_pitch\S01_Q1.wav,7cd9b8668b3f436d548a9f38aaeb244e70e100d4e5a6c88a1be9b6c5e0c98aff,55383b5,v0.4-naturalness2
controlled,2026-08-09_1911_chatterbox_x2_refs,9151383744,Bb6728c,2026-08-09T18:34:16.267826+00:00,chatterbox,rate_volume_pitch,S05,Q1,0.6,0.6,0.7,1.168,0.89,1.2,no,4.84,yes,fixed-text,"He parked near the corner shop, bought a loaf of bread and a carton of milk, and walked home slowly.",research\sessions\2026-08-09_1911_chatterbox_x2_refs\audio\chatterbox\rate_volume_pitch\S05_Q1.wav,4d17e9175c9f3f639842e7cce1a04d4d6968f9802e25e4dfaa6a93cc89404a18,55383b5,v0.4-naturalness2
controlled,2026-08-09_1911_chatterbox_x2_refs,962d670285,B880245,2026-08-09T18:19:38.873519+00:00,chatterbox,rate_volume_pitch,S01,Q3,-0.6,-0.6,0.7,0.832,0.71,0.8,no,6.02,yes,fixed-text,"The train from the coast reaches the station after noon, and the passengers collect their bags before the doors open.",research\sessions\2026-08-09_1911_chatterbox_x2_refs\audio\chatterbox\rate_volume_pitch\S01_Q3.wav,bd63c6c5b948295763c3ddec0c2091a7f6002fda65359b8d81c3f1077add9429,55383b5,v0.4-naturalness2
controlled,2026-08-09_1911_chatterbox_x2_refs,a25353419b,Ba55525,2026-08-09T18:24:12.658051+00:00,chatterbox,rate_volume_pitch,S02,Q3,-0.6,-0.6,0.7,0.832,0.71,0.8,no,5.54,yes,fixed-text,"She placed the grey folder on the shelf, checked the list of names again, and returned to the meeting room.",research\sessions\2026-08-09_1911_chatterbox_x2_refs\audio\chatterbox\rate_volume_pitch\S02_Q3.wav,8aefe91045d30769306e9e1e8ee0f8b5109f3d4639e71735007ad8916fe48ba3,55383b5,v0.4-naturalness2
controlled,2026-08-09_1911_chatterbox_x2_refs,a7944cc9b8,B72f78c,2026-08-09T18:27:14.365250+00:00,chatterbox,rate_volume_pitch,S03,Q2,-0.6,0.6,0.7,1.072,0.95,0.958,no,4.68,yes,fixed-text,"After the rain had stopped, the workers opened the gates and stacked the empty boxes along the far wall.",research\sessions\2026-08-09_1911_chatterbox_x2_refs\audio\chatterbox\rate_volume_pitch\S03_Q2.wav,d1f2771b132c9985bfabb783c63d0a8f446829bc4c58be4fedb844453fa8bcf4,55383b5,v0.4-naturalness2
controlled,2026-08-09_1911_chatterbox_x2_refs,bf290b5081,B9c37c0,2026-08-09T18:36:14.163034+00:00,chatterbox,rate_volume_pitch,S05,Q3,-0.6,-0.6,0.7,0.832,0.71,0.8,no,5.42,yes,fixed-text,"He parked near the corner shop, bought a loaf of bread and a carton of milk, and walked home slowly.",research\sessions\2026-08-09_1911_chatterbox_x2_refs\audio\chatterbox\rate_volume_pitch\S05_Q3.wav,49a82b1799a977e6ffae7f0a8d96052b5f1b61978290c480797697919b424694,55383b5,v0.4-naturalness2
controlled,2026-08-09_1911_chatterbox_x2_refs,d2c89429c1,B96fb04,2026-08-09T18:29:27.236576+00:00,chatterbox,rate_volume_pitch,S03,Q4,0.6,-0.6,0.7,0.928,0.65,1.042,no,5.22,yes,fixed-text,"After the rain had stopped, the workers opened the gates and stacked the empty boxes along the far wall.",research\sessions\2026-08-09_1911_chatterbox_x2_refs\audio\chatterbox\rate_volume_pitch\S03_Q4.wav,9b24bbfc65d4527f887a942c2a5b8bf0bfc405091bceba1169556e61e70822bf,55383b5,v0.4-naturalness2
controlled,2026-08-09_1911_chatterbox_x2_refs,e0c70e1c13,Be1168b,2026-08-09T18:28:19.447553+00:00,chatterbox,rate_volume_pitch,S03,Q3,-0.6,-0.6,0.7,0.832,0.71,0.8,no,5.14,yes,fixed-text,"After the rain had stopped, the workers opened the gates and stacked the empty boxes along the far wall.",research\sessions\2026-08-09_1911_chatterbox_x2_refs\audio\chatterbox\rate_volume_pitch\S03_Q3.wav,075bfae10d008fc09e040e056f15933237ec9f04920a556396be987123cc5c09,55383b5,v0.4-naturalness2
controlled,2026-08-09_1911_chatterbox_x2_refs,e32ceed720,B3111d9,2026-08-09T18:31:13.885048+00:00,chatterbox,rate_volume_pitch,S04,Q2,-0.6,0.6,0.7,1.072,0.95,0.958,no,4.4,yes,fixed-text,The report on the table covers the past three months and will be read by the committee later next week.,research\sessions\2026-08-09_1911_chatterbox_x2_refs\audio\chatterbox\rate_volume_pitch\S04_Q2.wav,b17b53a83f4d7399a8b686a29a637fb21628500bcb7f8bbae4f05e3b8084e6cc,55383b5,v0.4-naturalness2
controlled,2026-08-09_1911_chatterbox_x2_refs,f8e7843b79,Bd0199e,2026-08-09T18:34:59.986454+00:00,chatterbox,rate_volume_pitch,S05,Q2,-0.6,0.6,0.7,1.072,0.95,0.958,no,4.32,yes,fixed-text,"He parked near the corner shop, bought a loaf of bread and a carton of milk, and walked home slowly.",research\sessions\2026-08-09_1911_chatterbox_x2_refs\audio\chatterbox\rate_volume_pitch\S05_Q2.wav,70058f4f922ea9a855dea8c7d662f36f2b2cd7d308a22580f38fb89568eefe5d,55383b5,v0.4-naturalness2
